client_id,gender,region,city_type,income_group,employment_type,digital_adoption_level,registration_month_offset,age_base,customer_segment,salary_project_flag,estimated_monthly_income,snapshot_date,client_tenure_days,client_age,active_products_count,closed_products_count,product_diversity_score,has_debit_card,has_credit_card,has_deposit,has_loan,has_mobile_app,has_savings_account,days_since_last_product_open,days_since_last_product_close,txn_count_30d,txn_count_60d,txn_count_90d,txn_count_180d,txn_sum_30d,txn_sum_60d,txn_sum_90d,txn_sum_180d,txn_avg_amount_30d,txn_avg_amount_90d,txn_max_amount_90d,successful_txn_rate_90d,failed_txn_count_90d,active_txn_days_30d,active_txn_days_90d,days_since_last_txn,cash_withdrawal_count_90d,card_purchase_count_90d,p2p_transfer_count_90d,utility_payment_count_90d,mobile_txn_share_90d,atm_txn_share_90d,branch_txn_share_90d,txn_count_prev30,txn_count_last30,txn_count_change_30d,txn_count_change_pct_30d,txn_sum_prev30,txn_sum_last30,txn_sum_change_30d,txn_sum_change_pct_30d,app_login_count_30d,app_login_count_60d,app_login_count_90d,app_events_count_30d,app_events_count_90d,unique_app_event_types_90d,active_app_days_90d,days_since_last_app_login,days_since_last_app_event,transfer_created_count_90d,payment_created_count_90d,balance_view_count_90d,support_chat_opened_count_90d,loan_offer_view_count_90d,app_login_prev30,app_login_last30,app_login_change_30d,app_login_change_pct_30d,tickets_count_30d,tickets_count_90d,complaints_count_90d,critical_tickets_count_90d,open_tickets_count,escalated_tickets_count_90d,avg_satisfaction_score_90d,min_satisfaction_score_90d,days_since_last_ticket,days_since_last_complaint,marketing_contacts_30d,marketing_contacts_90d,retention_contacts_90d,campaign_open_rate_90d,campaign_click_rate_90d,push_contacts_90d,sms_contacts_90d,email_contacts_90d,call_contacts_90d,days_since_last_marketing_contact,estimated_revenue_3m,estimated_revenue_6m,estimated_cost_3m,net_value_3m,avg_balance_3m,avg_balance_6m,value_segment,target_churn_60d,future_txn_count_60d,future_app_login_count_60d,future_product_open_count_60d,activity_segment,complaint_segment,digital_segment
2145,M,Astana,small_city,high,employee,low,32,31,affluent,1,736415.8555020891,2024-01-01,960,31,3,0,3,1,1,0,0,0,1,662,,7,20,35,61,224871.06601286185,474134.0662644849,646462.6220567196,1498145.7981662068,32124.438001837407,18470.36063019199,53826.26049849206,0.9754763362177548,0,7,11,24,5,15,7,3,0.5539532181845598,0.3939764510776865,0.0520703307377536,10,7,-3,-0.3,234629.31131514627,224871.06601286185,-9758.245302284427,-0.0415900521873734,0,3,6,4,15,7,15,61,52,1,1,5,1,0,3,0,-3,-1.0,0,1,0,0,0,0,4.083771870063272,3.0,86.0,,0,0,0,,,0,0,0,0,,18278.781923555507,37174.09181544487,4764.104386748464,13514.677536807045,1994226.4499892152,1887816.192235912,medium_value,0,8,0,0,activity_drop,no_recent_complaints,low_digital_engagement
2296,M,Almaty,rural,medium,entrepreneur,medium,31,19,sme_owner,0,197384.01694432303,2024-01-01,930,19,5,0,4,1,0,0,1,1,0,512,,10,17,25,57,60925.35240362647,130088.43778507896,146692.04317869138,415290.1090713738,6092.535240362648,5867.681727147656,11862.43973641737,0.9937339209087264,0,10,25,12,3,6,5,2,0.6007168599749158,0.2525968713568299,0.1466862686682542,11,10,-1,-0.0909090909090909,69805.76434850514,60925.35240362647,-8880.411944878666,-0.1272160261800619,1,6,7,9,19,6,15,24,13,2,2,5,0,1,1,1,0,0.0,0,0,0,0,0,0,,,,,0,1,0,0.1037404399272727,0.0489164826181565,1,0,0,0,34.0,9211.087406009525,20099.759311706897,5767.052397240451,3444.035008769072,109405.81305791288,95200.76863048998,low_value,0,11,4,0,transaction_active,no_recent_complaints,medium_digital_engagement
1834,M,Shymkent,rural,medium,employee,low,71,30,mass,1,331803.07617840124,2024-01-01,2130,30,2,2,1,0,0,0,0,0,1,833,509.0,9,16,23,44,116913.18534461816,211046.4988841212,217090.96086782767,576485.359651669,12990.353927179794,9438.737429035986,33885.004209884144,0.9858351183861368,1,9,23,40,3,5,5,2,0.5501835471943297,0.3808604536947129,0.0689559991109575,14,9,-5,-0.3571428571428571,177177.94530099176,116913.18534461816,-60264.759956373615,-0.34013691633005,1,3,4,3,12,1,12,38,49,1,2,4,0,1,3,1,-2,-0.6666666666666666,1,1,0,0,0,0,3.328883918627757,2.0,29.0,,0,2,1,0.3742883760983286,0.1526646879811457,1,0,1,0,20.0,8709.885792227842,17401.0464351344,3591.857831481629,5118.027960746213,1167647.105569051,1057827.3203735542,medium_value,0,11,1,0,activity_drop,no_recent_complaints,low_digital_engagement
1356,M,Almaty,medium_city,low,employee,medium,19,40,mass,0,75610.2975314457,2024-01-01,570,40,0,0,0,1,0,0,1,1,0,52,,5,12,14,24,16751.815851035764,33679.46754166532,40322.77513654512,123919.45643750396,3350.363170207153,2880.198224038937,5376.043567819562,0.928578062581842,0,5,14,68,1,7,2,2,0.6279759180911606,0.2098745017562497,0.1621495801525897,7,5,-2,-0.2857142857142857,26810.57671275974,16751.815851035764,-10058.760861723977,-0.3751788322008303,6,9,13,17,32,8,20,21,65,4,4,4,1,2,8,6,-2,-0.25,0,0,0,0,0,0,,,,,0,1,0,0.1314553161504136,0.0467007562477597,0,0,0,0,19.0,203.3748966796481,467.2598367185795,2288.929666858745,-2085.5547701790965,386025.8844287787,414496.4020889342,low_value,0,5,9,0,moderate_activity,no_recent_complaints,medium_digital_engagement
811,M,South_KZ,medium_city,high,employee,medium,68,43,affluent,0,473528.60727199423,2024-01-01,2040,43,2,0,2,0,0,0,0,1,0,126,,8,12,13,33,383420.4055356968,420378.7188056059,537860.9751988926,1279354.3646359823,47927.5506919621,41373.92116914559,51878.77040013126,0.977181353795536,0,8,13,61,2,6,3,1,0.8178447441867066,0.0509974196160818,0.1311578361972115,9,8,-1,-0.1111111111111111,320311.08923964173,383420.4055356968,63109.3162960551,0.1970250747355164,7,12,14,17,22,8,22,28,9,2,2,4,0,1,9,7,-2,-0.2222222222222222,0,0,0,0,0,0,,,,,0,0,0,,,0,0,0,0,,9752.590810859483,17744.98140516537,3991.1802592724007,5761.410551587084,685708.0674700738,587300.363302344,medium_value,0,8,4,0,moderate_activity,no_recent_complaints,medium_digital_engagement
2248,F,Karaganda,large_city,high,entrepreneur,medium,30,55,affluent,0,574188.047502215,2024-01-01,900,55,4,0,1,1,0,1,1,1,0,562,,5,13,21,42,149093.31570757306,416405.4033881087,722741.0236686567,1581708.841417203,29818.66314151461,34416.23922231699,91744.19549757698,0.9471948778989564,5,5,21,2,3,5,2,3,0.6075049675975578,0.1046930292222739,0.2878020031801682,7,5,-2,-0.2857142857142857,232634.7657053281,149093.31570757306,-83541.44999775503,-0.3591099109561923,5,8,10,16,24,2,14,4,46,4,3,10,1,1,6,5,-1,-0.1666666666666666,0,0,0,0,0,0,,,,,1,1,0,0.428246720583788,0.1753057051386418,0,1,1,0,77.0,15876.629139471845,34083.32712539508,3551.6825112721654,12324.94662819968,1924423.7643139623,1650147.046163445,medium_value,0,11,2,0,transaction_active,no_recent_complaints,medium_digital_engagement
1289,M,Astana,large_city,medium,employee,low,49,49,mass,0,537154.2616269069,2024-01-01,1470,49,3,2,1,0,0,0,0,0,1,330,298.0,1,8,12,32,15984.032870952524,203802.1449233001,289327.82744764426,798614.4781118628,15984.032870952524,24110.65228730369,44635.54636947939,0.9572526229892256,0,1,12,20,2,2,2,2,0.3497320710966352,0.6135423161369685,0.0367256127663963,6,1,-5,-0.8333333333333334,107640.14754057876,15984.032870952524,-91656.11466962624,-0.8515049148838562,0,0,0,0,0,1,0,230,187,0,0,0,0,0,6,0,-6,-1.0,0,1,0,0,0,0,3.740515832990521,3.0,24.0,,0,0,0,,,0,0,0,0,,12525.985503582984,24157.0406043743,3659.0373373443217,8866.948166238662,844619.2393604062,880357.3457252325,medium_value,1,0,0,0,activity_drop,no_recent_complaints,low_digital_engagement
663,M,Almaty,medium_city,low,unemployed,high,49,61,mass,0,156772.7464252187,2024-01-01,1470,61,2,1,2,1,0,0,0,1,0,828,359.0,7,12,17,32,45443.01476087006,88347.20534319253,111152.50075367128,240062.7417424216,6491.859251552865,6538.382397274781,23182.00194660302,0.9819747850159954,0,4,11,59,1,4,2,2,0.483065105246339,0.3561988503450225,0.1607360444086384,12,7,-5,-0.4166666666666667,81611.23287685555,45443.01476087006,-36168.21811598549,-0.4431769603402545,4,7,11,16,44,2,26,57,67,2,3,11,2,3,6,4,-2,-0.3333333333333333,0,1,0,0,0,0,3.0392879901274217,2.0,88.0,,1,4,1,0.2084586153772983,0.0822843747077045,2,0,0,1,49.0,5971.756684993457,11488.203494246138,2948.937431034695,3022.8192539587626,54671.7863723663,51260.870860343,low_value,0,4,2,0,transaction_active,no_recent_complaints,medium_digital_engagement
508,F,Almaty,large_city,high,employee,medium,33,41,affluent,1,648914.0656545828,2024-01-01,990,41,6,2,4,1,1,0,1,1,1,193,881.0,10,25,34,63,159457.96292267725,513750.73239887913,689602.7755586572,1053130.93868254,15945.796292267723,20282.434575254625,38259.39898555935,0.9256952704596126,0,10,34,47,6,17,8,5,0.2719701938733563,0.4708193301598441,0.2572104759667994,13,10,-3,-0.2307692307692307,165843.75778328747,159457.96292267725,-6385.794860610215,-0.0385048852363482,5,9,14,8,36,5,5,29,64,3,2,4,1,2,7,5,-2,-0.2857142857142857,0,2,1,0,0,0,2.220844649143704,1.0,85.0,13.0,2,3,1,0.2991978884777588,0.1425737625844439,2,0,1,0,5.0,20769.713417782223,41288.56879925035,6672.208555402503,14097.504862379725,1737395.8671341343,1937560.679441276,medium_value,0,21,5,0,transaction_active,complaint_risk,medium_digital_engagement
319,M,Shymkent,large_city,premium,unemployed,medium,30,50,premium,0,1352087.7038520952,2024-01-01,900,50,5,1,5,1,0,0,0,1,0,321,509.0,10,21,27,55,665913.0163425123,1734638.0962878542,1795716.679230909,3881797.5811100057,66591.30163425123,66508.02515670034,192623.81214347773,1.0,0,10,27,53,5,10,5,3,0.9318200228829646,0.0639498831397615,0.0042300939772739,10,10,0,0.0,805360.6603666863,665913.0163425123,-139447.64402417396,-0.1731493117141859,5,10,14,10,24,1,24,1,53,4,1,10,0,1,7,5,-2,-0.2857142857142857,0,1,1,0,0,0,3.6133706441966313,3.0,40.0,28.0,1,1,0,0.1196639219562631,0.0139391479596492,0,0,1,0,21.0,32282.660050608032,60749.58717770809,4629.006702528577,27653.653348079453,2394262.417499696,2503853.7512920657,high_value,0,14,7,0,transaction_active,complaint_risk,medium_digital_engagement
2019,F,Atyrau,large_city,medium,self_employed,low,71,44,mass,0,412920.7074952388,2024-01-01,2130,44,1,2,1,1,0,0,0,0,0,700,663.0,6,10,15,27,76306.49028546986,102672.98329231646,141855.26457601364,264126.39550627826,12717.748380911644,9457.017638400908,15138.715532266457,0.8928099305075669,2,6,15,65,1,5,4,1,0.7460375421918083,0.1022129583115785,0.1517494994966132,8,6,-2,-0.25,69522.78119640192,76306.49028546986,6783.709089067939,0.0975753410943666,0,3,4,2,12,2,12,58,48,2,2,4,0,0,2,0,-2,-1.0,0,1,0,0,1,0,4.126933028037159,4.0,4.0,,2,2,1,0.3049431492049433,0.0690810955481916,1,1,0,0,23.0,10005.04061002266,17998.834617178927,3378.1006829270177,6626.939927095644,812925.4126717147,871931.0289823096,medium_value,1,0,0,0,activity_drop,no_recent_complaints,low_digital_engagement
219,F,Almaty,large_city,high,employee,medium,79,19,affluent,0,1050920.147270744,2024-01-01,2370,19,4,2,4,1,1,0,0,1,0,782,623.0,8,15,17,36,345113.4363049419,573771.0108926558,469413.9313524892,1481844.4300654572,43139.179538117736,27612.584197205244,40526.626512811,0.9750828755749356,0,8,17,9,2,6,4,1,0.5805607216899757,0.0971699164839846,0.3222693618260395,10,8,-2,-0.2,353677.7911560557,345113.4363049419,-8564.354851113807,-0.0242151332802655,2,6,8,6,24,1,13,11,31,2,2,8,1,1,4,2,-2,-0.5,0,0,0,0,0,0,,,,,0,2,2,0.3847616806374079,0.0726761856786859,1,1,1,1,36.0,24106.904473203187,48591.06699077213,5352.034880128564,18754.869593074625,3118084.740669644,3354498.765398966,high_value,0,9,3,0,transaction_active,no_recent_complaints,medium_digital_engagement
2096,M,North_KZ,large_city,medium,employee,medium,39,74,mass,0,298338.14520662744,2024-01-01,1170,74,0,1,0,1,1,0,0,1,0,62,409.0,0,4,8,21,0.0,30112.783180926363,75352.90888786691,269542.69909655885,0.0,9419.113610983364,34562.14782072497,0.942637384255942,2,0,7,5,1,2,1,1,0.666619076477972,0.3205163011871556,0.0128646223348722,3,0,-3,-1.0,35877.13614666334,0.0,-35877.13614666334,-1.0,3,7,9,7,22,3,22,15,67,4,4,4,0,1,5,3,-2,-0.4,0,0,0,0,0,0,,,,,1,2,2,0.0396069995201535,0.0163990639228083,2,0,0,0,55.0,6557.98585639504,11681.859018479769,2156.367614062335,4401.6182423327045,802741.4193436623,894972.8593006189,low_value,0,0,3,0,activity_drop,no_recent_complaints,medium_digital_engagement
49,F,Astana,large_city,low,unemployed,low,75,37,mass,0,120524.18382246804,2024-01-01,2250,37,1,0,1,1,0,0,0,0,0,258,,4,6,9,16,27510.2849462135,27678.69780269737,49441.65250459983,91662.1978587219,6877.571236553375,5493.516944955536,8225.24948893886,0.9664065057236602,2,4,9,45,1,2,2,1,0.6761446539632188,0.2356356521613327,0.0882196938754483,7,4,-3,-0.4285714285714285,43302.60949455766,27510.2849462135,-15792.324548344164,-0.3646968331164653,3,4,5,4,10,3,10,20,25,2,1,4,0,1,4,3,-1,-0.25,0,0,0,0,0,0,,,,,0,0,0,,,0,0,0,0,,2686.925796437345,5645.906852192465,3242.790596205953,-555.864799768608,478319.6318179153,416492.320321566,low_value,0,2,2,0,moderate_activity,no_recent_complaints,low_digital_engagement
669,M,Almaty,medium_city,low,employee,medium,19,54,mass,1,168830.48312857313,2024-01-01,570,54,2,0,2,1,0,0,0,1,1,727,,10,15,22,49,90931.42363951469,115730.50083977995,185037.83106879384,431280.03386046406,9093.142363951469,8410.810503126993,27399.7438221954,0.9844219261882696,1,10,22,61,4,10,4,3,0.7876180419607235,0.0900794358198204,0.1223025222194561,17,10,-7,-0.4117647058823529,144443.13706151192,90931.42363951469,-53511.71342199725,-0.3704690614633285,2,5,10,10,26,8,4,6,1,4,3,7,1,1,7,2,-5,-0.7142857142857143,0,1,1,0,0,0,4.823317823130082,4.0,14.0,17.0,1,1,0,0.5612383931828433,0.0459488936195429,0,0,0,0,24.0,6732.814008359072,14151.417153414024,2547.701368924309,4185.112639434764,294601.6765187332,325445.9965051192,low_value,0,10,1,0,activity_drop,complaint_risk,medium_digital_engagement
2138,F,Aktobe,large_city,high,entrepreneur,medium,36,42,affluent,0,780263.1747363383,2024-01-01,1080,42,4,1,2,1,0,0,1,1,0,207,351.0,9,17,27,43,253459.00529876017,556116.4789461487,1050523.0254694172,1477911.8442547629,28162.11169986224,38908.26020257101,66858.87484185475,0.988698037724499,1,9,27,21,4,10,3,2,0.7584773755506088,0.1445828646179279,0.0969397598314633,11,9,-2,-0.1818181818181818,388152.9046655567,253459.00529876017,-134693.8993667965,-0.347012473042943,2,9,12,11,21,2,21,25,30,2,1,5,0,0,3,2,-1,-0.3333333333333333,0,0,0,0,0,0,,,,,1,2,0,0.2826927997508495,0.1140597034503578,1,0,1,0,34.0,20838.637093306017,48765.20830879245,4132.114604941573,16706.522488364444,672769.2362301092,652219.4478110354,high_value,0,16,4,0,transaction_active,no_recent_complaints,medium_digital_engagement
2311,F,Shymkent,large_city,medium,retired,high,22,35,pensioner,0,389420.298814792,2024-01-01,660,35,1,1,1,1,1,0,0,1,0,743,340.0,5,9,10,19,56254.63972929178,83256.47261606682,113665.47518519024,148107.84052522838,11250.927945858357,11366.547518519024,34019.93294958447,0.9863001608110076,0,5,10,39,1,4,1,1,0.6115350740034834,0.2575848831314428,0.1308800428650737,7,5,-2,-0.2857142857142857,99446.65581716616,56254.63972929178,-43192.01608787439,-0.4343234645042605,3,12,18,16,45,8,45,23,55,3,6,13,2,2,8,3,-5,-0.625,1,1,0,0,0,1,3.209288720398804,2.0,9.0,,2,3,0,0.4674584452211511,0.0464255113339967,1,0,1,0,51.0,8949.255243394977,19675.428999270945,3729.0656777805375,5220.189565614439,976162.2169313808,958279.3666681688,medium_value,0,7,8,0,activity_drop,no_recent_complaints,digital_power_user
1937,M,East_KZ,rural,low,retired,low,32,30,pensioner,0,138142.87299492772,2024-01-01,960,30,0,0,0,1,0,0,0,0,0,224,,2,7,10,20,16950.291902560915,62959.89351549139,77266.43438013886,146914.57114060997,8475.145951280458,7726.643438013886,14595.978662508329,0.9551571812353864,0,2,10,39,1,3,2,1,0.3724673537327271,0.5655858496826274,0.0619467965846456,5,2,-3,-0.6,37310.529940821085,16950.291902560915,-20360.23803826017,-0.5456968333216901,1,2,2,6,2,2,2,3,72,0,0,1,0,0,2,1,-1,-0.5,0,0,0,0,0,0,,,,,0,2,0,0.0411334212782867,0.0100332262072706,2,1,0,0,69.0,3893.9957326688686,8056.780929311211,3154.051409008925,739.9443236599432,297306.3954208788,312555.825038671,low_value,0,2,1,0,activity_drop,no_recent_complaints,low_digital_engagement
867,F,Aktobe,small_city,low,employee,medium,65,56,mass,1,166994.81124456407,2024-01-01,1950,56,0,4,0,1,0,0,0,1,1,74,807.0,10,16,23,45,73599.46378213781,103359.56370331376,117604.7899699393,192019.75229205543,7359.946378213781,5113.251737823448,11185.141447790427,0.9997676994912692,0,10,5,32,4,9,5,2,0.968050927381218,0.0232581651260249,0.0086909074927572,13,10,-3,-0.2307692307692307,68732.76302964489,73599.46378213781,4866.700752492921,0.070806127063361,1,3,8,7,18,3,18,58,77,3,2,6,1,1,1,1,0,0.0,0,0,0,0,0,0,,,,,0,0,0,,,0,0,0,0,,4726.183343186885,8642.248701330891,3017.828290578987,1708.3550526078984,204729.9815914306,182849.6772692504,low_value,0,12,0,0,transaction_active,no_recent_complaints,medium_digital_engagement
2257,F,Astana,medium_city,medium,entrepreneur,medium,65,39,sme_owner,0,353691.0152182327,2024-01-01,1950,39,3,0,3,1,1,0,1,1,0,255,,7,15,21,39,165453.19596641936,321484.6940363291,485405.3774949544,885523.917570266,23636.170852345625,23114.54178547402,49527.621746272576,0.9831343510317124,0,7,21,40,4,7,2,3,0.4038806226179597,0.367128325038528,0.2289910523435123,8,7,-1,-0.125,218644.79494906185,165453.19596641936,-53191.59898264249,-0.2432785971192895,5,7,8,11,26,2,26,42,71,3,4,6,1,0,7,5,-2,-0.2857142857142857,1,3,2,0,0,0,2.2669573646108003,2.0,65.0,85.0,0,1,0,0.3008452080127524,0.0708182442732402,0,1,0,1,42.0,12517.228934210383,22913.897771654472,3718.9558434414976,8798.273090768886,1074421.8538423688,1043634.6609197163,medium_value,0,13,3,0,transaction_active,complaint_risk,medium_digital_engagement
169,M,Karaganda,large_city,medium,retired,medium,59,48,pensioner,0,411783.1472947229,2024-01-01,1770,48,1,0,1,1,0,0,0,1,1,653,,1,6,8,17,19543.662429743403,90116.48060378787,153632.73618644255,326302.885231943,19543.662429743403,19204.09202330532,75078.71832979888,0.9309708139253976,1,1,8,29,1,3,1,1,0.501129195799664,0.433869341859737,0.065001462340599,2,1,-1,-0.5,40226.10136640407,19543.662429743403,-20682.438936660663,-0.5141546964313616,3,8,15,5,26,5,12,56,24,4,3,4,1,0,4,3,-1,-0.25,0,0,0,0,0,0,,,,,1,2,0,0.3332690138638026,0.1308324208613614,1,0,0,0,19.0,9741.924954024968,22562.23083923766,2574.3334230826736,7167.591530942294,669349.1020330092,572287.7880921512,medium_value,0,5,6,0,digital_active,no_recent_complaints,medium_digital_engagement
1259,F,South_KZ,medium_city,medium,employee,low,50,29,mass,1,268011.4894821782,2024-01-01,1500,29,0,0,0,1,0,0,0,0,1,269,,7,14,22,34,70224.73715537909,126721.98051014676,219236.0071423969,343271.7886109908,10032.1053079113,9965.273051927132,28445.95523204121,0.9522460987345166,2,7,22,51,2,6,3,2,0.7379375167949973,0.1669642236298091,0.0950982595751935,9,7,-2,-0.2222222222222222,104896.83462896242,70224.73715537909,-34672.09747358333,-0.3305352120130633,0,0,0,0,0,1,0,199,202,0,0,0,0,0,4,0,-4,-1.0,0,0,0,0,0,0,,,,,2,3,0,0.1647310855928099,0.068978880110527,1,2,1,0,27.0,5866.090282113991,12196.323141594632,3013.512993998159,2852.577288115832,521133.1893009047,475846.8592334848,low_value,1,0,0,0,activity_drop,no_recent_complaints,low_digital_engagement
510,M,Atyrau,medium_city,medium,entrepreneur,medium,28,42,sme_owner,0,349285.4338628823,2024-01-01,840,42,0,1,0,1,1,0,0,1,0,712,225.0,3,7,12,29,18557.386332053644,54013.41987609728,83348.51336867751,243729.759738629,6185.795444017881,6945.709447389792,31212.886727047266,0.9300911955260356,1,3,12,44,1,4,1,2,0.719438173833766,0.2561272713042766,0.0244345548619571,4,3,-1,-0.25,32191.963871613072,18557.386332053644,-13634.577539559428,-0.4235397875673693,2,4,8,10,21,2,15,11,73,3,1,8,1,1,5,2,-3,-0.6,0,0,0,0,0,0,,,,,1,3,1,0.2770502997964736,0.1201535578516343,2,1,0,0,24.0,7364.827089630513,13397.137826018654,3089.6052455581657,4275.221844072347,962619.9995350032,1074749.25834035,low_value,0,3,2,1,activity_drop,no_recent_complaints,medium_digital_engagement
368,F,Karaganda,small_city,low,employee,medium,57,39,mass,1,119100.44738999072,2024-01-01,1710,39,3,0,3,1,0,0,0,1,1,664,,8,13,19,40,33649.79279918192,64065.01428441332,56444.90820361824,186141.9509509497,4206.22409989774,2970.784642295697,4746.833551692077,1.0,0,8,9,26,2,7,3,2,0.4570670211455493,0.4118964597195045,0.131036519134946,13,8,-5,-0.3846153846153846,41552.93748358791,33649.79279918192,-7903.144684405983,-0.1901946086850652,3,6,9,7,26,4,26,60,1,4,2,8,1,1,5,3,-2,-0.4,0,0,0,0,0,0,,,,,2,4,0,0.2880805976289794,0.0867384765059076,3,1,0,0,80.0,5663.286141196989,12339.213568265017,3599.94123861591,2063.3449025810787,81747.62048495079,72487.25947537774,low_value,0,6,1,0,transaction_active,no_recent_complaints,medium_digital_engagement
1628,M,Shymkent,medium_city,medium,unemployed,medium,82,36,mass,0,330273.15195860475,2024-01-01,2460,36,1,0,1,0,1,0,1,1,0,692,,4,5,9,23,64361.9028917966,90553.93168307965,167557.36514352818,314302.89693223883,16090.47572294915,18617.48501594757,44897.25521252831,0.9523833411998018,1,4,7,31,2,2,1,1,0.4849305384077192,0.2441780706730991,0.2708913909191817,7,4,-3,-0.4285714285714285,83832.99777677159,64361.9028917966,-19471.09488497499,-0.2322605107934006,2,4,9,9,17,4,17,26,27,2,1,7,1,1,4,2,-2,-0.5,0,0,0,0,0,0,,,,,0,0,0,,,0,0,0,0,,4358.382846559184,9218.82057756644,2580.9532285865544,1777.4296179726298,707027.5682333146,620112.2920446647,low_value,0,7,3,1,moderate_activity,no_recent_complaints,medium_digital_engagement
1421,F,Almaty,large_city,medium,entrepreneur,high,57,26,sme_owner,0,360592.068946488,2024-01-01,1710,26,2,1,1,1,0,0,0,1,0,881,83.0,5,12,15,31,74762.13770468437,142199.01933788016,164963.79120010487,425971.8542627709,14952.427540936877,10997.586080006991,29165.90714867588,0.978612262360938,0,5,15,70,3,4,2,2,0.859027895884272,0.0929256282286281,0.0480464758870997,7,5,-2,-0.2857142857142857,61486.05856007773,74762.13770468437,13276.079144606636,0.2159201525600253,4,12,18,12,46,5,17,12,71,4,5,13,2,2,6,4,-2,-0.3333333333333333,0,0,0,0,0,0,,,,,2,3,1,0.3891907303095591,0.0241047832596763,1,2,0,2,28.0,9596.169800737023,17419.376447886752,2669.632040532195,6926.53776020483,1084163.5328942423,984006.4195564748,medium_value,0,6,8,1,digital_active,no_recent_complaints,digital_power_user
1881,F,Shymkent,large_city,medium,self_employed,medium,65,56,mass,0,301334.37401896063,2024-01-01,1950,56,0,0,0,0,0,0,0,1,0,337,,3,4,5,21,99504.31416033724,89967.5918569594,143697.2334466229,635299.1516608502,33168.10472011242,28739.44668932458,47576.66514750703,1.0,0,3,5,69,1,2,1,0,0.4781829740550745,0.2571433631281408,0.2646736628167845,4,3,-1,-0.25,106436.92638543031,99504.31416033724,-6932.612225093064,-0.0651335251826854,3,7,13,5,32,7,32,53,49,5,5,8,1,1,6,3,-3,-0.5,0,0,0,0,0,0,,,,,0,1,0,0.1694406544070676,0.0306869049783471,0,1,1,0,36.0,5528.766539109711,12158.870043949351,1712.7809472008391,3815.985591908872,999948.5656697114,1023482.886752686,low_value,0,2,6,0,moderate_activity,no_recent_complaints,medium_digital_engagement
1991,M,Shymkent,large_city,medium,retired,high,79,46,pensioner,0,308335.34065219254,2024-01-01,2370,46,1,3,1,1,1,0,0,1,0,708,720.0,4,8,12,25,39977.80725248076,69846.62804704906,110555.01600497696,246725.74395631472,9994.45181312019,9212.918000414746,23764.771292195805,0.9652388317576986,0,4,12,18,2,4,2,2,0.085968172752772,0.6994425558194151,0.2145892714278129,5,4,-1,-0.2,57716.89833701097,39977.80725248076,-17739.091084530213,-0.3073465760573454,2,9,14,11,35,7,35,56,15,3,5,3,0,2,4,2,-2,-0.5,0,0,0,0,0,0,,,,,1,1,1,0.2213260232077682,0.0217069736390255,0,0,0,0,52.0,5588.460164059357,10424.975559775465,2302.501498720244,3285.9586653391134,407699.69325296406,383491.7418187953,low_value,0,10,2,0,moderate_activity,no_recent_complaints,medium_digital_engagement
1058,M,South_KZ,medium_city,medium,employee,high,51,20,mass,1,237840.17711516708,2024-01-01,1530,20,3,0,1,1,0,0,0,1,1,815,,8,14,21,37,157644.773526896,216363.46061498177,319670.4044546528,658976.4928113502,19705.596690862,15222.400212126324,60611.274456602354,0.943664933738274,1,8,21,45,4,5,3,2,0.6428236723724443,0.2773938359467743,0.0797824916807814,9,8,-1,-0.1111111111111111,201626.96534101825,157644.773526896,-43982.191814122256,-0.218136456796509,3,4,12,9,45,3,45,1,5,5,4,15,2,2,4,3,-1,-0.25,0,0,0,0,0,0,,,,,3,4,1,0.2707669662814133,0.0984795758962516,2,1,0,0,23.0,8033.673336319016,16932.745946162366,3984.183206634972,4049.490129684044,386417.0791986093,406275.9125207814,low_value,0,12,3,0,transaction_active,no_recent_complaints,medium_digital_engagement
839,M,Astana,medium_city,medium,employee,high,26,39,mass,1,379911.54762423504,2024-01-01,780,39,0,2,0,1,0,0,0,1,1,273,833.0,10,14,18,34,152203.79744381143,264020.8737404561,358624.8282292387,776360.0001224688,15220.379744381144,19923.60156829104,36305.7383586332,0.9616452947466384,0,10,18,43,2,5,2,3,0.6126010438480993,0.1212861991916115,0.2661127569602891,10,10,0,0.0,174838.01717621044,152203.79744381143,-22634.21973239901,-0.1294582270947806,9,13,19,21,41,7,41,75,1,2,5,17,1,1,11,9,-2,-0.1818181818181818,0,0,0,0,0,0,,,,,2,3,0,0.4520023338863518,0.1563233104333622,2,0,0,1,31.0,4773.661923129186,10352.118723219544,1765.105366461678,3008.556556667508,458443.9832774516,514735.2793870448,low_value,0,10,8,0,digital_active,no_recent_complaints,digital_power_user
1848,F,South_KZ,large_city,high,employee,high,58,46,affluent,1,693622.1015536094,2024-01-01,1740,46,4,1,4,1,0,0,0,1,1,880,831.0,11,14,20,42,251292.82899369992,340688.5532324192,392646.32894195104,833506.526213792,22844.8026357909,19632.31644709756,41778.17530346526,0.9997223974716388,0,11,2,24,3,4,4,3,0.425350237020075,0.4212667934562735,0.1533829695236514,21,11,-10,-0.4761904761904761,472235.7214053554,251292.82899369992,-220942.89241165543,-0.4678656916383578,7,11,14,15,32,7,32,77,26,5,4,13,1,1,14,7,-7,-0.5,0,0,0,0,0,0,,,,,0,1,0,0.3344173108970673,0.0452704256580101,1,0,0,0,7.0,16588.581116484303,30613.11694653575,3630.021941045883,12958.55917543842,2777082.457641941,2598548.9256736296,medium_value,0,15,4,0,transaction_active,no_recent_complaints,medium_digital_engagement
600,F,Almaty,medium_city,high,retired,medium,82,24,affluent,0,806475.9524271833,2024-01-01,2460,24,2,2,2,1,0,0,0,1,1,167,676.0,4,11,20,33,78974.15407094148,270094.34575820743,415944.51193668856,661454.5258808181,19743.53851773537,20797.22559683443,43444.359560384095,0.909404237050329,0,4,20,8,2,7,3,3,0.5970088717914144,0.1820695179209212,0.2209216102876643,6,4,-2,-0.3333333333333333,88655.68534331938,78974.15407094148,-9681.531272377892,-0.1092037271483056,0,4,6,4,23,3,18,6,29,3,1,7,1,1,0,0,0,0.0,0,0,0,0,0,0,,,,,1,2,0,0.3761208290789025,0.0676900332108813,1,0,0,1,63.0,17018.245173160787,38742.85933915024,2952.3381774278614,14065.906995732928,3451839.029902932,3927025.809876412,medium_value,0,9,2,0,transaction_active,no_recent_complaints,medium_digital_engagement
1921,F,Astana,small_city,low,entrepreneur,high,26,37,sme_owner,0,120351.47734187637,2024-01-01,780,37,6,1,1,1,0,0,0,1,0,712,9.0,6,17,30,51,20041.934209997777,53181.15371059629,78323.73763261714,125828.01020517432,3340.322368332963,2610.791254420571,10475.105161641754,0.9898015995384324,0,6,30,73,2,9,4,5,0.5167463868996771,0.0582716530264126,0.4249819600739102,8,6,-2,-0.25,27344.76408604277,20041.934209997777,-7302.829876044994,-0.2670650166542296,3,10,16,14,49,1,33,25,39,7,2,16,1,1,4,3,-1,-0.25,0,0,0,0,0,0,,,,,1,4,0,0.2308208890724603,0.0240177207999489,1,0,0,0,65.0,8512.408478147041,15596.11079342426,4823.55463405361,3688.853844093431,181928.09736332143,167473.871067425,low_value,0,11,4,0,digital_active,no_recent_complaints,digital_power_user
1312,F,Almaty,small_city,premium,self_employed,high,58,27,premium,0,1653209.184610446,2024-01-01,1740,27,4,0,1,1,1,0,0,1,0,58,,4,10,15,38,498025.3358168799,988217.7905960828,1858508.9526439176,4949914.503619098,124506.33395421995,123900.59684292786,283716.05598269694,0.9688777144839064,0,4,15,53,3,3,3,3,0.8907884009175715,0.0750893008025194,0.0341222982799089,7,4,-3,-0.4285714285714285,561375.080635479,498025.3358168799,-63349.74481859908,-0.1128474472840634,4,11,16,15,39,8,39,52,47,6,6,11,1,2,10,4,-6,-0.6,0,0,0,0,0,0,,,,,0,1,0,0.3659321008628463,0.0220073376468363,0,1,0,0,53.0,32978.51804433102,73971.81792106842,5070.162093015175,27908.35595131584,3334221.316949494,3746987.187622596,high_value,0,6,6,0,activity_drop,no_recent_complaints,digital_power_user
1337,M,Aktobe,medium_city,medium,employee,high,37,60,mass,0,291143.28505737154,2024-01-01,1110,60,3,0,3,1,0,0,0,1,0,72,,3,8,14,39,43215.026421963215,95302.9420999586,162754.2701075084,570361.6416903696,14405.008807321072,11625.305007679171,20353.594194268608,0.9908315746410092,0,3,14,61,2,3,2,2,0.7837665950892315,0.1287190814612651,0.0875143234495031,3,3,0,0.0,47524.81949483169,43215.026421963215,-4309.793072868473,-0.0906851013571374,6,9,17,15,32,8,32,18,27,2,3,6,2,1,9,6,-3,-0.3333333333333333,0,0,0,0,0,0,,,,,2,3,1,0.2085343308018136,0.0805047571564496,0,1,0,0,52.0,10643.64995026948,22302.34684225273,3832.374080994948,6811.275869274532,256507.3059750626,273445.5654894841,medium_value,0,3,8,0,digital_active,no_recent_complaints,digital_power_user
1134,F,Astana,large_city,medium,unemployed,low,65,49,mass,0,299139.3144326869,2024-01-01,1950,49,2,1,2,1,0,0,1,0,0,277,164.0,7,14,18,36,144363.03902199658,260630.9980737864,297845.8480421505,464496.3113989388,20623.291288856653,16546.99155789725,67534.60194940005,0.9432588528224952,2,7,18,36,3,6,4,1,0.5814000547120732,0.3698631159892364,0.0487368292986902,8,7,-1,-0.125,141468.8531400212,144363.03902199658,2894.185881975369,0.0204581136959582,2,3,4,3,7,7,7,24,57,1,1,1,0,0,5,2,-3,-0.6,0,0,0,0,0,0,,,,,0,3,0,0.3046661918037301,0.1505247409707031,1,1,1,0,56.0,6297.76660521058,12104.113918617635,3274.3474813144526,3023.419123896127,375057.9673155383,394386.1786440722,low_value,1,0,0,0,activity_drop,no_recent_complaints,low_digital_engagement
820,M,Astana,large_city,medium,employee,low,27,59,mass,0,333390.6184288646,2024-01-01,810,59,1,0,1,1,1,0,0,1,1,16,,6,6,8,22,55280.97008650426,72653.73351367966,83947.37330442334,212261.5649171319,9213.495014417376,10493.421663052915,40794.15813893811,0.9581724997331108,2,6,8,67,1,4,2,1,0.8364133533656808,0.0895236115835013,0.0740630350508178,12,6,-6,-0.5,145991.14926995186,55280.97008650426,-90710.1791834476,-0.6213402636875995,3,4,4,3,16,4,16,9,41,2,3,3,0,1,7,3,-4,-0.5714285714285714,0,0,0,0,0,0,,,,,0,2,0,0.3344586715141395,0.0903575629229384,1,1,0,0,72.0,5860.651094070778,10885.892653308889,3372.328404260935,2488.322689809843,959898.5195875418,1097022.238495065,low_value,0,3,1,0,activity_drop,no_recent_complaints,low_digital_engagement
2174,M,Astana,medium_city,medium,self_employed,medium,38,25,mass,0,381295.3295497526,2024-01-01,1140,25,4,1,1,1,1,0,0,1,0,725,434.0,5,15,22,37,128764.83818694676,457223.5134089274,527197.3118576613,829046.5134174009,25752.96763738936,23963.51417534824,30658.83274871548,0.9722716792360752,0,5,22,24,3,5,2,2,0.613260059776958,0.3202669326454676,0.0664730075775745,13,5,-8,-0.6153846153846154,312298.49748839426,128764.83818694676,-183533.6593014475,-0.5876866548429938,0,1,3,6,14,7,14,29,48,2,2,4,0,0,6,0,-6,-1.0,0,0,0,0,0,0,,,,,1,2,0,0.4178628635243068,0.0377484609510643,2,0,0,0,89.0,11094.99689838827,20761.67645888852,4934.026377735836,6160.970520652434,1017097.0651877272,945602.3447379523,medium_value,0,12,0,0,activity_drop,no_recent_complaints,medium_digital_engagement
528,F,South_KZ,large_city,medium,self_employed,medium,35,43,mass,0,345670.56704115454,2024-01-01,1050,43,1,1,1,1,0,0,0,1,0,364,859.0,1,3,4,8,26956.21499806009,120009.36943705069,151963.47199228496,261354.9130319819,26956.21499806009,37990.86799807124,47552.66571593489,0.9431057860760362,0,1,4,17,1,1,1,1,0.5177544014758043,0.3087220722268465,0.1735235262973492,11,1,-10,-0.9090909090909092,368511.9281612465,26956.21499806009,-341555.71316318645,-0.926851173766443,2,3,5,6,22,5,22,56,48,3,1,2,0,1,7,2,-5,-0.7142857142857143,0,0,0,0,0,0,,,,,0,0,0,,,0,0,0,0,,6089.836450367712,12873.822104342771,3309.495030103694,2780.3414202640183,381472.1081814662,434036.48581941286,low_value,0,2,1,0,activity_drop,no_recent_complaints,medium_digital_engagement
2055,M,Astana,large_city,low,retired,medium,34,35,pensioner,0,177097.85565578466,2024-01-01,1020,35,0,0,0,1,0,0,1,1,0,168,,2,6,7,11,17928.61111002105,46110.72127374694,63142.715974817605,95907.31276163842,8964.305555010525,9020.387996402516,27784.35837463196,0.997621084104532,0,2,7,65,1,3,1,1,0.6177016611804778,0.3042782254336048,0.0780201133859174,10,2,-8,-0.8,95439.33023620956,17928.61111002105,-77510.7191261885,-0.8121465116566905,1,2,5,4,19,8,19,22,44,2,2,4,0,1,5,1,-4,-0.8,0,0,0,0,0,0,,,,,1,1,0,0.0751282914042815,0.0338580843121796,1,0,1,0,18.0,4990.031908789378,8738.222438983006,2961.9112422810126,2028.120666508365,112321.93382460976,112864.83655801832,low_value,0,4,2,0,activity_drop,no_recent_complaints,medium_digital_engagement
1367,M,Karaganda,medium_city,low,employee,medium,18,35,mass,0,141715.4644743408,2024-01-01,540,35,1,3,1,0,0,0,0,1,0,531,454.0,2,4,4,9,13049.671287821257,27897.33659886524,21632.845443889888,42546.072084634914,6524.835643910627,5408.211360972472,10189.923263476992,0.9783725513369772,0,2,4,14,0,2,0,1,0.4494916660796603,0.1811302968709545,0.3693780370493851,7,2,-5,-0.7142857142857143,39718.639205676525,13049.671287821257,-26668.96791785527,-0.6714471706785912,1,1,4,4,15,6,14,22,17,2,1,3,0,0,8,1,-7,-0.875,0,0,0,0,0,0,,,,,2,3,0,0.1979781258538615,0.0455647612660517,1,1,0,0,25.0,5266.237743795637,9618.517636490864,3653.196865391149,1613.0408784044876,163694.68262109047,171419.33947865176,low_value,0,4,0,0,activity_drop,no_recent_complaints,medium_digital_engagement
618,M,Aktobe,small_city,medium,self_employed,high,60,51,mass,0,363639.5312133668,2024-01-01,1800,51,3,1,2,1,1,0,0,1,1,364,102.0,6,10,15,42,74801.34086466528,119861.81862408188,166459.23339135424,420470.465931961,12466.89014411088,11097.282226090285,23158.95445378903,0.995071971294325,0,6,15,14,1,4,2,2,0.4335261864081204,0.4611651943078247,0.1053086192840548,6,6,0,0.0,73025.2634894143,74801.34086466528,1776.077375250985,0.024321410021457,4,10,17,19,43,2,43,30,57,1,6,7,1,1,5,4,-1,-0.2,0,0,0,0,0,0,,,,,3,3,0,0.3298203241069445,0.0620195959578007,1,1,0,0,50.0,10875.457517025685,19522.70854978309,4367.270024845669,6508.187492180016,457857.5566414232,507422.4369622445,medium_value,0,6,5,0,digital_active,no_recent_complaints,digital_power_user
439,F,Almaty,rural,low,retired,high,59,27,pensioner,0,160295.52080671184,2024-01-01,1770,27,0,1,0,1,0,0,0,1,0,387,696.0,5,7,9,19,17498.835868901428,35059.149212317614,28396.873761806,71392.53009159653,3499.7671737802857,3155.208195756222,8220.066045911572,0.9668572381013708,0,5,9,66,1,4,1,1,0.6326628074196147,0.2675466336409009,0.0997905589394843,10,5,-5,-0.5,49122.10194640411,17498.835868901428,-31623.26607750268,-0.6437685853102547,4,7,11,9,31,1,31,31,3,4,4,4,1,0,14,4,-10,-0.7142857142857143,0,0,0,0,0,0,,,,,0,1,0,0.3810927117834701,0.1000574018812183,1,0,0,0,29.0,1121.3522686942526,2085.722355121761,3011.1842556629667,-1889.831986968714,147307.52940857963,129901.77889145965,low_value,0,4,6,0,activity_drop,no_recent_complaints,medium_digital_engagement
1969,M,North_KZ,medium_city,medium,employee,medium,63,34,mass,1,210148.38482907845,2024-01-01,1890,34,1,0,1,1,0,0,0,1,1,261,,7,12,19,35,36623.40151271325,87823.63871254433,106883.74178348698,272509.7286790261,5231.914501816178,5625.460093867736,15143.422232673558,0.9301432905744772,1,7,19,28,3,9,2,1,0.7811892239020399,0.1732595356170296,0.0455512404809303,7,7,0,0.0,39633.3655476694,36623.40151271325,-3009.9640349561523,-0.0759452040815431,3,6,9,8,26,5,22,25,74,1,3,9,0,0,5,3,-2,-0.4,0,0,0,0,0,0,,,,,3,5,1,0.0441766908307574,0.0077508332418303,2,1,1,2,65.0,3892.194005816576,8702.816467254806,3132.245097681111,759.9489081354645,271913.77043426584,261868.7305688592,low_value,0,6,6,0,transaction_active,no_recent_complaints,medium_digital_engagement
441,F,North_KZ,large_city,low,employee,medium,55,48,mass,1,187453.64344113803,2024-01-01,1650,48,1,0,1,1,0,0,1,1,1,99,,8,15,23,40,100962.29253912537,312291.17463661154,302418.5264362796,625853.7245210862,12620.286567390667,13148.631584186069,51039.736686543445,0.8996625849298856,1,3,23,27,4,8,4,3,0.3118989910036512,0.520945299209607,0.1671557097867419,12,8,-4,-0.3333333333333333,197234.293230581,100962.29253912537,-96272.00069145566,-0.4881098469975847,4,7,9,9,30,1,21,21,46,4,2,3,1,1,7,4,-3,-0.4285714285714285,0,0,0,0,0,0,,,,,1,1,0,0.1539115266194861,0.0626460433552408,1,0,0,0,18.0,8092.1223607750035,16688.04634673465,3889.562086290902,4202.560274484102,636318.4325053645,597722.1271845273,low_value,0,9,3,0,transaction_active,no_recent_complaints,medium_digital_engagement
1037,M,Almaty,rural,low,employee,high,44,50,mass,1,157778.57155929276,2024-01-01,1320,50,0,0,0,1,0,0,0,1,1,461,,6,12,20,36,49707.27507750204,78776.007054873,156952.89786549946,300675.3493767959,8284.54584625034,7847.644893274973,17990.35554489181,0.935663376814198,1,6,20,43,3,6,3,3,0.6903085437414468,0.2722306367135406,0.0374608195450126,9,6,-3,-0.3333333333333333,76360.32745111932,49707.27507750204,-26653.05237361728,-0.3490431911869255,6,11,19,15,43,8,20,14,53,3,3,12,1,2,9,6,-3,-0.3333333333333333,0,0,0,0,0,0,,,,,0,0,0,,,0,0,0,0,,2572.212255126732,5929.982690252438,1888.7259435859453,683.4863115407863,358775.5279596748,306900.5638280932,low_value,0,6,12,0,digital_active,no_recent_complaints,digital_power_user
842,F,East_KZ,large_city,medium,self_employed,low,61,33,mass,0,277719.2684879161,2024-01-01,1830,33,2,0,2,1,0,0,0,0,0,126,,4,7,12,24,60907.99697979382,87327.26519640694,176824.4143749336,393096.2741600584,15226.999244948454,14735.3678645778,40980.17464182998,0.9743756911418144,1,4,12,54,2,6,2,2,0.6319138854205103,0.3421490663118416,0.025937048267648,5,4,-1,-0.2,66099.04519875871,60907.99697979382,-5191.048218964897,-0.0785343903736506,3,4,5,5,16,8,16,69,18,2,1,3,0,1,4,3,-1,-0.25,0,0,0,0,0,0,,,,,1,2,1,0.5048827024045841,0.1849429238971007,2,0,0,1,18.0,10557.21555514743,21319.88249913241,4086.687754301351,6470.527800846079,597365.1213123318,549840.5744247001,medium_value,0,1,5,1,moderate_activity,no_recent_complaints,low_digital_engagement
1104,F,Almaty,small_city,premium,self_employed,low,42,53,premium,0,1237296.9084998162,2024-01-01,1260,53,7,0,4,1,0,0,0,1,0,612,,15,18,30,57,667599.1540241081,1136057.6732104456,2648291.867616643,3314095.6649888763,44506.61026827387,88276.39558722144,182345.7952016915,0.9584619183805152,1,15,30,23,5,11,4,4,0.7003208941456627,0.0939537192406877,0.2057253866136497,15,15,0,0.0,1005772.9040779846,667599.1540241081,-338173.75005387655,-0.3362327108661654,4,8,8,8,20,8,20,19,17,2,3,3,0,1,5,4,-1,-0.2,0,0,0,0,0,0,,,,,5,5,0,0.2019492256698882,0.0513499836473714,1,2,1,0,27.0,32743.855970880275,74362.1588552702,5752.267436114377,26991.5885347659,5586428.571118683,6242855.001239657,high_value,0,8,6,0,transaction_active,no_recent_complaints,low_digital_engagement
621,F,Almaty,medium_city,medium,employee,low,38,39,mass,0,269628.13303642254,2024-01-01,1140,39,3,0,3,1,1,0,0,1,0,228,,6,11,14,26,156559.7441939556,316062.7942051846,346558.1350563212,826163.9811649508,26093.2906989926,24754.15250402294,48340.34389672147,0.9752832798214542,0,6,4,49,3,3,1,2,0.8516391643062741,0.1477691600676732,0.0005916756260526,9,6,-3,-0.3333333333333333,254343.32846990737,156559.7441939556,-97783.58427595178,-0.3844550783549294,1,2,3,3,9,8,9,13,27,1,1,4,0,0,4,1,-3,-0.75,0,0,0,0,0,0,,,,,0,0,0,,,0,0,0,0,,9582.369022602745,17797.185851391183,4788.454123239522,4793.914899363221,475725.95167549694,443742.68362200266,low_value,0,4,0,0,activity_drop,no_recent_complaints,low_digital_engagement
1431,F,Shymkent,large_city,medium,employee,high,64,22,mass,1,520617.3728402275,2024-01-01,1920,22,3,2,2,0,0,0,0,1,1,710,775.0,10,14,18,46,107293.505862571,127785.26860141978,163742.79168668838,523792.3721877537,10729.3505862571,9096.821760371577,23453.51406625556,1.0,0,10,18,74,3,4,4,2,0.903947351075322,0.0795293345595229,0.0165233143651551,18,10,-8,-0.4444444444444444,189264.3496138227,107293.505862571,-81970.84375125171,-0.4331023984099806,1,3,5,14,30,3,30,64,18,4,1,8,1,1,4,1,-3,-0.75,0,0,0,0,0,0,,,,,0,1,0,0.1088563296203754,0.0307494509842156,0,0,0,0,87.0,13631.751502485717,26492.43742438327,4199.603321033152,9432.148181452563,729221.1292667347,744500.5391542112,medium_value,0,9,2,0,activity_drop,no_recent_complaints,medium_digital_engagement
2145,M,Astana,small_city,high,employee,low,32,31,affluent,1,736415.8555020891,2024-02-01,990,31,2,1,2,1,0,0,0,1,1,870,666.0,11,16,23,50,261411.8973779255,372943.4938014666,498586.4018465236,1205393.3427453337,23764.717943447773,21677.669645501028,37409.95307921205,0.9434695481302144,1,11,23,12,3,10,4,2,0.9415016762874688,0.0320943183331025,0.0264040053794287,14,11,-3,-0.2142857142857142,308526.1572711152,261411.8973779255,-47114.25989318968,-0.1527075056128494,1,2,6,4,20,1,20,20,18,2,3,6,1,1,2,1,-1,-0.5,0,0,0,0,0,0,,,,,0,1,1,0.2825368727758757,0.1012941619263136,0,0,0,0,87.0,16546.091126808125,36451.40799813388,4284.493966825424,12261.597159982704,1736110.9994903666,1532304.781804998,medium_value,0,14,3,0,transaction_active,no_recent_complaints,low_digital_engagement
2296,M,Almaty,rural,medium,entrepreneur,medium,31,19,sme_owner,0,197384.01694432303,2024-02-01,960,19,1,1,1,1,0,0,0,1,0,410,214.0,5,10,13,27,89708.7186722744,147010.48935444292,200982.01505070465,493620.3419946111,17941.743734454878,15460.155003900358,38937.97317147198,1.0,0,5,13,73,2,2,2,1,0.9352340869146848,0.0645215748092552,0.0002443382760597,8,5,-3,-0.375,109751.60899488282,89708.7186722744,-20042.890322608426,-0.1826204691317366,0,2,3,7,15,1,15,12,24,2,1,5,1,0,4,0,-4,-1.0,0,0,0,0,0,0,,,,,1,1,0,0.3191487910996839,0.0536739214949296,1,0,0,1,47.0,3906.33951026234,8095.431780124883,2599.918582912729,1306.4209273496108,360541.749979701,401292.9112161301,low_value,0,7,1,0,activity_drop,no_recent_complaints,medium_digital_engagement
1834,M,Shymkent,rural,medium,employee,low,71,30,mass,1,331803.07617840124,2024-02-01,2160,30,1,3,1,1,1,0,0,0,1,594,853.0,7,14,21,36,194082.6796614013,320848.6699450885,365335.9472429557,856677.1325008341,27726.097094485893,17396.949868712174,25052.654921069487,0.9332878050307686,1,7,21,22,3,5,4,2,0.2603583100201709,0.451260366456412,0.2883813235234171,7,7,0,0.0,162357.3811320401,194082.6796614013,31725.29852936117,0.1954041036394889,1,1,3,4,9,8,1,43,9,1,1,1,0,0,1,1,0,0.0,0,0,0,0,0,0,,,,,1,1,0,0.1053265803781457,0.0103180685680484,1,1,0,0,27.0,7691.63232245615,17886.778312151284,4540.5671068840265,3151.065215572124,711777.0552776717,738254.8823624657,low_value,0,20,0,0,transaction_active,no_recent_complaints,low_digital_engagement
1356,M,Almaty,medium_city,low,employee,medium,19,40,mass,0,75610.2975314457,2024-02-01,600,40,2,1,2,1,0,0,0,1,0,493,149.0,4,10,15,29,14687.983753945136,33408.68519723201,73121.29144592574,101309.62020058453,3671.995938486284,4874.752763061716,6392.068965806964,0.980280108729214,0,1,15,33,3,7,3,2,0.7732165008143618,0.0576422451190241,0.1691412540666142,6,4,-2,-0.3333333333333333,21340.767656519405,14687.983753945136,-6652.783902574271,-0.311740608850212,5,8,9,13,32,7,32,52,58,3,3,13,1,1,8,5,-3,-0.375,0,0,0,0,0,0,,,,,2,3,0,0.4827346338895925,0.1733505732005397,1,1,0,0,68.0,1178.009315821353,2373.795770513858,2972.2237488684823,-1794.2144330471292,153652.2148886453,142319.13644221073,low_value,0,5,3,0,transaction_active,no_recent_complaints,medium_digital_engagement
811,M,South_KZ,medium_city,high,employee,medium,68,43,affluent,0,473528.60727199423,2024-02-01,2070,43,6,0,3,1,0,0,0,1,0,324,,3,11,16,55,25056.586819573266,100347.54641499431,160148.59012026756,430066.2576013346,8352.195606524421,10009.286882516722,18214.8508594229,0.9139529429051976,1,3,16,22,2,7,3,1,0.9388866115430502,0.0551053448736238,0.0060080435833259,5,3,-2,-0.4,36462.80049270407,25056.586819573266,-11406.213673130802,-0.3128178175840635,2,2,4,7,20,1,20,7,74,3,2,2,1,1,6,2,-4,-0.6666666666666666,0,0,0,0,0,0,,,,,0,0,0,,,0,0,0,0,,18457.13680490797,34622.82864475608,5567.393078462452,12889.743726445517,1071781.1089956474,980811.8293552976,medium_value,0,5,2,0,activity_drop,no_recent_complaints,medium_digital_engagement
2248,F,Karaganda,large_city,high,entrepreneur,medium,30,55,affluent,0,574188.047502215,2024-02-01,930,55,5,0,5,1,0,0,0,1,0,612,,9,14,25,48,208948.43877437044,405420.2033001225,485472.0071535816,1035314.4054449984,23216.49319715227,19418.880286143263,32577.235212687872,0.942822933992928,3,9,25,21,3,4,4,3,0.8711312261776272,0.1219779883879863,0.0068907854343864,13,9,-4,-0.3076923076923077,400066.8257336119,208948.43877437044,-191118.38695924144,-0.477716158066301,1,4,6,5,23,3,23,24,31,4,2,9,0,1,7,1,-6,-0.8571428571428571,0,0,0,0,0,0,,,,,1,2,1,0.0,0.0,1,1,0,1,21.0,18357.822193574302,40479.80932920343,5133.324386244243,13224.497807330064,3363804.6313531185,3055348.801223733,medium_value,0,7,0,0,activity_drop,no_recent_complaints,medium_digital_engagement
1289,M,Astana,large_city,medium,employee,low,49,49,mass,0,537154.2616269069,2024-02-01,1500,49,4,1,4,0,1,0,0,0,0,706,762.0,5,12,16,40,38923.53200227062,104700.37043419549,91351.02303712882,308351.2036181416,7784.706400454124,5709.438939820551,18324.622902459872,0.907480827469814,2,5,16,14,1,3,3,3,0.5853938698405337,0.3326494298580219,0.0819567003014443,10,5,-5,-0.5,76966.25665241468,38923.53200227062,-38042.72465014406,-0.4942779641986204,3,4,6,7,10,2,10,13,23,1,1,2,0,0,4,3,-1,-0.25,0,0,0,0,0,0,,,,,1,1,0,0.1434410922655995,0.0667756658140538,0,0,0,0,56.0,17644.40022949955,33721.18888165917,3908.726804459503,13735.673425040048,1002521.69761254,938682.3786848444,medium_value,0,4,2,0,transaction_active,no_recent_complaints,low_digital_engagement
663,M,Almaty,medium_city,low,unemployed,high,49,61,mass,0,156772.7464252187,2024-02-01,1500,61,1,1,1,1,0,0,1,1,1,879,72.0,1,5,10,17,3531.073555235004,15229.918194994809,32688.138157444224,41844.09508056857,3531.073555235004,3268.8138157444223,9294.032431242544,0.977063682617946,0,1,10,1,1,5,2,2,0.6059605241374474,0.2450770196549468,0.1489624562076057,5,1,-4,-0.8,19133.912983948587,3531.073555235004,-15602.839428713583,-0.8154547081824185,6,13,20,16,40,8,40,17,76,4,4,12,1,2,11,6,-5,-0.4545454545454545,0,0,0,0,0,0,,,,,1,1,1,0.2377153377609643,0.0399084454897614,0,0,1,0,33.0,6729.773753909329,11735.550491487837,2623.058978367594,4106.714775541735,174346.23602178838,166290.12250498115,low_value,0,2,11,0,activity_drop,no_recent_complaints,digital_power_user
508,F,Almaty,large_city,high,employee,medium,33,41,affluent,1,648914.0656545828,2024-02-01,1020,41,4,0,1,1,0,1,0,1,1,652,,7,12,20,45,204667.30633484703,339715.0287744322,745008.5254076237,1126670.0797046442,29238.186619263863,37250.426270381184,58955.212649723726,0.9928707343852242,0,7,20,36,1,8,4,3,0.6016788259274201,0.3669407493804559,0.0313804246921239,11,7,-4,-0.3636363636363636,423537.9245809747,204667.30633484703,-218870.61824612765,-0.5167674617631144,3,5,7,9,22,2,22,78,8,2,1,4,0,1,3,3,0,0.0,0,0,0,0,0,0,,,,,1,2,0,0.3574664244499655,0.1175843399848744,1,0,2,0,45.0,17939.67525368608,41418.72842194336,4528.907831129564,13410.767422556515,906052.6094248152,828400.5990028902,medium_value,0,8,6,1,transaction_active,no_recent_complaints,medium_digital_engagement
319,M,Shymkent,large_city,premium,unemployed,medium,30,50,premium,0,1352087.7038520952,2024-02-01,930,50,1,0,1,1,0,1,0,1,0,351,,3,9,10,23,141961.03062591545,340084.7438913249,555892.6590496869,1054212.2799932149,47320.343541971815,55589.265904968684,94524.4640533872,0.9976506810110078,0,3,10,19,2,2,2,1,0.6717862090755559,0.198972351938752,0.1292414389856921,5,3,-2,-0.4,214944.90357132207,141961.03062591545,-72983.87294540662,-0.3395468872849522,3,5,9,11,33,7,18,59,22,3,2,5,2,2,4,3,-1,-0.25,0,1,0,0,0,1,4.301768339855446,3.0,50.0,,0,1,0,0.3723095013193535,0.1278484358992417,0,0,0,0,35.0,26980.023790687104,48233.43818213948,2798.8926164472146,24181.13117423989,4781607.293980568,5303825.568026058,high_value,0,9,2,0,moderate_activity,no_recent_complaints,medium_digital_engagement
2019,F,Atyrau,large_city,medium,self_employed,low,71,44,mass,0,412920.7074952388,2024-02-01,2160,44,0,1,0,1,1,0,0,1,0,460,41.0,2,9,12,23,25903.272418491084,104679.40534643496,172137.2459269443,301359.88420214783,12951.636209245542,14344.770493912025,32159.466190144347,0.9247516008495972,2,2,12,1,2,2,2,2,0.6263016916942998,0.0978116935824824,0.2758866147232175,4,2,-2,-0.5,47786.7626536049,25903.272418491084,-21883.49023511381,-0.4579404215711814,2,2,3,5,9,2,9,77,3,1,1,3,0,0,6,2,-4,-0.6666666666666666,0,0,0,0,0,0,,,,,1,2,0,0.4350516260239875,0.1819111118048652,1,0,0,1,2.0,6675.104085809116,14389.952748391495,2090.8582454802654,4584.24584032885,691651.4162833929,681066.95690422,low_value,0,7,1,0,activity_drop,no_recent_complaints,low_digital_engagement
219,F,Almaty,large_city,high,employee,medium,79,19,affluent,0,1050920.147270744,2024-02-01,2400,19,3,1,3,1,0,0,0,1,0,858,725.0,6,15,18,37,434727.4570466388,922508.0235015382,1051967.4794029573,2267184.035068876,72454.5761744398,58442.637744608735,175250.63730445594,0.9467924795150838,1,1,18,28,3,5,2,2,0.5790833827950913,0.2499886370594928,0.1709279801454159,9,6,-3,-0.3333333333333333,568688.8250160952,434727.4570466388,-133961.36796945636,-0.2355618082800641,6,10,14,12,25,5,25,61,26,3,1,6,0,1,10,6,-4,-0.4,0,0,0,0,0,0,,,,,0,0,0,,,0,0,0,0,,22256.20964181321,43667.09272495272,3847.925923543075,18408.28371827013,948738.2461983872,1036377.3763790012,high_value,0,11,6,0,transaction_active,no_recent_complaints,medium_digital_engagement
2096,M,North_KZ,large_city,medium,employee,medium,39,74,mass,0,298338.14520662744,2024-02-01,1200,74,4,0,2,1,0,0,0,1,0,121,,11,21,26,44,241096.265333434,403635.8966117316,447225.5797855305,920699.2725382474,21917.842303039448,17200.98383790502,23604.143157593047,0.984687953733403,0,11,25,7,4,8,2,2,0.2056677653413204,0.5905142306072543,0.2038180040514253,11,11,0,0.0,197793.0914110987,241096.265333434,43303.173922335234,0.2189316806436515,2,5,10,9,22,7,4,63,63,3,3,3,1,1,2,2,0,0.0,0,0,0,0,0,0,,,,,0,0,0,,,0,0,0,0,,11158.557775241228,22382.22129479949,4577.192336230847,6581.365439010381,1305862.5383407986,1351533.055294655,medium_value,0,19,3,0,transaction_active,no_recent_complaints,medium_digital_engagement
49,F,Astana,large_city,low,unemployed,low,75,37,mass,0,120524.18382246804,2024-02-01,2280,37,1,1,1,0,0,0,0,0,1,416,838.0,3,8,9,19,18286.50855234517,43240.90624156157,64009.77924170912,100510.58149270448,6095.502850781725,7112.197693523235,29174.23720842694,0.935374210791462,0,3,9,35,1,4,2,1,0.7458131741105658,0.1188041091519576,0.1353827167374766,5,3,-2,-0.4,32746.243185791773,18286.50855234517,-14459.734633446598,-0.4415692680044749,1,3,3,3,9,3,9,71,75,1,1,3,0,0,3,1,-2,-0.6666666666666666,0,0,0,0,0,0,,,,,0,0,0,,,0,0,0,0,,2548.3899358240205,5936.468282355909,3137.7985364728074,-589.4086006487869,83988.21018415905,81753.0922053821,low_value,0,5,2,1,activity_drop,no_recent_complaints,low_digital_engagement
669,M,Almaty,medium_city,low,employee,medium,19,54,mass,1,168830.48312857313,2024-02-01,600,54,2,1,2,1,0,0,0,1,1,414,156.0,14,23,27,47,163204.59884503714,337227.1468915224,385396.9781637122,761607.7300526788,11657.47134607408,14273.962154211562,30991.90039764264,0.9182215191304288,2,14,27,41,3,9,4,3,0.832659707438223,0.0893861131160522,0.0779541794457246,21,14,-7,-0.3333333333333333,362889.7657127189,163204.59884503714,-199685.1668676818,-0.55026398023515,2,3,4,9,17,4,17,38,29,2,1,2,1,1,10,2,-8,-0.8,0,0,0,0,0,0,,,,,2,3,1,0.3238062906231803,0.1588513865128477,1,1,0,1,34.0,6387.204020191758,11610.764016485497,4145.930145708364,2241.273874483394,470696.4484023254,475421.5913211134,low_value,0,17,1,0,activity_drop,no_recent_complaints,medium_digital_engagement
2138,F,Aktobe,large_city,high,entrepreneur,medium,36,42,affluent,0,780263.1747363383,2024-02-01,1110,42,2,0,1,1,1,1,0,1,0,894,,4,11,14,25,80993.62786735658,183885.1989777037,293065.6857633152,588280.7797042121,20248.406966839146,20933.263268808227,78409.5882680971,0.981865063290622,1,4,14,66,2,3,3,1,0.8899457573426727,0.0809668859765494,0.0290873566807777,5,4,-1,-0.2,99124.78651497052,80993.62786735658,-18131.15864761395,-0.1829124610006161,1,3,9,9,24,8,4,24,30,3,4,6,1,1,2,1,-1,-0.5,0,0,0,0,0,0,,,,,1,6,4,0.6136782684388532,0.2088593546132139,2,2,0,0,89.0,12637.322516068674,28729.833056189964,4094.9738917589584,8542.348624309716,1191648.2575004592,1128611.7968103993,medium_value,0,6,2,0,moderate_activity,no_recent_complaints,medium_digital_engagement
2311,F,Shymkent,large_city,medium,retired,high,22,35,pensioner,0,389420.298814792,2024-02-01,690,35,1,0,1,1,0,0,1,1,0,585,,8,12,18,29,84691.7523813523,136376.4469579725,183590.5371230376,294891.8601082946,10586.469047669038,10199.474284613196,37587.468175495706,0.9596781481789018,0,8,18,50,2,4,1,2,0.3086738961623909,0.6570985601141957,0.0342275437234132,11,8,-3,-0.2727272727272727,121393.8293019991,84691.7523813523,-36702.0769206468,-0.302338900845946,2,7,8,12,42,1,42,38,19,2,4,7,2,1,2,2,0,0.0,0,0,0,0,0,0,,,,,0,0,0,,,0,0,0,0,,8590.689941592398,15470.805069551558,2474.3832443074834,6116.306697284915,945244.5320765674,1061086.6123784748,medium_value,0,7,3,0,transaction_active,no_recent_complaints,medium_digital_engagement
1937,M,East_KZ,rural,low,retired,low,32,30,pensioner,0,138142.87299492772,2024-02-01,990,30,1,2,1,1,0,0,1,0,0,431,187.0,2,3,5,16,8182.639909548648,12817.658933007053,26396.719789654937,79038.1294379885,4091.319954774324,5279.343957930987,15831.635800015238,0.9207163446381452,0,2,5,41,1,2,1,1,0.5217470093305765,0.3056577730342069,0.1725952176352165,7,2,-5,-0.7142857142857143,39100.95290609314,8182.639909548648,-30918.31299654449,-0.7907304221152743,0,0,2,2,8,7,8,43,26,0,1,3,0,0,6,0,-6,-1.0,0,0,0,0,0,0,,,,,0,3,1,0.4235645109891103,0.0843289387671036,2,1,0,1,45.0,780.5098865821901,1759.1647861955,2655.5669198272144,-1875.0570332450245,226525.987572074,212713.32754007325,low_value,0,1,0,0,activity_drop,no_recent_complaints,low_digital_engagement
867,F,Aktobe,small_city,low,employee,medium,65,56,mass,1,166994.81124456407,2024-02-01,1980,56,1,2,1,1,0,0,0,1,1,376,394.0,4,8,11,31,29995.638601985687,59952.37137473908,101064.09521827842,212417.5048373795,7498.909650496422,9187.645019843492,31932.35199834544,0.9301633905365084,0,4,11,61,2,5,1,2,0.4634570853581152,0.4912610822627964,0.0452818323790883,6,4,-2,-0.3333333333333333,37125.390296531485,29995.638601985687,-7129.751694545797,-0.192045164713377,2,4,7,4,18,6,18,32,23,2,2,4,1,0,3,2,-1,-0.3333333333333333,0,0,0,0,0,0,,,,,1,1,0,0.2173361090206127,0.030820337748908,0,1,0,0,37.0,4139.449034681579,8302.691902760189,2654.779220338516,1484.6698143430635,357863.84089993266,318606.1081411548,low_value,0,1,4,0,moderate_activity,no_recent_complaints,medium_digital_engagement
2257,F,Astana,medium_city,medium,entrepreneur,medium,65,39,sme_owner,0,353691.0152182327,2024-02-01,1980,39,1,1,1,1,0,0,0,1,1,662,46.0,2,3,4,14,27736.855599656912,73478.69101903895,91699.26495682626,237167.4659412669,13868.427799828456,22924.816239206564,76906.20509326732,1.0,0,2,4,60,1,2,1,0,0.3559093861622068,0.1207038558335262,0.523386758004267,3,2,-1,-0.3333333333333333,64534.96254060553,27736.855599656912,-36798.106940948615,-0.5702042039273699,1,4,7,4,22,1,22,27,36,2,3,8,1,1,3,1,-2,-0.6666666666666666,0,0,0,0,0,0,,,,,2,2,0,0.4529959636452529,0.1901868452853532,1,0,1,1,55.0,6440.912284460144,13000.165626985705,3027.2766871318554,3413.635597328289,826379.970326672,947384.6680289056,low_value,0,4,0,0,activity_drop,no_recent_complaints,medium_digital_engagement
169,M,Karaganda,large_city,medium,retired,medium,59,48,pensioner,0,411783.1472947229,2024-02-01,1800,48,0,1,0,1,1,0,0,1,0,881,752.0,5,7,9,16,43953.02229491117,57462.91525469661,69361.49696779964,105642.2566381651,8790.604458982234,7706.832996422182,11402.636215359506,0.9442291352461452,0,5,9,50,1,4,1,1,0.6964205095994267,0.1359430306041689,0.1676364597964043,9,5,-4,-0.4444444444444444,61701.05400824737,43953.02229491117,-17748.031713336197,-0.2876455191667209,1,6,11,7,21,5,21,76,18,1,1,8,1,1,3,1,-2,-0.6666666666666666,0,0,0,0,0,0,,,,,1,1,0,0.5272652886789175,0.1325933697627614,0,0,1,0,18.0,6926.876473456467,13594.04974444844,2399.4792981495925,4527.3971753068745,2832195.170269676,3097108.5363042555,low_value,0,1,2,0,activity_drop,no_recent_complaints,medium_digital_engagement
1259,F,South_KZ,medium_city,medium,employee,low,50,29,mass,1,268011.4894821782,2024-02-01,1530,29,3,1,1,1,0,0,1,0,1,92,566.0,6,14,24,51,49073.45723539045,113080.55381645488,212395.78599867696,386953.4524596602,8178.909539231742,8849.82441661154,19059.721657281803,0.9586666683903222,0,6,24,11,3,6,2,4,0.7608508934206419,0.02026804269574,0.2188810638836178,6,6,0,0.0,43661.91353828185,49073.45723539045,5411.543697108602,0.1239419727301661,1,3,4,2,9,6,9,79,51,1,1,2,0,0,3,1,-2,-0.6666666666666666,0,0,0,0,0,0,,,,,1,1,1,0.1384839296406259,0.0520930577170807,1,0,0,0,63.0,9954.179376986158,20232.290321635854,3833.407971801933,6120.771405184225,380082.02912235697,377316.33644929377,medium_value,0,5,1,0,activity_drop,no_recent_complaints,low_digital_engagement
510,M,Atyrau,medium_city,medium,entrepreneur,medium,28,42,sme_owner,0,349285.4338628823,2024-02-01,870,42,2,0,2,1,1,0,1,1,0,651,,5,14,18,34,89839.54774982721,233336.748294446,240633.0535851495,480116.9448470025,17967.909549965443,13368.50297695275,57911.84960875031,0.9657417982997688,0,5,18,26,2,4,2,2,0.4880467457476677,0.1315373728047675,0.3804158814475647,6,5,-1,-0.1666666666666666,94435.77816852625,89839.54774982721,-4596.230418699022,-0.0486704351659683,1,5,8,7,22,6,22,37,13,1,3,8,0,1,3,1,-2,-0.6666666666666666,0,0,0,0,0,0,,,,,0,2,0,0.1794717431440539,0.052603765393976,2,0,1,0,16.0,9542.09774832948,21028.50598090353,4201.47773337504,5340.620014954441,632943.8239681467,664926.487052576,medium_value,0,13,3,0,activity_drop,no_recent_complaints,medium_digital_engagement
368,F,Karaganda,small_city,low,employee,medium,57,39,mass,1,119100.44738999072,2024-02-01,1740,39,1,0,1,1,0,0,1,1,1,786,,3,9,12,33,11475.481504409248,37442.527430653536,47277.909968909546,143969.54671009173,3825.160501469749,3939.825830742462,10750.377762090142,1.0,0,3,12,4,1,3,1,1,0.8604351724667888,0.0552223824140169,0.0843424451191942,4,3,-1,-0.25,11187.632350480872,11475.481504409248,287.84915392837684,0.0257292289298373,1,3,5,7,15,8,15,43,57,2,2,4,1,1,4,1,-3,-0.75,0,0,0,0,0,0,,,,,0,1,0,0.2140408467461579,0.0337048832904078,0,1,0,0,14.0,2054.9214442695893,4023.6322376422513,2583.41603854216,-528.4945942725708,350359.14718692325,402142.4791830749,low_value,0,10,1,0,activity_drop,no_recent_complaints,medium_digital_engagement
1628,M,Shymkent,medium_city,medium,unemployed,medium,82,36,mass,0,330273.15195860475,2024-02-01,2490,36,1,1,1,1,0,0,0,1,0,119,287.0,1,3,7,17,13226.330378949468,34504.74168124913,83208.9987948265,222270.45241744112,13226.330378949468,11886.999827832358,46581.44550394305,0.907752194345154,0,1,7,40,1,2,1,1,0.8815475193638322,0.0911302071167242,0.0273222735194436,5,1,-4,-0.8,42745.67650473443,13226.330378949468,-29519.346125784963,-0.6905808619619216,5,8,11,10,30,8,1,5,74,2,4,8,0,0,8,5,-3,-0.375,0,0,0,0,0,0,,,,,1,1,1,0.2663787298893,0.0687270031393126,0,0,0,0,50.0,5113.992788842614,9039.986483091045,2258.1612203710183,2855.831568471596,1400284.157789369,1265475.1439830093,low_value,0,0,4,0,activity_drop,no_recent_complaints,medium_digital_engagement
1421,F,Almaty,large_city,medium,entrepreneur,high,57,26,sme_owner,0,360592.068946488,2024-02-01,1740,26,1,1,1,1,0,0,0,1,0,383,594.0,3,7,12,21,13940.93664818836,31330.952273843148,69900.53766529258,100981.59828116976,4646.978882729453,5825.044805441048,15846.483593003924,0.9276102097459056,1,3,12,19,1,6,2,2,0.4629316869096382,0.4808656022661396,0.056202710824222,6,3,-3,-0.5,25905.02645546984,13940.93664818836,-11964.08980728148,-0.4618443385050187,4,15,19,11,46,6,17,26,45,1,5,18,1,3,6,4,-2,-0.3333333333333333,0,0,0,0,0,0,,,,,2,3,2,0.1290754679203029,0.0614030850541285,0,2,0,0,4.0,8200.767234709909,15030.199960832571,3217.472307552929,4983.29492715698,540748.3394170589,576992.8032300771,low_value,0,2,11,1,digital_active,no_recent_complaints,digital_power_user
1881,F,Shymkent,large_city,medium,self_employed,medium,65,56,mass,0,301334.37401896063,2024-02-01,1980,56,1,1,1,1,0,0,0,1,1,681,822.0,1,6,8,18,17453.089002434703,109870.22893695044,139482.82717535592,260889.60161723648,17453.089002434703,17435.35339691949,65345.05905769622,0.9877301459787864,0,1,8,42,1,2,1,1,0.6169406243665482,0.268637841108187,0.1144215345252648,3,1,-2,-0.6666666666666666,43421.741056774925,17453.089002434703,-25968.652054340226,-0.5980564441298107,1,5,7,6,20,5,20,6,48,2,2,4,1,1,5,1,-4,-0.8,0,0,0,0,0,0,,,,,0,0,0,,,0,0,0,0,,5556.7113459318025,13064.522277041508,3328.121674481116,2228.589671450686,375454.2661251921,348592.79217523057,low_value,0,6,5,0,activity_drop,no_recent_complaints,medium_digital_engagement
1991,M,Shymkent,large_city,medium,retired,high,79,46,pensioner,0,308335.34065219254,2024-02-01,2400,46,1,1,1,1,1,0,0,1,0,490,174.0,2,6,7,19,18177.99356224746,52864.94056605531,58530.19153514732,135958.78727932886,9088.99678112373,8361.455933592475,28466.38108535053,1.0,0,2,7,19,0,2,1,1,0.716116486523489,0.0951844808578659,0.1886990326186451,10,2,-8,-0.8,90992.96238213476,18177.99356224746,-72814.9688198873,-0.8002263792016462,6,11,17,17,33,3,33,8,70,4,1,9,1,2,11,6,-5,-0.4545454545454545,0,0,0,0,0,0,,,,,1,2,0,0.3752468104257871,0.1378676211466026,0,0,0,0,65.0,7105.592525395263,13195.63001192783,2980.522193227414,4125.070332167848,811291.7345415757,893675.7161045689,low_value,0,6,9,0,activity_drop,no_recent_complaints,digital_power_user
1058,M,South_KZ,medium_city,medium,employee,high,51,20,mass,1,237840.17711516708,2024-02-01,1560,20,1,2,1,1,0,0,0,1,1,383,633.0,4,9,17,30,47725.66339637011,117460.01020361892,175340.32894946495,345724.9671999964,11931.415849092527,10314.13699702735,39207.99533438355,0.9290718222622606,4,4,16,4,3,3,2,3,0.592799761184825,0.4056717979404292,0.0015284408747458,7,4,-3,-0.4285714285714285,117166.82355238694,47725.66339637011,-69441.16015601682,-0.592669136626109,6,11,17,21,48,6,48,64,5,8,6,4,1,3,8,6,-2,-0.25,1,1,0,0,0,0,4.029269845607881,3.0,42.0,,1,1,0,0.454254538771316,0.0781350364463105,0,0,0,0,68.0,3379.094653844116,7089.7805272501,3886.771058246016,-507.6764044018992,265700.4210357961,242662.76862925844,low_value,0,5,6,0,digital_active,no_recent_complaints,digital_power_user
839,M,Astana,medium_city,medium,employee,high,26,39,mass,1,379911.54762423504,2024-02-01,810,39,1,1,1,1,1,0,0,1,1,495,522.0,3,10,23,42,20698.673991962976,104370.33009173682,205255.58823669032,387685.9094178077,6899.557997320992,8924.156010290884,29851.87851631652,0.922990572115548,0,3,19,40,2,6,3,2,0.620051148291125,0.1252650799104651,0.2546837717984099,4,3,-1,-0.25,37743.421036879285,20698.673991962976,-17044.74704491631,-0.4515951807405534,6,8,11,14,45,3,22,55,26,2,4,10,0,1,9,6,-3,-0.3333333333333333,0,0,0,0,0,0,,,,,0,1,0,0.4618699945450135,0.1421919911533938,0,0,0,0,75.0,8287.772359976763,18234.500977974505,3263.1566671490245,5024.615692827739,1628851.037963227,1689155.3062667272,medium_value,0,4,6,0,transaction_active,no_recent_complaints,medium_digital_engagement
1848,F,South_KZ,large_city,high,employee,high,58,46,affluent,1,693622.1015536094,2024-02-01,1770,46,2,0,2,1,0,0,0,1,1,768,,8,14,19,35,129140.35065468034,252281.15560967804,388068.3736560441,541757.7952924584,16142.543831835044,20424.65124505496,54171.273312804704,0.9537140771972852,1,8,19,38,3,4,2,3,0.9567825730515348,0.0327666051452726,0.0104508218031926,11,8,-3,-0.2727272727272727,170014.1881698633,129140.35065468034,-40873.83751518297,-0.2404142733919677,5,10,16,19,44,2,37,8,70,7,6,16,1,2,7,5,-2,-0.2857142857142857,0,0,0,0,0,0,,,,,0,1,0,0.2768706919746567,0.0723968877111341,1,1,0,0,73.0,13140.581198614846,27474.570595409125,3564.126240106036,9576.45495850881,1053556.1390658675,939965.5595491034,medium_value,0,8,6,0,digital_active,no_recent_complaints,digital_power_user
600,F,Almaty,medium_city,high,retired,medium,82,24,affluent,0,806475.9524271833,2024-02-01,2490,24,2,1,2,1,1,0,0,1,0,201,756.0,2,7,14,27,46874.310133329214,166064.21768410903,384827.6012318471,657767.8018886655,23437.155066664607,27487.68580227479,38761.06618895908,0.9884861982537246,1,2,14,25,1,4,2,1,0.655512964168351,0.2627316908427064,0.0817553449889426,7,2,-5,-0.7142857142857143,170398.87741902587,46874.310133329214,-123524.56728569666,-0.7249142081020806,1,2,4,2,11,2,11,20,67,1,1,2,0,1,10,1,-9,-0.9,0,0,0,0,0,0,,,,,0,3,0,0.296567968292404,0.1032003904045843,1,1,0,0,4.0,17791.859824604155,40677.34221060525,4007.555644222211,13784.304180381943,1272917.8539265974,1191880.6067393362,medium_value,0,3,1,0,activity_drop,no_recent_complaints,medium_digital_engagement
1921,F,Astana,small_city,low,entrepreneur,high,26,37,sme_owner,0,120351.47734187637,2024-02-01,810,37,2,2,2,0,0,0,0,1,0,503,142.0,4,7,12,27,19442.925505807103,44311.034403391786,68049.40645026018,129224.23234372523,4860.731376451776,5670.783870855015,18499.79496806371,0.9716509992955272,0,4,12,42,2,6,1,1,0.6361066569979298,0.337036399257061,0.0268569437450091,5,4,-1,-0.2,21894.73201006067,19442.925505807103,-2451.806504253568,-0.111981571782973,1,7,11,12,41,2,26,77,32,7,2,15,1,2,3,1,-2,-0.6666666666666666,0,0,0,0,0,0,,,,,0,1,0,0.3439864069574525,0.1142904661713161,0,0,0,0,11.0,6665.326343198287,12267.567054699091,3957.582084736666,2707.74425846162,331762.3260039164,282869.7823055633,low_value,0,2,2,0,activity_drop,no_recent_complaints,medium_digital_engagement
1312,F,Almaty,small_city,premium,self_employed,high,58,27,premium,0,1653209.184610446,2024-02-01,1770,27,6,0,2,1,1,0,0,1,0,74,,10,16,24,49,317545.12700715725,790086.1789989092,1076872.5738824173,1779097.8466075289,31754.512700715724,44869.690578434056,122135.806512658,1.0,0,10,20,33,2,11,3,3,0.5793179085552734,0.4048163435128654,0.015865747931861,12,10,-2,-0.1666666666666666,671601.6220893416,317545.12700715725,-354056.4950821844,-0.527182310818012,3,4,5,10,26,6,26,46,28,3,3,8,1,1,5,3,-2,-0.4,0,0,0,0,0,0,,,,,0,1,0,0.0346829891909228,0.0086855783337113,0,0,0,0,2.0,38834.38212184756,80960.92633042182,4576.542146178694,34257.83997566886,3922781.9804870696,3473313.5933383987,high_value,0,10,2,0,transaction_active,no_recent_complaints,medium_digital_engagement
1337,M,Aktobe,medium_city,medium,employee,high,37,60,mass,0,291143.28505737154,2024-02-01,1140,60,3,0,1,1,0,0,1,1,0,415,,9,13,22,44,54332.292731002526,87927.18641784092,115990.9044488888,319826.47154059546,6036.921414555836,5272.313838585854,11622.99109366285,0.96495321413427,1,9,22,17,4,6,4,1,0.4648941336518441,0.1693528956431853,0.3657529707049705,11,9,-2,-0.1818181818181818,55360.09845041356,54332.292731002526,-1027.805719411037,-0.0185658217412971,7,10,17,21,28,7,14,12,55,2,2,3,0,2,8,7,-1,-0.125,1,1,0,0,0,0,4.519635416723755,3.0,41.0,,0,1,0,0.2170660508911861,0.0802254110735141,1,1,0,0,87.0,6983.617327810593,14876.182649020182,4150.1316885663255,2833.485639244268,223602.8226587176,232666.90167424627,low_value,0,9,10,0,digital_active,no_recent_complaints,digital_power_user
1134,F,Astana,large_city,medium,unemployed,low,65,49,mass,0,299139.3144326869,2024-02-01,1980,49,2,2,2,0,1,0,0,0,0,346,77.0,5,8,13,26,75427.55130796492,123980.9423332678,175107.22944409004,337612.1213305744,15085.510261592985,13469.78688031462,16254.39049054467,0.9510593033188456,0,5,3,67,1,5,3,2,0.9682327880471434,0.0301643339214501,0.0016028780314063,6,5,-1,-0.1666666666666666,92424.11282737754,75427.55130796492,-16996.561519412615,-0.1838974808571595,0,2,3,2,11,6,11,62,33,2,2,2,0,1,1,0,-1,-1.0,0,0,0,0,0,0,,,,,2,4,0,0.2425045470477854,0.0720232210490525,1,2,1,0,29.0,11233.449311282702,21846.75784010177,3493.361641401593,7740.08766988111,265764.35714099486,256974.0970453957,medium_value,0,6,2,0,activity_drop,no_recent_complaints,low_digital_engagement
820,M,Astana,large_city,medium,employee,low,27,59,mass,0,333390.6184288646,2024-02-01,840,59,5,1,2,1,1,0,0,0,0,267,15.0,8,12,21,35,58850.78761452848,128608.1600260516,215245.71948597825,389064.74568969785,7356.34845181606,10249.796165998963,27603.58860090715,1.0,0,6,21,3,4,10,5,3,0.7280464668390128,0.1593754843767855,0.1125780487842018,11,8,-3,-0.2727272727272727,121135.5355479252,58850.78761452848,-62284.74793339672,-0.5141740419247565,2,2,3,6,14,1,14,35,46,2,2,4,0,0,2,2,0,0.0,0,0,0,0,0,0,,,,,1,5,0,0.3559206819484165,0.0251763770433586,1,1,3,0,86.0,14990.897861531666,32068.390956989075,4538.111234855633,10452.786626676034,1418120.4353646338,1510992.882063616,medium_value,0,5,2,0,transaction_active,no_recent_complaints,low_digital_engagement
2174,M,Astana,medium_city,medium,self_employed,medium,38,25,mass,0,381295.3295497526,2024-02-01,1170,25,2,0,2,1,0,0,0,1,0,668,,4,13,20,31,62639.06621217632,169553.40060427916,351860.45628797973,458690.1522477299,15659.76655304408,17593.022814398988,62872.11104903529,0.9797305375606956,0,4,20,65,4,7,2,1,0.9094150206896492,0.0528168950469263,0.0377680842634245,4,4,0,0.0,84241.10041831587,62639.06621217632,-21602.034206139542,-0.2564310544243886,2,5,8,5,21,6,21,64,20,3,2,8,1,1,4,2,-2,-0.5,1,1,0,0,1,0,3.4147626172013386,3.0,66.0,,2,2,0,0.3218636031729081,0.0978695653382872,1,0,0,0,4.0,9138.2199463455,17510.940361169112,2863.4382796281548,6274.781666717345,333825.32913693244,378242.7276935862,medium_value,0,4,3,0,transaction_active,no_recent_complaints,medium_digital_engagement
528,F,South_KZ,large_city,medium,self_employed,medium,35,43,mass,0,345670.56704115454,2024-02-01,1080,43,4,0,2,0,0,0,0,1,0,471,,11,17,29,53,209297.38064664736,282007.8074569271,653182.7704969755,1062119.0291352363,19027.03460424067,22523.54381024053,42966.52628922547,0.946974328925966,0,11,29,48,5,7,3,2,0.8066976518566066,0.0389992226476654,0.1543031254957279,12,11,-1,-0.0833333333333333,240369.3116779468,209297.38064664736,-31071.93103129941,-0.1292674626989422,2,5,6,10,24,1,24,52,8,1,3,5,1,1,2,2,0,0.0,0,1,0,0,0,0,3.656146691059556,3.0,84.0,,2,5,2,0.2104265972445831,0.0848305132172709,3,1,1,0,46.0,13809.635516804172,25338.3349343044,5026.087149390849,8783.548367413323,763596.6740425575,727188.2841457569,medium_value,0,10,3,0,transaction_active,no_recent_complaints,medium_digital_engagement
2055,M,Astana,large_city,low,retired,medium,34,35,pensioner,0,177097.85565578466,2024-02-01,1050,35,2,1,2,1,0,0,1,1,0,191,156.0,4,8,8,18,31237.674238648226,52195.1402090676,64262.47054067547,158042.23746787163,7809.418559662055,8032.808817584434,11149.136423740883,0.9340980375998824,0,4,8,13,1,4,2,1,0.6500041435425107,0.2418008711685951,0.108194985288894,12,4,-8,-0.6666666666666666,116911.61234511885,31237.674238648226,-85673.93810647061,-0.7328094822057902,1,1,1,4,10,4,10,59,35,1,1,3,0,0,8,1,-7,-0.875,1,1,0,0,0,0,4.409323230559007,4.0,89.0,,0,1,0,0.384356600058529,0.131837541188181,0,1,0,0,88.0,7656.907126548254,13909.083760645064,4512.9416720142335,3143.965454534021,220649.91393766904,246044.39963508293,low_value,0,5,0,0,activity_drop,no_recent_complaints,medium_digital_engagement
1367,M,Karaganda,medium_city,low,employee,medium,18,35,mass,0,141715.4644743408,2024-02-01,570,35,1,1,1,1,0,0,0,1,0,397,186.0,2,4,7,16,8179.218045955781,15478.23325538703,41134.0171566997,62431.55036898982,4089.6090229778906,5876.288165242814,24839.40878553259,0.879078067298829,2,2,7,38,1,2,2,1,0.7681456109701718,0.130618242376457,0.1012361466533713,5,2,-3,-0.6,20936.1379635133,8179.218045955781,-12756.91991755752,-0.6093253655373208,3,7,9,7,26,2,26,64,32,1,4,2,1,2,7,3,-4,-0.5714285714285714,0,0,0,0,0,0,,,,,1,3,2,0.0302086232756353,0.0136932362158124,1,1,0,0,28.0,2496.65036158864,4775.00411839397,2724.93576790556,-228.2854063169193,219620.4963167996,215210.08188126533,low_value,0,4,7,0,activity_drop,no_recent_complaints,medium_digital_engagement
618,M,Aktobe,small_city,medium,self_employed,high,60,51,mass,0,363639.5312133668,2024-02-01,1830,51,1,0,1,1,0,0,1,1,0,552,,9,13,15,34,230778.9083839261,297698.000054951,349892.61232714285,691127.6245788528,25642.10093154735,23326.174155142857,65738.65213444573,1.0,0,9,15,60,1,6,1,2,0.7792549016426518,0.1167094969373096,0.1040356014200386,10,9,-1,-0.1,239379.1373784016,230778.9083839261,-8600.228994475416,-0.0359272286159194,5,8,15,12,42,6,42,9,64,7,4,14,1,2,7,5,-2,-0.2857142857142857,0,0,0,0,0,0,,,,,1,4,2,0.4794026258982514,0.1038167900840421,0,2,2,0,84.0,9317.866783716448,20394.0742576775,3318.7062880584103,5999.160495658038,943409.425371396,837639.4275478257,medium_value,0,9,3,0,digital_active,no_recent_complaints,digital_power_user
439,F,Almaty,rural,low,retired,high,59,27,pensioner,0,160295.52080671184,2024-02-01,1800,27,2,1,1,1,0,0,0,1,0,340,368.0,4,15,18,33,27175.441636781285,99824.3871521646,123122.048301843,253912.5850131685,6793.860409195321,6840.113794546833,18867.53437978555,0.9839105737876194,2,4,18,6,2,4,2,2,0.4270784561529006,0.0191976532956035,0.5537238905514958,8,4,-4,-0.5,55228.67293979221,27175.441636781285,-28053.231303010925,-0.5079468654550741,2,6,13,9,45,6,19,75,21,3,7,9,1,2,3,2,-1,-0.3333333333333333,0,0,0,0,0,0,,,,,2,3,0,0.3429594207781634,0.0792463407083122,1,0,0,0,47.0,4431.026426076614,7773.033181885436,4410.674110382474,20.35231569414009,176891.51976776848,170354.15026987813,low_value,0,9,7,0,transaction_active,no_recent_complaints,medium_digital_engagement
1969,M,North_KZ,medium_city,medium,employee,medium,63,34,mass,1,210148.38482907845,2024-02-01,1920,34,2,1,2,1,0,0,0,1,1,59,860.0,5,10,15,35,47145.60764498838,70568.76148673406,139118.92506016284,273572.03998499754,9429.121528997675,9274.595004010856,36177.85089693689,0.9532077689650524,2,5,15,36,2,6,3,2,0.6462455827892638,0.1775020688309597,0.1762523483797765,14,5,-9,-0.6428571428571429,166510.281116622,47145.60764498838,-119364.67347163364,-0.7168606807409802,5,8,11,7,27,1,27,12,24,4,1,5,1,1,14,5,-9,-0.6428571428571429,0,0,0,0,0,0,,,,,1,1,0,0.4340094419389511,0.0826474189269313,1,1,1,0,24.0,4579.693213955578,8632.936030811552,3354.284194190154,1225.4090197654243,253441.97145737385,278204.924624912,low_value,0,4,6,0,activity_drop,no_recent_complaints,medium_digital_engagement
441,F,North_KZ,large_city,low,employee,medium,55,48,mass,1,187453.64344113803,2024-02-01,1680,48,2,0,2,1,0,0,1,1,1,539,,10,14,18,34,84942.40156583788,101204.89433654714,122718.05011962348,321926.44299611426,8494.240156583788,6817.6694510901925,27948.590779226764,0.9242465948405938,1,9,18,10,2,8,4,1,0.8382644804005532,0.1455824104236294,0.0161531091758172,13,10,-3,-0.2307692307692307,130543.136586183,84942.40156583788,-45600.73502034512,-0.349315453978234,3,7,10,6,24,3,24,76,34,1,4,4,1,1,6,3,-3,-0.5,0,0,0,0,0,0,,,,,0,0,0,,,0,0,0,0,,7695.003026755045,15252.653510724993,3131.588052610508,4563.414974144536,714750.8637343183,765969.9345870612,low_value,0,11,4,0,transaction_active,no_recent_complaints,medium_digital_engagement
1037,M,Almaty,rural,low,employee,high,44,50,mass,1,157778.57155929276,2024-02-01,1350,50,1,0,1,1,0,0,0,1,1,17,,9,13,17,29,58637.14234215288,73076.70415935467,97165.42664480404,197117.02513121965,6515.238038016987,5715.613332047296,14037.664411093989,0.9954421830269016,0,4,17,15,3,8,4,2,0.518887011134349,0.4133899709902902,0.0677230178753608,13,9,-4,-0.3076923076923077,69725.06262311594,58637.14234215288,-11087.92028096306,-0.1590234538891196,5,12,15,15,44,1,44,49,65,7,7,14,1,1,5,5,0,0.0,0,1,0,0,0,0,3.757494739390173,3.0,50.0,,0,1,1,0.1762685795630916,0.0501425565803947,0,0,0,0,85.0,5241.317911567004,11217.881270275737,2627.000599149172,2614.3173124178315,653489.0920216198,725897.1380993605,low_value,0,13,6,0,digital_active,no_recent_complaints,digital_power_user
842,F,East_KZ,large_city,medium,self_employed,low,61,33,mass,0,277719.2684879161,2024-02-01,1860,33,2,0,2,1,1,0,0,0,0,60,,2,5,7,20,39256.05285501062,86784.92845982929,107533.72274997232,372903.6088004798,19628.02642750531,15361.960392853189,48941.78104236789,0.9373503878037734,0,2,7,60,1,2,2,1,0.7767830027838001,0.2079578682435107,0.0152591289726891,11,2,-9,-0.8181818181818182,177735.25298842482,39256.05285501062,-138479.2001334142,-0.7791318706055056,0,0,0,0,0,1,0,163,222,0,0,0,0,0,9,0,-9,-1.0,0,0,0,0,0,0,,,,,0,3,1,0.3077538405822215,0.1135876787716941,1,1,1,0,37.0,8808.421304666559,20167.975828682924,3980.184885816,4828.236418850559,630513.859229121,676853.8940614426,low_value,1,0,0,0,activity_drop,no_recent_complaints,low_digital_engagement
1104,F,Almaty,small_city,premium,self_employed,low,42,53,premium,0,1237296.9084998162,2024-02-01,1290,53,0,0,0,1,1,1,0,1,0,397,,4,7,11,21,201174.484656925,388333.7810594829,587943.5738936027,927935.8535693934,50293.62116423125,53449.41580850934,138312.77310437916,1.0,0,4,11,49,2,3,2,2,0.4574550267935107,0.0684185969111372,0.4741263762953521,6,4,-2,-0.3333333333333333,315137.4256896999,201174.484656925,-113962.94103277488,-0.3616293456207531,1,2,3,3,13,5,13,14,32,1,0,4,0,1,3,1,-2,-0.6666666666666666,0,0,0,0,0,0,,,,,1,2,0,0.1677356233904007,0.0425922192224199,2,1,0,0,89.0,23169.770361765,46338.98566398442,2855.9773958900696,20313.792965874927,2437494.3786570216,2253525.4813378835,high_value,0,6,0,0,activity_drop,no_recent_complaints,low_digital_engagement
621,F,Almaty,medium_city,medium,employee,low,38,39,mass,0,269628.13303642254,2024-02-01,1170,39,3,1,3,1,1,0,0,1,0,324,644.0,4,10,14,29,37776.37278606654,101965.015898881,147676.84656181297,254837.31797477772,9444.093196516636,10548.34618298664,31306.37907521474,0.9885932694090244,0,4,14,50,2,6,1,1,0.5298238929146724,0.4252469189875799,0.0449291880977478,8,4,-4,-0.5,80835.91621760777,37776.37278606654,-43059.54343154123,-0.5326783618760043,3,5,5,3,12,5,12,41,22,1,2,1,0,1,5,3,-2,-0.4,0,0,0,0,0,0,,,,,0,2,1,0.3597760772795756,0.0577669997716658,0,1,0,0,70.0,10582.767523303715,23184.44585266673,4003.786288745696,6578.981234558021,837823.062663885,902481.15130265,medium_value,0,3,3,0,moderate_activity,no_recent_complaints,low_digital_engagement
1431,F,Shymkent,large_city,medium,employee,high,64,22,mass,1,520617.3728402275,2024-02-01,1950,22,4,2,3,1,1,0,0,1,1,231,768.0,11,16,23,42,285934.7522908417,553251.1159132147,612400.9853659361,944164.1109384946,25994.06839007652,26626.12979851896,40732.90761150111,0.9557658707744148,1,6,10,71,2,9,4,2,0.7607975073045783,0.0606944960654705,0.1785079966299513,16,11,-5,-0.3125,410170.1719152463,285934.7522908417,-124235.41962440456,-0.3028875040920221,2,8,8,9,28,3,28,1,77,2,3,6,1,2,8,2,-6,-0.75,0,0,0,0,0,0,,,,,0,1,0,0.1971335731737201,0.0407980976705408,1,1,0,0,24.0,17523.79977533943,36151.84485831164,4811.473317712364,12712.326457627069,604402.0807167266,560202.903636699,medium_value,0,7,2,0,activity_drop,no_recent_complaints,medium_digital_engagement
2145,M,Astana,small_city,high,employee,low,32,31,affluent,1,736415.8555020891,2024-03-01,1020,31,4,1,4,1,0,0,1,1,1,403,280.0,5,11,24,53,232427.43716441467,494543.2954655426,1112000.9470462229,3311476.515708141,46485.48743288293,46333.37279359262,61902.16288051146,0.966365621491395,0,5,24,32,4,10,5,2,0.431773010926957,0.5390733586670416,0.0291536304060013,5,5,0,0.0,161423.85706556975,232427.43716441467,71003.58009884492,0.4398580320751692,2,3,6,5,12,1,5,76,26,1,1,2,0,0,4,2,-2,-0.5,0,0,0,0,0,0,,,,,0,1,0,0.0339123867811466,0.009784639157708,0,0,1,0,72.0,19842.24160877669,46452.10340928967,4037.340388394324,15804.901220382366,1256979.4409907418,1302074.5808271307,high_value,0,4,1,0,transaction_active,no_recent_complaints,low_digital_engagement
2296,M,Almaty,rural,medium,entrepreneur,medium,31,19,sme_owner,0,197384.01694432303,2024-03-01,990,19,3,0,3,1,0,0,0,1,1,240,,4,8,16,27,28979.31989392636,65331.47798159776,144062.81426373235,212891.15943405463,7244.82997348159,9003.925891483272,24874.00167566378,1.0,0,4,16,42,1,5,3,3,0.582998210750344,0.1700539600906731,0.2469478291589826,7,4,-3,-0.4285714285714285,51867.951438527096,28979.31989392636,-22888.631544600736,-0.4412865923908312,4,5,7,11,25,7,25,79,13,2,4,6,1,1,5,4,-1,-0.2,0,0,0,0,0,0,,,,,1,1,1,0.2681590602077424,0.1017111741838609,1,0,0,0,6.0,10541.722001498412,21463.85910387759,4228.087370792993,6313.634630705419,442316.11497719056,484669.8555637062,medium_value,0,6,2,0,transaction_active,no_recent_complaints,medium_digital_engagement
1834,M,Shymkent,rural,medium,employee,low,71,30,mass,1,331803.07617840124,2024-03-01,2190,30,1,0,1,1,0,0,0,1,1,179,,5,9,15,25,41863.96024526896,49110.71618299375,88157.50013254909,163025.3487071472,8372.79204905379,5877.166675503273,22383.03878681812,0.9478574349959944,1,5,15,65,2,6,1,1,0.6924769912980226,0.2261917132300723,0.081331295471905,5,5,0,0.0,41958.59850972165,41863.96024526896,-94.6382644526966,-0.0022555153845467,1,1,2,7,7,2,5,19,8,0,1,1,0,0,3,1,-2,-0.6666666666666666,0,0,0,0,0,0,,,,,2,2,0,0.4205099269967353,0.1665478304254487,1,2,0,0,16.0,5588.87550359982,13089.4838542643,3059.2792177134133,2529.596285886407,938697.2945749416,1073911.2935361287,low_value,0,7,0,0,activity_drop,no_recent_complaints,low_digital_engagement
1356,M,Almaty,medium_city,low,employee,medium,19,40,mass,0,75610.2975314457,2024-03-01,630,40,0,4,0,1,0,0,1,1,0,270,385.0,5,8,11,21,16281.638461946195,23461.988498236,30171.203770522287,59975.236971587794,3256.327692389239,2742.836706411117,3547.9981249034013,0.9730795463171532,0,5,11,69,1,2,2,1,0.6603534515635536,0.2226917377245248,0.1169548107119216,7,5,-2,-0.2857142857142857,15593.769743414485,16281.638461946195,687.8687185317121,0.0441117657789073,2,6,7,9,19,7,19,21,22,2,2,6,0,1,5,2,-3,-0.6,0,0,0,0,0,0,,,,,0,1,0,0.3193603600475748,0.0751022254779054,1,0,0,0,77.0,2081.353101092118,4547.864191158631,1924.4380513821004,156.91504971001746,89065.65468122823,97065.2070078433,low_value,0,1,3,0,activity_drop,no_recent_complaints,medium_digital_engagement
811,M,South_KZ,medium_city,high,employee,medium,68,43,affluent,0,473528.60727199423,2024-03-01,2100,43,2,0,2,1,1,1,0,1,0,242,,4,8,14,23,74397.041486929,152475.26191087867,223747.34123926653,525038.9562311764,18599.26037173225,15981.952945661897,55336.58264755758,0.9499054404213813,1,4,12,9,2,3,1,2,0.7668023883652314,0.0607852686936952,0.1724123429410732,4,4,0,0.0,51589.13715782428,74397.041486929,22807.90432910472,0.4421067221831901,2,4,8,8,21,4,21,19,24,2,3,2,0,0,5,2,-3,-0.6,0,0,0,0,0,0,,,,,2,4,1,0.197261638159628,0.0184202252163476,2,2,0,0,12.0,12069.731551477607,23411.58886515588,3961.6083279290615,8108.123223548546,728777.5215861505,775355.4662112411,medium_value,0,4,5,0,activity_drop,no_recent_complaints,medium_digital_engagement
2248,F,Karaganda,large_city,high,entrepreneur,medium,30,55,affluent,0,574188.047502215,2024-03-01,960,55,5,0,5,1,1,0,0,1,0,651,,4,7,12,27,57583.33074570434,90646.51759271532,194888.16650289416,363482.2699981736,14395.832686426083,16240.680541907846,29260.372270882763,1.0,0,3,12,69,2,3,3,2,0.653282115440246,0.1009517380657988,0.2457661464939552,8,4,-4,-0.5,111275.32108930976,57583.33074570434,-53691.990343605416,-0.482514809375496,1,3,4,4,15,6,6,12,42,2,2,4,0,1,10,1,-9,-0.9,0,0,0,0,0,0,,,,,0,1,0,0.5444859106563238,0.2497411474237396,1,0,1,0,44.0,18329.067334426465,42958.67543549394,5900.029163092572,12429.038171333894,1894093.3643185948,2125597.8285010364,medium_value,0,9,6,0,activity_drop,no_recent_complaints,medium_digital_engagement
1289,M,Astana,large_city,medium,employee,low,49,49,mass,0,537154.2616269069,2024-03-01,1530,49,1,1,1,1,0,0,0,1,0,428,310.0,5,6,12,15,47341.5020275154,79315.88333483115,123498.89153458607,245341.07807026812,9468.30040550308,10291.57429454884,37945.95335221201,0.9735207684279056,2,5,12,6,1,4,2,1,0.6601943919244616,0.2052621203441013,0.1345434877314369,8,5,-3,-0.375,74998.41428380228,47341.5020275154,-27656.91225628688,-0.3687666268733372,2,2,4,4,17,1,17,71,71,2,3,7,0,0,6,2,-4,-0.6666666666666666,0,0,0,0,0,0,,,,,0,0,0,,,0,0,0,0,,11107.194245600627,24194.228824472943,3212.672907989685,7894.521337610944,586454.6523338116,610676.1730737945,medium_value,0,0,2,0,activity_drop,no_recent_complaints,low_digital_engagement
663,M,Almaty,medium_city,low,unemployed,high,49,61,mass,0,156772.7464252187,2024-03-01,1530,61,1,0,1,1,0,0,0,1,0,633,,4,7,11,25,21365.49333857852,25110.17582470166,58410.93048340658,105031.72290533772,5341.37333464463,5310.084589400598,11075.204725129108,0.871779087864401,1,4,11,49,1,2,1,1,0.6324520584696994,0.3274013535754407,0.0401465879548598,4,4,0,0.0,19049.228740126524,21365.49333857852,2316.264598451995,0.1215936156812934,4,11,18,10,48,5,14,63,45,7,3,5,1,1,9,4,-5,-0.5555555555555556,0,0,0,0,0,0,,,,,0,2,0,0.4016373046691659,0.1255726137907322,2,1,0,0,11.0,3377.269322026149,6521.438172527718,3109.002122474327,268.26719955182216,326781.1461519721,326335.4294008054,low_value,0,4,7,0,activity_drop,no_recent_complaints,digital_power_user
508,F,Almaty,large_city,high,employee,medium,33,41,affluent,1,648914.0656545828,2024-03-01,1050,41,1,0,1,1,0,1,0,1,1,354,,3,10,17,34,157715.47229529393,567399.5613608805,1220402.7367460306,1774168.0035599286,52571.82409843131,71788.39627917827,139590.09171139114,0.968573224267596,0,3,17,4,1,4,4,2,0.5524187876291964,0.3380939539915553,0.1094872583792483,5,3,-2,-0.4,305514.6080785193,157715.47229529393,-147799.13578322536,-0.4837710926910571,1,5,7,9,26,1,26,38,75,4,3,11,1,1,3,1,-2,-0.6666666666666666,0,0,0,0,0,0,,,,,0,0,0,,,0,0,0,0,,15060.340438962,30459.29036540379,2696.569723570205,12363.770715391796,772602.4626265968,846503.568026983,medium_value,0,3,2,0,activity_drop,no_recent_complaints,medium_digital_engagement
319,M,Shymkent,large_city,premium,unemployed,medium,30,50,premium,0,1352087.7038520952,2024-03-01,960,50,5,0,2,1,0,0,0,1,0,509,,10,18,23,45,406062.5580279496,1118964.6639595453,1124676.5993631876,2154507.797713375,40606.25580279496,48898.98258100815,203446.3817262728,0.9962895631616936,0,10,23,21,2,5,3,4,0.6415779278236886,0.0258999894926551,0.3325220826836563,15,10,-5,-0.3333333333333333,588646.3906493591,406062.5580279496,-182583.8326214095,-0.3101757447624779,3,4,8,8,29,8,29,8,69,5,3,3,0,1,7,3,-4,-0.5714285714285714,0,0,0,0,0,0,,,,,0,2,1,0.3844321969245953,0.1849222626285802,0,0,0,0,71.0,33536.864640191634,71775.68093345965,4968.715578842728,28568.149061348908,4259594.594907898,4669778.426539288,high_value,0,12,5,0,activity_drop,no_recent_complaints,medium_digital_engagement
2019,F,Atyrau,large_city,medium,self_employed,low,71,44,mass,0,412920.7074952388,2024-03-01,2190,44,0,0,0,1,0,0,1,0,1,447,,5,7,9,22,59142.93280834741,108315.92055910958,146730.18269920128,230441.8667622005,11828.586561669485,16303.353633244587,57797.41635616496,0.932094815487082,0,5,5,5,1,4,2,1,0.7981816183904402,0.0283918377582106,0.1734265438513491,5,5,0,0.0,79113.0010471886,59142.93280834741,-19970.068238841195,-0.2524246075171593,1,2,4,4,14,7,14,8,19,0,1,1,0,0,1,1,0,0.0,0,0,0,0,0,0,,,,,1,3,0,0.2767827178938568,0.0467115925380905,1,1,0,0,72.0,8997.814555988256,18454.78679712518,2148.9679872513098,6848.846568736946,281942.688444756,299948.22651235334,medium_value,0,8,1,0,moderate_activity,no_recent_complaints,low_digital_engagement
219,F,Almaty,large_city,high,employee,medium,79,19,affluent,0,1050920.147270744,2024-03-01,2430,19,1,1,1,1,1,0,0,1,0,885,560.0,6,9,13,29,326937.73947925447,748329.9562524239,731240.0242213954,1928329.7026692084,54489.62324654241,56249.23263241503,184566.422773664,0.9485011151488052,1,6,13,28,2,2,2,2,0.6147210945456826,0.2334671152656371,0.1518117901886803,8,6,-2,-0.25,546453.1277437409,326937.73947925447,-219515.38826448645,-0.401709455247968,2,6,8,11,23,2,23,35,64,2,4,3,1,1,5,2,-3,-0.6,0,0,0,0,0,0,,,,,0,0,0,,,0,0,0,0,,21268.317096359737,41301.23501597177,3608.866375725438,17659.450720634297,2345526.389222172,2249659.11380566,high_value,0,7,4,0,activity_drop,no_recent_complaints,medium_digital_engagement
2096,M,North_KZ,large_city,medium,employee,medium,39,74,mass,0,298338.14520662744,2024-03-01,1230,74,1,0,1,1,0,0,0,1,0,706,,2,3,8,14,31743.30738184371,53055.556929784696,125928.55421223988,196353.9573398096,15871.653690921856,15741.069276529986,68324.52262271856,0.9954095100203942,0,2,8,25,1,3,2,1,0.2147348575590338,0.4273051104644648,0.3579600319765013,4,2,-2,-0.5,64165.39357540565,31743.30738184371,-32422.08619356193,-0.5052892904874069,3,7,10,7,30,4,30,38,2,5,2,13,1,2,5,3,-2,-0.4,0,0,0,0,0,0,,,,,0,1,0,0.3018300093827262,0.0582564288572959,1,0,0,0,27.0,6718.587633058487,14515.585835286556,2943.020177881561,3775.567455176926,805946.4664317486,839300.4944537929,low_value,0,4,6,0,moderate_activity,no_recent_complaints,medium_digital_engagement
49,F,Astana,large_city,low,unemployed,low,75,37,mass,0,120524.18382246804,2024-03-01,2310,37,1,1,1,1,0,0,0,0,0,824,443.0,4,8,12,19,24596.38690997896,40221.26703713839,71143.2677410545,122594.38516238295,6149.09672749474,5928.605645087875,7331.518291639621,0.947202596374448,0,2,12,39,2,5,2,1,0.7747818221994225,0.1156337625981471,0.1095844152024303,8,4,-4,-0.5,43495.6722435959,24596.38690997896,-18899.285333616943,-0.4345095582790902,4,7,9,8,18,7,18,17,14,2,3,3,0,1,14,4,-10,-0.7142857142857143,0,0,0,0,0,0,,,,,0,0,0,,,0,0,0,0,,534.6849112263553,1093.448852831164,2588.12464312789,-2053.4397319015347,218535.20487662707,209568.27357696692,low_value,0,1,3,0,activity_drop,no_recent_complaints,low_digital_engagement
669,M,Almaty,medium_city,low,employee,medium,19,54,mass,1,168830.48312857313,2024-03-01,630,54,5,0,5,1,0,0,0,1,1,74,,5,11,19,51,11270.083092583664,34683.359225793305,54252.560339116186,216371.0701039267,2254.0166185167327,2855.3979125850624,10397.28570177016,1.0,0,5,19,35,3,5,3,2,0.8046560844875232,0.065951903964927,0.1293920115475497,7,5,-2,-0.2857142857142857,23588.375867938423,11270.083092583664,-12318.292775354765,-0.5222187760751226,2,4,5,10,28,2,28,8,78,4,4,8,0,1,2,2,0,0.0,0,0,0,0,0,0,,,,,2,4,2,0.1112530794904108,0.0468570951761752,2,1,1,0,11.0,10227.962048815796,18324.204958714272,4749.540667266433,5478.421381549363,582084.7795200001,603839.246231631,medium_value,0,7,2,1,transaction_active,no_recent_complaints,medium_digital_engagement
2138,F,Aktobe,large_city,high,entrepreneur,medium,36,42,affluent,0,780263.1747363383,2024-03-01,1140,42,3,0,1,1,1,0,1,1,0,236,,7,13,16,37,158891.8298113611,216971.61298041,422126.3595238607,908884.7437804412,22698.83283019444,26382.89747024129,77916.0371015955,0.9092106982307296,1,7,16,11,3,7,3,2,0.8986348813461151,0.0750069030825258,0.0263582155713589,9,7,-2,-0.2222222222222222,209007.3841020256,158891.8298113611,-50115.5542906645,-0.2397788695647275,3,8,13,11,30,3,30,17,55,5,1,7,0,1,4,3,-1,-0.25,0,0,0,0,0,0,,,,,1,1,1,0.1693487867551817,0.0147700897799874,0,0,0,0,42.0,18103.0365263514,42278.71044426853,4479.32416709699,13623.712359254409,2029275.007857088,2157913.3650470166,medium_value,0,6,4,0,transaction_active,no_recent_complaints,medium_digital_engagement
2311,F,Shymkent,large_city,medium,retired,high,22,35,pensioner,0,389420.298814792,2024-03-01,720,35,1,0,1,1,0,0,0,1,0,760,,2,4,9,18,26996.49358631369,59972.65400275448,104038.37435841722,226572.9828870764,13498.246793156844,11559.819373157468,37632.30809484496,0.9771580822688108,0,2,9,26,2,3,2,1,0.5999625082569379,0.1983882336330686,0.2016492581099934,2,2,0,0.0,31018.950837804543,26996.49358631369,-4022.457251490854,-0.129677411480612,3,7,13,10,44,4,44,68,78,7,4,14,2,1,3,3,0,0.0,0,0,0,0,0,0,,,,,1,3,0,0.4444310257912848,0.1814214484614316,1,2,1,1,75.0,8574.564528954235,20155.94921008632,3629.7224017523145,4944.84212720192,501107.5200569738,572112.1492071054,low_value,0,6,8,0,moderate_activity,no_recent_complaints,medium_digital_engagement
1937,M,East_KZ,rural,low,retired,low,32,30,pensioner,0,138142.87299492772,2024-03-01,1020,30,1,0,1,1,0,0,0,1,1,325,,3,6,9,17,14774.26574044293,26154.58117894585,31600.718657200952,80904.41259645269,4924.75524681431,3511.190961911217,12135.271943256555,1.0,0,3,9,7,1,4,2,1,0.7544326041307713,0.2199359401336477,0.025631455735581,6,3,-3,-0.5,29867.013402801764,14774.26574044293,-15092.747662358834,-0.5053316667056845,4,5,5,6,16,3,16,45,14,2,2,4,0,1,9,4,-5,-0.5555555555555556,0,0,0,0,0,0,,,,,1,2,0,0.4473767487881357,0.1152863352640817,2,0,1,0,20.0,3016.3888065346487,5613.234643218861,3058.2898415413283,-41.90103500667965,332811.87083964393,303963.31167942344,low_value,0,4,3,0,activity_drop,no_recent_complaints,low_digital_engagement
867,F,Aktobe,small_city,low,employee,medium,65,56,mass,1,166994.81124456407,2024-03-01,2010,56,4,0,4,1,0,0,0,1,1,735,,6,9,14,32,47512.96855134106,62882.083983283606,100453.07951893524,237323.57778905288,7918.828091890176,7175.219965638231,20631.06543804901,0.9761199575894424,0,6,14,55,1,4,3,1,0.3857861521586788,0.4539751583457654,0.1602386894955557,15,6,-9,-0.6,86059.70347045803,47512.96855134106,-38546.73491911697,-0.4479068991023078,3,3,3,9,10,4,10,61,77,1,1,3,0,0,10,3,-7,-0.7,0,0,0,0,0,0,,,,,0,1,1,0.4562636086057851,0.1712367992311283,0,0,1,0,87.0,8851.745700006886,20221.851173619063,4731.55803860092,4120.187661405967,182597.5769901364,159006.14280522775,low_value,0,11,1,0,activity_drop,no_recent_complaints,medium_digital_engagement
2257,F,Astana,medium_city,medium,entrepreneur,medium,65,39,sme_owner,0,353691.0152182327,2024-03-01,2010,39,1,0,1,1,0,0,0,1,0,388,,5,7,8,15,59813.53779101675,50992.99437609607,77169.92678690614,198817.0916037499,11962.70755820335,9646.240848363268,43094.4243077598,0.955133801788572,0,4,8,61,1,2,1,1,0.8074299184538717,0.1331848773418674,0.0593852042042608,5,5,0,0.0,44247.72058877918,59813.53779101675,15565.817202237571,0.3517880016216004,4,6,16,13,26,4,26,48,77,4,3,9,0,1,6,4,-2,-0.3333333333333333,0,0,0,0,0,0,,,,,0,2,0,0.1929203202634529,0.0714280420145862,0,0,0,0,23.0,5782.791480119095,12150.484211832149,3202.731456009141,2580.0600241099537,1169914.3606205606,1011800.046346169,low_value,0,7,8,0,digital_active,no_recent_complaints,medium_digital_engagement
169,M,Karaganda,large_city,medium,retired,medium,59,48,pensioner,0,411783.1472947229,2024-03-01,1830,48,3,1,3,1,0,0,1,1,0,32,125.0,5,15,18,41,35825.30597858699,88222.34724806083,131901.0422732092,406264.0103014337,7165.061195717399,7327.835681844956,13123.0510225614,0.9765126569761622,0,5,18,34,2,4,3,2,0.8832752171191484,0.0318248811366854,0.0848999017441662,8,5,-3,-0.375,61734.12736913793,35825.30597858699,-25908.82139055094,-0.4196839332583367,1,4,7,3,28,4,28,49,19,3,4,2,1,2,3,1,-2,-0.6666666666666666,0,0,0,0,0,0,,,,,0,1,0,0.3294368621696224,0.0360711178072341,0,1,0,0,1.0,11011.818627553674,22450.13028436006,3699.762230187069,7312.056397366605,693104.2770388678,707786.0420617894,medium_value,0,11,1,0,activity_drop,no_recent_complaints,medium_digital_engagement
1259,F,South_KZ,medium_city,medium,employee,low,50,29,mass,1,268011.4894821782,2024-03-01,1560,29,4,0,1,1,1,0,0,0,1,869,,10,18,29,57,51146.12433827805,89438.96385503626,205193.13746038108,262130.46151730104,5114.612433827805,7075.625429668313,14178.692276053303,1.0,0,10,13,57,3,7,7,4,0.6384992963420922,0.2588319193258394,0.1026687843320684,11,10,-1,-0.0909090909090909,74121.6722187931,51146.12433827805,-22975.54788051505,-0.309970716967847,0,0,5,1,13,6,13,78,32,1,1,5,0,1,1,0,-1,-1.0,0,0,0,0,0,0,,,,,2,3,1,0.3667188936914304,0.1573425552692463,2,0,0,0,23.0,11379.097754228244,23069.590742126507,4282.81570039192,7096.282053836326,340563.0482166996,375003.4977173747,medium_value,0,12,0,0,activity_drop,no_recent_complaints,low_digital_engagement
510,M,Atyrau,medium_city,medium,entrepreneur,medium,28,42,sme_owner,0,349285.4338628823,2024-03-01,900,42,2,0,2,1,1,0,0,1,0,772,,5,12,16,23,15739.660267448518,44155.21249688584,56488.54774053708,87484.04263175564,3147.932053489704,3530.534233783568,8031.739469510826,0.977373022779768,0,5,16,5,2,5,2,2,0.3898439483636026,0.1207982618195483,0.4893577898168491,5,5,0,0.0,16251.93471669434,15739.660267448518,-512.2744492458223,-0.0315208286383037,5,10,13,8,33,1,33,58,25,6,2,3,1,2,7,5,-2,-0.2857142857142857,0,0,0,0,0,0,,,,,2,3,0,0.203673724300409,0.0919330378997332,1,1,1,0,54.0,9334.670776613371,20607.019318759405,4006.930131853793,5327.740644759579,486092.8453968778,425867.9712422599,medium_value,0,8,3,0,transaction_active,no_recent_complaints,medium_digital_engagement
368,F,Karaganda,small_city,low,employee,medium,57,39,mass,1,119100.44738999072,2024-03-01,1770,39,1,0,1,1,0,0,0,1,1,115,,3,12,16,25,16607.06004096548,49301.17980650149,59450.992015436655,105817.79696334392,5535.686680321826,3715.687000964791,5986.092214722547,0.8978133813462783,1,3,15,67,2,7,2,2,0.2431801660293006,0.684021703998773,0.0727981299719261,11,3,-8,-0.7272727272727273,51072.09958456403,16607.06004096548,-34465.03954359855,-0.6748310687038059,1,2,4,7,12,8,12,32,31,1,1,2,0,1,9,1,-8,-0.8888888888888888,0,2,0,0,0,0,3.418281084188716,3.0,64.0,,0,2,1,0.1777560141840833,0.0244071862520049,1,1,1,0,45.0,2972.497723859775,5605.61499865921,2731.1118616954195,241.38586216435533,255357.72020825185,277005.43077674013,low_value,0,8,2,0,activity_drop,no_recent_complaints,medium_digital_engagement
1628,M,Shymkent,medium_city,medium,unemployed,medium,82,36,mass,0,330273.15195860475,2024-03-01,2520,36,1,2,1,1,0,0,0,1,1,839,621.0,3,6,13,31,39832.0186747783,104308.5201867005,226228.7518012514,522212.32197442907,13277.339558259431,17402.21167701934,76681.58510075245,1.0,0,3,10,51,2,5,3,2,0.5879988196298054,0.4101835701857391,0.0018176101844555,6,3,-3,-0.5,96295.66811656368,39832.0186747783,-56463.64944178537,-0.586357107709533,1,3,4,6,14,2,14,48,49,2,1,1,1,0,4,1,-3,-0.75,0,0,0,0,0,0,,,,,0,1,0,0.3669054679659348,0.0625758175127897,0,0,0,0,17.0,7325.8740890138,16318.266873687297,3400.158735486645,3925.7153535271545,859873.7997570412,800880.097938981,low_value,0,6,1,0,activity_drop,no_recent_complaints,medium_digital_engagement
1421,F,Almaty,large_city,medium,entrepreneur,high,57,26,sme_owner,0,360592.068946488,2024-03-01,1770,26,3,2,3,1,0,0,0,1,0,583,896.0,6,10,21,36,41837.54594131772,66777.3876898836,129637.04484484837,163037.664587312,6972.924323552953,6173.192611659445,9145.562776260733,0.9901550721618444,0,1,8,44,2,4,5,4,0.7740252610422134,0.2198473163685783,0.0061274225892084,6,6,0,0.0,32290.01160826352,41837.54594131772,9547.534333054198,0.2956807339954884,5,13,18,11,49,6,49,14,78,7,2,10,1,1,9,5,-4,-0.4444444444444444,0,0,0,0,0,0,,,,,1,1,0,0.2482238607063736,0.0513056205648315,0,0,0,0,28.0,10383.637373640204,21288.89608550364,3267.492508822601,7116.144864817603,1082697.1729227745,1028748.3323293788,medium_value,0,5,8,0,digital_active,no_recent_complaints,digital_power_user
1881,F,Shymkent,large_city,medium,self_employed,medium,65,56,mass,0,301334.37401896063,2024-03-01,2010,56,2,0,1,1,0,0,0,1,0,553,,3,10,14,26,28607.147148447253,147396.03988507128,171795.37682948474,381467.96148700494,9535.715716149083,12271.098344963197,45358.80738587071,0.9592200713928392,0,3,14,53,1,5,3,1,0.4496568353011136,0.442755767918611,0.1075873967802752,4,3,-1,-0.25,60373.33153730561,28607.147148447253,-31766.18438885836,-0.526162522093543,5,11,18,14,35,3,16,17,64,4,2,6,2,1,6,5,-1,-0.1666666666666666,0,0,0,0,0,0,,,,,0,0,0,,,0,0,0,0,,8652.74300441985,16926.84358441744,3501.147679353136,5151.595325066714,449970.407091313,394600.3972233263,medium_value,0,3,6,1,digital_active,no_recent_complaints,medium_digital_engagement
1991,M,Shymkent,large_city,medium,retired,high,79,46,pensioner,0,308335.34065219254,2024-03-01,2430,46,0,0,0,1,0,0,0,1,0,126,,0,5,5,15,0.0,69522.8969884685,72239.85982512237,130424.42833231168,0.0,14447.971965024475,64674.54537516343,0.9879306852175423,0,0,5,64,0,2,0,1,0.7365830241291992,0.1144519155654443,0.1489650603053564,3,0,-3,-1.0,41646.188087789065,0.0,-41646.188087789065,-1.0,4,10,15,12,45,1,39,9,78,7,4,9,1,3,13,4,-9,-0.6923076923076923,0,0,0,0,0,0,,,,,0,1,0,0.5240891099284852,0.1395240664309117,1,0,0,0,7.0,3738.553404763317,7183.628281078306,3170.773938663276,567.7794661000416,426173.3755807994,386693.57492390426,low_value,0,4,7,0,activity_drop,no_recent_complaints,digital_power_user
1058,M,South_KZ,medium_city,medium,employee,high,51,20,mass,1,237840.17711516708,2024-03-01,1590,20,4,0,3,1,0,0,0,1,1,701,,12,21,33,54,117540.3434401146,218219.9187793981,309946.73149261426,553817.2799748351,9795.02862000955,9392.325196745887,34607.12788332911,0.8564761825977549,1,12,33,45,3,17,7,6,0.1932087684230006,0.3995300429381591,0.4072611886388402,13,12,-1,-0.0769230769230769,123459.4285732804,117540.3434401146,-5919.085133165791,-0.0479435649554498,3,11,15,10,41,7,37,43,75,6,6,5,2,2,7,3,-4,-0.5714285714285714,0,0,0,0,0,0,,,,,0,0,0,,,0,0,0,0,,11584.515980384092,27257.87875388456,3914.203409702438,7670.3125706816545,496961.572921677,454787.9964534544,medium_value,0,15,6,0,activity_drop,no_recent_complaints,digital_power_user
839,M,Astana,medium_city,medium,employee,high,26,39,mass,1,379911.54762423504,2024-03-01,840,39,4,1,2,1,0,0,1,1,1,677,791.0,10,18,30,65,142779.64887830178,297226.0903224288,412969.6223599456,949909.4703460578,14277.964887830178,13765.654078664851,19051.874985279053,0.9749921579584072,0,10,30,4,5,6,4,3,0.5498333755753039,0.2399734212242626,0.2101932032004333,13,10,-3,-0.2307692307692307,171493.27918889886,142779.64887830178,-28713.63031059708,-0.1674329772362051,11,13,16,22,45,5,7,17,40,4,6,9,1,1,17,11,-6,-0.3529411764705882,0,0,0,0,0,0,,,,,0,0,0,,,0,0,0,0,,14744.660816901802,30119.166640270607,4345.546437068187,10399.114379833616,1563891.4193663143,1555813.8169961318,medium_value,0,13,3,0,digital_active,no_recent_complaints,digital_power_user
1848,F,South_KZ,large_city,high,employee,high,58,46,affluent,1,693622.1015536094,2024-03-01,1800,46,2,0,1,1,0,1,0,1,1,671,,11,17,25,43,555368.1111882594,653819.5354044457,1129528.5198456044,1902216.3625784584,50488.01010802358,45181.140793824175,187224.83673422164,1.0,0,11,25,43,3,11,4,2,0.2653628160731753,0.4408809182486511,0.2937562656781736,13,11,-2,-0.1538461538461538,652774.0606603427,555368.1111882594,-97405.94947208324,-0.1492184744190783,3,10,17,14,37,2,37,6,53,5,5,6,2,2,5,3,-2,-0.4,0,1,0,1,0,0,3.231078644216281,2.0,35.0,,0,2,0,0.4993563003827018,0.1696920344503889,0,0,0,0,60.0,15773.850992047568,30739.34694792977,3745.310317424018,12028.54067462355,1482312.077671076,1282118.395722011,medium_value,0,6,2,0,digital_active,no_recent_complaints,digital_power_user
600,F,Almaty,medium_city,high,retired,medium,82,24,affluent,0,806475.9524271833,2024-03-01,2520,24,3,1,3,1,1,1,1,1,0,367,667.0,6,13,16,23,203019.9089827393,447683.19547845057,565192.1366159607,793845.2090181026,33836.65149712321,35324.50853849755,126801.75402222796,0.960004394619221,0,5,16,21,1,3,3,2,0.5154315894353388,0.3124605353976961,0.1721078751669651,10,6,-4,-0.4,331389.05513595714,203019.9089827393,-128369.14615321788,-0.387366885428828,0,1,2,2,15,8,15,70,66,1,1,4,0,0,9,0,-9,-1.0,0,0,0,0,0,0,,,,,1,2,0,0.2861429554353632,0.1172366035881419,2,0,0,0,87.0,20186.15823391763,35457.252767349186,3884.207525297215,16301.950708620416,1602382.4040802312,1477104.7582259492,high_value,0,10,0,0,activity_drop,no_recent_complaints,medium_digital_engagement
1921,F,Astana,small_city,low,entrepreneur,high,26,37,sme_owner,0,120351.47734187637,2024-03-01,840,37,3,0,3,1,0,0,0,1,0,484,,9,15,19,35,65854.6897781175,99166.2691880741,142851.54258559353,215384.8378974372,7317.187753124167,7518.502241347028,26561.07224509045,0.9516866271308752,1,9,19,57,4,8,2,3,0.733635494620067,0.1032430606549222,0.1631214447250107,11,9,-2,-0.1818181818181818,70917.06185712808,65854.6897781175,-5062.372079010573,-0.071384402377095,3,6,10,15,35,4,35,52,66,2,4,9,1,2,7,3,-4,-0.5714285714285714,1,1,0,0,0,0,4.904429517393152,4.0,53.0,,2,2,1,0.2426057751777417,0.1129271040485438,0,0,1,0,33.0,5674.712891602399,12088.495157031102,3740.943589558804,1933.769302043595,379477.0047470192,425131.3674691053,low_value,0,11,3,0,activity_drop,no_recent_complaints,medium_digital_engagement
1312,F,Almaty,small_city,premium,self_employed,high,58,27,premium,0,1653209.184610446,2024-03-01,1800,27,3,2,3,1,0,0,0,1,1,687,360.0,9,16,24,43,466978.4151710178,1082112.1552024002,1561501.886032687,2817914.75470463,51886.49057455754,65062.57858469529,215883.3530253961,0.9221981389288134,0,9,24,56,3,5,5,3,0.3279183480009872,0.3880369845207935,0.2840446674782194,11,9,-2,-0.1818181818181818,580842.7478900371,466978.4151710178,-113864.33271901926,-0.1960329764512711,8,18,26,24,49,1,49,41,64,7,7,9,2,1,10,8,-2,-0.2,0,0,0,0,0,0,,,,,0,4,1,0.3410155740569783,0.0883967739020372,1,2,1,1,31.0,32852.589337935264,65060.56353862282,3924.274264090077,28928.315073845188,5565916.663386854,6323355.1658346085,high_value,0,10,12,0,digital_active,no_recent_complaints,digital_power_user
1337,M,Aktobe,medium_city,medium,employee,high,37,60,mass,0,291143.28505737154,2024-03-01,1170,60,0,0,0,1,0,0,0,1,0,750,,5,11,17,28,64336.77661991799,99926.01479092833,213953.53864514868,390376.3484703879,12867.355323983598,12585.50227324404,15202.330556072076,0.9804847594762204,0,5,17,22,2,4,2,1,0.7593201332983756,0.1781938343754512,0.062486032326173,5,5,0,0.0,54212.74108906958,64336.77661991799,10124.035530848409,0.1867464239488459,5,12,20,19,40,7,40,6,61,2,6,4,2,2,8,5,-3,-0.375,0,0,0,0,0,0,,,,,0,1,0,0.1986636707230463,0.0497258484451083,0,0,0,0,1.0,3877.3234604824006,7487.005462610661,2486.325686969709,1390.9977735126918,726561.6298616639,728389.7407322106,low_value,0,10,4,0,digital_active,no_recent_complaints,digital_power_user
1134,F,Astana,large_city,medium,unemployed,low,65,49,mass,0,299139.3144326869,2024-03-01,2010,49,1,2,1,1,0,0,0,1,0,448,86.0,5,12,16,29,38197.05070050494,83283.15235760802,101394.37988607114,189295.7139016133,7639.4101401009875,6337.148742879446,18251.42339363344,0.9695243520844304,0,5,3,74,3,5,2,3,0.5651998988500055,0.3827131152465004,0.052086985903494,7,5,-2,-0.2857142857142857,36913.76066059599,38197.05070050494,1283.2900399089483,0.0347645435453779,3,6,10,5,17,8,17,10,18,2,1,2,0,1,3,3,0,0.0,0,0,0,0,0,0,,,,,1,1,1,0.1417870713741356,0.0132184350330978,0,1,0,0,52.0,8172.782115714735,14338.8020956627,3286.755621598377,4886.026494116359,1226616.3226283565,1140411.6791247958,low_value,0,5,3,0,transaction_active,no_recent_complaints,low_digital_engagement
820,M,Astana,large_city,medium,employee,low,27,59,mass,0,333390.6184288646,2024-03-01,870,59,2,0,1,1,0,0,0,0,0,368,,10,12,16,30,87001.8884645565,98815.71279406664,138759.5944504845,204281.1702515173,8700.18884645565,8672.474653155281,16438.57114299681,0.9483058556649744,0,6,16,30,3,7,3,2,0.6295315750041844,0.2034440516389979,0.1670243733568175,12,10,-2,-0.1666666666666666,86919.54670781513,87001.8884645565,82.34175674137077,0.0009473330207089,1,2,2,3,9,1,9,56,5,1,1,4,0,0,3,1,-2,-0.6666666666666666,0,1,0,0,1,0,4.214098956293077,4.0,69.0,,0,1,0,0.2729414543450396,0.0465558834398789,1,0,0,1,75.0,5970.732425822151,11080.28549666832,3347.9928746714804,2622.73955115067,499750.53024561686,531749.6440456992,low_value,0,6,1,0,activity_drop,no_recent_complaints,low_digital_engagement
2174,M,Astana,medium_city,medium,self_employed,medium,38,25,mass,0,381295.3295497526,2024-03-01,1200,25,2,0,2,1,0,0,0,1,0,378,,5,7,9,22,129321.48049653016,164689.9311854023,329064.5196810594,688916.93084335,25864.29609930604,36562.7244090066,90356.50470907916,0.9922448559715178,0,5,9,43,2,5,2,1,0.7071810774998057,0.2806897632013195,0.0121291592988747,10,5,-5,-0.5,394868.0816960851,129321.48049653016,-265546.601199555,-0.6724944696946563,0,3,5,6,11,2,11,51,18,0,1,2,0,0,5,0,-5,-1.0,0,0,0,0,0,0,,,,,0,0,0,,,0,0,0,0,,10628.847763984157,21489.718567512675,4544.316729596054,6084.531034388103,870022.639454414,916893.4928627574,medium_value,0,8,1,0,activity_drop,no_recent_complaints,medium_digital_engagement
528,F,South_KZ,large_city,medium,self_employed,medium,35,43,mass,0,345670.56704115454,2024-03-01,1110,43,2,1,2,1,0,0,0,1,0,168,442.0,8,14,16,30,85854.94663317964,141526.73096205835,131874.86485182392,229824.4972155508,10731.868329147455,8242.179053238995,10457.430679676674,1.0,0,8,16,62,2,3,3,3,0.6535521671159769,0.2822429456276308,0.0642048872563924,9,8,-1,-0.1111111111111111,96134.14603179156,85854.94663317964,-10279.19939861192,-0.1069255807942849,3,8,13,6,35,6,15,31,70,6,1,8,1,2,5,3,-2,-0.4,0,0,0,0,0,0,,,,,1,3,0,0.4538247630851501,0.1358084865816017,2,0,1,0,19.0,9515.616207103236,20627.434827097582,3314.42853186662,6201.187675236616,1068685.491362439,935382.4629148982,medium_value,0,8,4,0,transaction_active,no_recent_complaints,medium_digital_engagement
2055,M,Astana,large_city,low,retired,medium,34,35,pensioner,0,177097.85565578466,2024-03-01,1080,35,1,1,1,0,0,0,1,1,0,431,53.0,6,7,11,24,54567.06659350852,74508.50319684818,122671.5795706019,297119.4889415387,9094.511098918088,11151.961779145628,18361.77560088448,0.9791678995513388,0,6,11,20,1,5,1,1,0.6577630188851612,0.3160215922707947,0.0262153888440442,6,6,0,0.0,83494.69983625005,54567.06659350852,-28927.633242741525,-0.3464607130689068,1,3,4,5,30,5,11,39,12,4,5,4,1,1,5,1,-4,-0.8,0,0,0,0,0,0,,,,,0,2,1,0.2855571158037145,0.119433955046891,0,1,0,0,11.0,6205.557168548413,13056.90230292352,3201.3566781203417,3004.200490428071,254679.45772386133,262474.8241539673,low_value,0,4,1,0,activity_drop,no_recent_complaints,medium_digital_engagement
1367,M,Karaganda,medium_city,low,employee,medium,18,35,mass,0,141715.4644743408,2024-03-01,600,35,0,2,0,1,0,0,1,1,0,127,223.0,0,0,1,9,0.0,0.0,6672.671836226064,35381.14807904133,0.0,6672.671836226064,20986.24276106561,0.9358026486628016,0,0,1,35,0,0,0,0,0.8150235335540282,0.1181982522983863,0.0667782141475853,7,0,-7,-1.0,33894.06891030795,0.0,-33894.06891030795,-1.0,4,9,10,7,18,1,18,37,21,2,3,4,0,1,8,4,-4,-0.5,0,0,0,0,0,0,,,,,1,1,0,0.4873516020778946,0.220582969132713,1,1,0,0,48.0,4003.578055873164,7763.516019160489,2050.970479036412,1952.6075768367523,161242.1810023212,177457.137721863,low_value,0,0,12,0,activity_drop,no_recent_complaints,medium_digital_engagement
618,M,Aktobe,small_city,medium,self_employed,high,60,51,mass,0,363639.5312133668,2024-03-01,1860,51,1,1,1,1,1,0,0,1,0,327,463.0,8,11,12,17,190151.62868193668,200847.8527514941,213616.1482439972,281174.7416028935,23768.953585242085,17801.345686999764,26646.78589978575,0.8980785067786372,1,2,12,61,2,6,2,1,0.7186814301876504,0.2761353540063276,0.0051832158060219,9,8,-1,-0.1111111111111111,181550.45675111184,190151.62868193668,8601.171930824843,0.0473762065088947,5,12,16,15,44,5,2,55,24,2,5,17,1,2,7,5,-2,-0.2857142857142857,0,0,0,0,0,0,,,,,1,4,0,0.251425849360367,0.0390083547400956,2,1,0,0,88.0,7802.2086776056,16725.02287030334,2420.3766027559022,5381.832074849698,1185234.6925483472,1235613.4273975254,medium_value,0,4,4,0,digital_active,no_recent_complaints,digital_power_user
439,F,Almaty,rural,low,retired,high,59,27,pensioner,0,160295.52080671184,2024-03-01,1830,27,0,2,0,1,0,0,0,1,0,88,899.0,4,5,8,18,38900.58562503778,46294.77305503816,93739.38516812352,202609.7320257908,9725.146406259446,11717.42314601544,49174.516140338026,0.911506120036544,1,4,8,60,1,3,2,1,0.6853475519502429,0.1472465642991682,0.1674058837505889,4,4,0,0.0,43549.13605859084,38900.58562503778,-4648.550433553057,-0.1067426556361282,3,5,11,12,30,4,30,69,38,5,3,6,1,2,7,3,-4,-0.5714285714285714,0,0,0,0,0,0,,,,,0,2,0,0.3317033465316173,0.02897749674898,0,0,1,0,29.0,3491.149848539295,6231.810779636772,1816.883144202699,1674.266704336596,306403.62879235164,265152.32484578807,low_value,0,3,4,0,activity_drop,no_recent_complaints,medium_digital_engagement
1969,M,North_KZ,medium_city,medium,employee,medium,63,34,mass,1,210148.38482907845,2024-03-01,1950,34,3,0,3,1,0,0,0,1,1,553,,10,17,24,52,59372.869575116034,107305.25796035728,149240.967204321,366058.06755355,5937.286957511604,6218.373633513375,26054.041095809687,0.9939993247007388,0,10,24,17,3,12,4,4,0.6002587262398603,0.3196327196444629,0.0801085541156766,18,10,-8,-0.4444444444444444,109278.3142875017,59372.869575116034,-49905.44471238566,-0.4566820511257961,2,4,7,5,17,2,8,58,60,2,2,7,1,0,10,2,-8,-0.8,0,0,0,0,0,0,,,,,0,1,0,0.2539431898545035,0.1061412622915202,1,0,0,0,89.0,6511.939619304401,15270.44184469946,4588.767188049193,1923.1724312552087,302167.7308265412,310091.04636849364,low_value,0,13,1,0,activity_drop,no_recent_complaints,medium_digital_engagement
441,F,North_KZ,large_city,low,employee,medium,55,48,mass,1,187453.64344113803,2024-03-01,1710,48,1,1,1,0,0,0,1,1,1,27,193.0,5,14,19,35,44927.54814887188,132622.29108936264,266036.2519650733,304233.2595899177,8985.509629774377,14001.907998161752,50038.88832811441,0.9044461406793928,2,5,19,4,1,4,3,3,0.4054214739222524,0.4274955158520383,0.1670830102257092,15,5,-10,-0.6666666666666666,142223.29395498117,44927.54814887188,-97295.74580610928,-0.6841055575390268,4,6,9,4,22,2,22,49,51,2,1,7,1,0,13,4,-9,-0.6923076923076923,0,0,0,0,0,0,,,,,0,0,0,,,0,0,0,0,,2929.7628761835567,6423.644559339007,3136.3842466306487,-206.621370447092,482942.3740571654,481132.4667266974,low_value,0,6,4,0,activity_drop,no_recent_complaints,medium_digital_engagement
1037,M,Almaty,rural,low,employee,high,44,50,mass,1,157778.57155929276,2024-03-01,1380,50,0,2,0,1,0,0,1,1,1,355,339.0,5,10,14,23,48103.45418117604,115800.68718004347,168875.98615870185,290417.7960163902,9620.690836235208,12062.570439907277,17990.53942979698,0.99201867845803,0,5,14,13,3,5,1,1,0.4325738201878364,0.2356115581307321,0.3318146216814314,7,5,-2,-0.2857142857142857,73473.01644482568,48103.45418117604,-25369.56226364965,-0.3452908767220798,7,11,12,14,35,5,20,55,73,4,4,13,1,1,11,7,-4,-0.3636363636363636,0,0,0,0,0,0,,,,,2,3,0,0.0,0.0,0,1,1,0,84.0,4040.808801811248,7620.116582055742,2414.036886153074,1626.7719156581734,343170.3082384141,318539.4771340114,low_value,0,5,9,0,moderate_activity,no_recent_complaints,medium_digital_engagement
842,F,East_KZ,large_city,medium,self_employed,low,61,33,mass,0,277719.2684879161,2024-03-01,1890,33,2,0,2,1,0,0,0,0,0,23,,6,12,16,24,110592.30947249416,208518.86070541007,289310.4718774611,363830.0144317256,18432.051578749026,18081.90449234132,44696.72121081384,0.9530682042422756,3,6,16,10,3,6,2,3,0.7831457953136692,0.1462663022062161,0.0705879024801146,7,6,-1,-0.1428571428571428,111274.92018035922,110592.30947249416,-682.6107078650675,-0.0061344524602548,1,1,3,5,10,4,10,53,56,1,1,1,0,0,2,1,-1,-0.5,0,0,0,0,0,0,,,,,1,3,0,0.4885831259293,0.1611437877042705,0,1,1,0,72.0,6859.953277389823,13663.948804560368,4034.3745787722505,2825.578698617572,477728.2853665736,434965.0022130778,low_value,0,7,1,0,transaction_active,no_recent_complaints,low_digital_engagement
1104,F,Almaty,small_city,premium,self_employed,low,42,53,premium,0,1237296.9084998162,2024-03-01,1320,53,5,1,1,1,1,0,0,0,1,68,274.0,7,13,21,53,256344.276666042,447420.8049367208,681834.4516966266,2128318.2402559463,36620.61095229171,32468.307223648888,144155.8773925838,0.9486369845771148,0,7,21,63,4,7,5,3,0.5399087327264405,0.403072616282925,0.0570186509906344,11,7,-4,-0.3636363636363636,315979.3851433503,256344.276666042,-59635.10847730833,-0.1887310099367833,0,1,3,5,13,4,11,24,43,2,1,4,0,0,3,0,-3,-1.0,0,0,0,0,0,0,,,,,0,0,0,,,0,0,0,0,,28318.06361293617,52417.82463822503,3947.6417210598497,24370.42189187632,1862237.2888082345,1930441.5664722056,high_value,0,9,1,0,activity_drop,no_recent_complaints,low_digital_engagement
621,F,Almaty,medium_city,medium,employee,low,38,39,mass,0,269628.13303642254,2024-03-01,1200,39,4,3,1,1,0,0,0,0,0,421,309.0,7,13,23,44,85313.17180020163,169781.19181872954,162280.38108809167,554935.6071127374,12187.595971457376,7055.668742960507,11783.29683320364,0.9712441491461552,0,5,23,66,2,8,2,3,0.5179577624920273,0.4352681366755427,0.04677410083243,10,7,-3,-0.3,87819.62278824182,85313.17180020163,-2506.4509880401893,-0.028540899043531,3,3,3,5,12,6,12,54,30,1,2,2,0,0,3,3,0,0.0,0,0,0,0,0,0,,,,,1,3,0,0.5538863826341371,0.1980499829540181,2,1,2,1,68.0,11532.266608331676,23321.840640949045,3974.793891246886,7557.472717084791,344040.4889901956,319338.79916741257,medium_value,0,5,1,0,transaction_active,no_recent_complaints,low_digital_engagement
1431,F,Shymkent,large_city,medium,employee,high,64,22,mass,1,520617.3728402275,2024-03-01,1980,22,1,0,1,1,0,0,0,1,1,869,,6,13,15,30,126276.11982403888,246906.007906874,239964.6801845754,645536.1277537707,21046.019970673147,15997.64534563836,61863.04874497712,0.9631531965726908,0,6,15,54,2,5,3,2,0.3227125792955215,0.4849827303177743,0.1923046903867042,8,6,-2,-0.25,134714.55310220827,126276.11982403888,-8438.433278169396,-0.0626393591772311,5,11,13,16,37,5,31,52,57,2,1,6,1,2,6,5,-1,-0.1666666666666666,0,0,0,0,0,0,,,,,0,1,1,0.0114425728958708,0.0046494275218011,0,0,1,0,85.0,10433.051130942484,19922.812512957145,2157.30598868813,8275.745142254353,928946.631682832,830979.79971098,medium_value,0,11,4,0,transaction_active,no_recent_complaints,medium_digital_engagement
2145,M,Astana,small_city,high,employee,low,32,31,affluent,1,736415.8555020891,2024-04-01,1050,31,2,1,1,1,1,0,1,1,1,372,435.0,4,7,13,33,234602.089882422,387335.3660899424,635318.7161922326,1731163.504537479,58650.52247060549,48870.670476325584,162059.6998906575,0.9307128844246542,0,4,13,6,2,3,3,2,0.4224317310794183,0.5589046774542997,0.0186635914662821,5,4,-1,-0.2,279472.9047634942,234602.089882422,-44870.81488107224,-0.160555152632934,3,5,7,7,14,1,14,76,17,2,1,2,0,0,6,3,-3,-0.5,0,0,0,0,0,0,,,,,0,1,0,0.1868656553839077,0.0841845268555412,1,1,0,0,71.0,18624.369834725007,36953.39508685983,2788.429240348083,15835.940594376923,2018455.4932108468,1943877.478786921,high_value,0,5,5,0,moderate_activity,no_recent_complaints,low_digital_engagement
2296,M,Almaty,rural,medium,entrepreneur,medium,31,19,sme_owner,0,197384.01694432303,2024-04-01,1020,19,2,2,2,1,1,0,0,1,1,245,338.0,2,10,15,22,21872.416217865022,91781.86461353654,160742.31355227547,180932.1322557667,10936.208108932511,10716.154236818364,22448.42805227197,0.9320844497466484,2,2,15,56,1,6,3,1,0.7915794523533012,0.1876856803930755,0.0207348672536232,6,2,-4,-0.6666666666666666,57446.28758502103,21872.416217865022,-35573.87136715601,-0.6192544873244655,2,5,8,6,24,2,24,9,45,3,1,2,1,1,2,2,0,0.0,0,1,0,0,0,0,5.0,4.0,64.0,,0,2,1,0.3365795468663982,0.0455214886599352,1,1,0,0,61.0,7595.778696123913,16531.686908977677,3479.569703659366,4116.208992464546,914270.2900545832,928378.0470101068,low_value,0,7,3,0,activity_drop,no_recent_complaints,medium_digital_engagement
1834,M,Shymkent,rural,medium,employee,low,71,30,mass,1,331803.07617840124,2024-04-01,2220,30,1,1,1,1,0,0,1,0,1,398,888.0,7,15,22,37,105626.00013226327,295755.1538709466,351549.60837005446,689195.2847876408,15089.428590323329,15979.527653184294,38748.127938441095,0.9515015063535894,1,7,20,27,3,7,3,2,0.785582396141352,0.1319206563215941,0.0824969475370538,8,7,-1,-0.125,160339.35588955766,105626.00013226327,-54713.35575729437,-0.3412347234011663,0,1,2,5,3,2,3,7,73,0,0,1,0,0,1,0,-1,-1.0,0,1,1,0,0,0,3.2209666948696145,2.0,59.0,33.0,0,1,0,0.2964882652026598,0.0777506372475993,1,0,0,0,65.0,7499.806253702846,14282.137589749214,3140.818732014506,4358.98752168834,923968.8637736144,907506.39304065,low_value,0,7,3,0,activity_drop,complaint_risk,low_digital_engagement
1356,M,Almaty,medium_city,low,employee,medium,19,40,mass,0,75610.2975314457,2024-04-01,660,40,0,1,0,0,0,0,0,1,0,653,69.0,3,4,6,16,12125.927502716608,15368.45052904096,25425.463591423693,42931.461452083306,4041.975834238869,4237.5772652372825,9246.26946705976,0.9634220701215808,0,3,6,71,1,1,1,1,0.8160518607995415,0.1557384500215881,0.0282096891788704,8,3,-5,-0.625,26806.646679251568,12125.927502716608,-14680.71917653496,-0.5476522055217703,2,2,5,2,15,2,15,44,15,1,1,1,1,0,9,2,-7,-0.7777777777777778,0,0,0,0,0,0,,,,,1,1,0,0.2371912700943093,0.1080856490315568,0,0,0,0,32.0,3280.096667263686,7197.690665927353,2648.590734223376,631.5059330403101,58255.45913735031,50629.84838351838,low_value,0,0,1,0,activity_drop,no_recent_complaints,medium_digital_engagement
811,M,South_KZ,medium_city,high,employee,medium,68,43,affluent,0,473528.60727199423,2024-04-01,2130,43,4,2,1,1,1,0,0,1,0,589,885.0,10,19,28,51,232877.8389450452,408943.338918252,781368.6327492892,1437409.168667551,23287.78389450452,27906.02259818889,117542.65878764915,0.8918346294093866,2,10,28,11,2,12,4,2,0.6320532685230937,0.290087830371836,0.0778589011050701,13,10,-3,-0.2307692307692307,311916.64494507207,232877.8389450452,-79038.80600002687,-0.2533972049293665,4,8,9,14,27,4,27,71,20,4,3,11,1,1,9,4,-5,-0.5555555555555556,0,1,0,0,0,0,3.805881589340815,3.0,86.0,,1,3,0,0.1995028362092961,0.0573526227951562,2,1,0,0,6.0,15513.56439115549,34075.754063609646,5368.641099813375,10144.923291342116,1195936.8337973056,1252319.6943066309,medium_value,0,15,6,0,activity_drop,no_recent_complaints,medium_digital_engagement
2248,F,Karaganda,large_city,high,entrepreneur,medium,30,55,affluent,0,574188.047502215,2024-04-01,990,55,3,1,3,1,0,1,1,1,0,84,568.0,6,11,19,31,113956.60274470704,181439.6494761863,338253.6334167539,577802.0116543415,18992.76712411784,17802.8228114081,71420.87043673513,0.9797087902824132,2,6,19,74,2,9,4,2,0.6144600220616486,0.2385231698766386,0.1470168080617127,10,6,-4,-0.4,235555.42324420944,113956.60274470704,-121598.8204995024,-0.5162216977421751,4,6,11,9,26,6,22,18,21,2,2,9,1,1,7,4,-3,-0.4285714285714285,0,0,0,0,0,0,,,,,2,6,1,0.279795702462802,0.015051509669176,1,4,3,0,84.0,12496.063589026748,28283.74659301479,4134.580370637593,8361.483218389156,2089838.6866822487,2390183.4675567183,medium_value,0,9,4,0,transaction_active,no_recent_complaints,medium_digital_engagement
1289,M,Astana,large_city,medium,employee,low,49,49,mass,0,537154.2616269069,2024-04-01,1560,49,1,1,1,1,1,0,0,0,0,259,865.0,5,10,14,22,66095.06005721985,146013.1038104805,246160.6041376805,257253.5560879509,13219.012011443969,17582.90029554861,41587.28022689712,0.9845989190411012,0,5,14,50,1,3,3,2,0.8153555753429774,0.120489153966428,0.0641552706905945,7,5,-2,-0.2857142857142857,80939.67227408299,66095.06005721985,-14844.61221686314,-0.1834034139228459,0,1,6,2,14,2,14,25,69,2,1,3,0,1,3,0,-3,-1.0,1,1,1,0,0,0,4.503277622626038,3.0,86.0,69.0,0,2,1,0.2178335451769835,0.0389539448807261,0,1,0,0,80.0,11273.174521175632,22684.383220795786,3460.316389822711,7812.858131352923,310626.70360376115,298915.08590712026,medium_value,0,6,2,0,activity_drop,complaint_risk,low_digital_engagement
663,M,Almaty,medium_city,low,unemployed,high,49,61,mass,0,156772.7464252187,2024-04-01,1560,61,0,2,0,1,0,0,0,1,0,305,17.0,2,6,8,17,5037.359201962657,17630.979519638226,20580.58109517919,48259.39016393973,2518.6796009813283,2572.5726368973988,10725.71902054738,0.9804591000996584,0,2,8,44,1,3,1,1,0.6015472198915413,0.1271962727566056,0.2712565073518531,4,2,-2,-0.5,11970.123542586987,5037.359201962657,-6932.764340624332,-0.5791723298392976,6,12,13,10,39,2,39,31,77,4,3,4,1,2,9,6,-3,-0.3333333333333333,0,0,0,0,0,0,,,,,0,2,1,0.2097898963141176,0.0317389923579037,0,1,0,0,23.0,2206.651809580738,4887.395658027047,2944.7047167845803,-738.0529072038426,319122.5594903486,315110.7591113112,low_value,0,2,6,0,moderate_activity,no_recent_complaints,medium_digital_engagement
508,F,Almaty,large_city,high,employee,medium,33,41,affluent,1,648914.0656545828,2024-04-01,1080,41,2,1,1,1,0,0,0,1,1,800,629.0,9,15,21,43,146304.21901804808,263855.93012547377,338893.7688929585,787462.215007607,16256.024335338676,16137.79851871231,28108.705604066334,0.94113625493196,1,9,21,19,4,8,4,2,0.6435114353402379,0.2568349776426198,0.0996535870171423,10,9,-1,-0.1,193137.34536181137,146304.21901804808,-46833.12634376329,-0.242486124348603,1,5,7,4,22,3,22,35,51,1,1,7,1,1,1,1,0,0.0,0,0,0,0,0,0,,,,,1,2,0,0.104477591135916,0.0090303360642542,2,1,0,0,55.0,16863.954148336485,29806.64270196004,3571.95436168366,13291.999786652825,919859.9278010774,900884.6528621943,medium_value,0,8,4,0,transaction_active,no_recent_complaints,medium_digital_engagement
319,M,Shymkent,large_city,premium,unemployed,medium,30,50,premium,0,1352087.7038520952,2024-04-01,990,50,7,4,3,1,0,0,0,1,0,530,458.0,12,18,26,60,890325.5132003502,1446691.0831649662,1905521.8311980425,6467776.287395226,74193.79276669586,73289.30119992471,123399.22063786276,0.987630667064256,0,6,1,4,2,9,6,3,0.5395354770612455,0.1832966731388604,0.2771678497998942,16,12,-4,-0.25,1063842.0386608744,890325.5132003502,-173516.52546052414,-0.1631036555755405,7,12,15,12,32,7,32,19,2,4,2,7,1,2,10,7,-3,-0.3,1,1,0,0,0,0,2.05522922199535,1.0,60.0,,2,3,0,0.1860957068537719,0.04605230902895,0,0,1,0,36.0,34337.79932529439,73641.30562554816,6597.118214394709,27740.681110899684,1770166.2411353749,1616424.680828865,high_value,0,12,9,0,digital_active,no_recent_complaints,medium_digital_engagement
2019,F,Atyrau,large_city,medium,self_employed,low,71,44,mass,0,412920.7074952388,2024-04-01,2220,44,1,2,1,0,0,0,0,0,0,452,242.0,1,3,4,16,7364.141379406031,22876.55063687076,34064.55995398308,115182.27392478168,7364.141379406031,8516.13998849577,35525.59554210539,0.9520262203003252,1,1,1,67,0,2,0,1,0.7572331466984982,0.0316502148338135,0.2111166384676882,7,1,-6,-0.8571428571428571,41582.9197976884,7364.141379406031,-34218.77841828237,-0.8229046585657172,0,1,1,6,9,3,9,51,2,1,1,3,0,0,6,0,-6,-1.0,0,0,0,0,0,0,,,,,1,1,1,0.0090444804542245,0.003109325391471,0,0,0,0,2.0,8022.522515215542,16258.362746006738,2213.6566545401374,5808.865860675404,1714936.0571727892,1685965.1044395345,medium_value,0,0,1,0,activity_drop,no_recent_complaints,low_digital_engagement
219,F,Almaty,large_city,high,employee,medium,79,19,affluent,0,1050920.147270744,2024-04-01,2460,19,0,0,0,1,0,0,1,1,0,577,,0,8,9,17,0.0,261841.6774721898,374935.2191175845,759641.2297521897,0.0,41659.46879084272,142598.1276272244,0.9630451522035538,0,0,9,60,1,4,2,1,0.8515595001723871,0.0874186093738859,0.0610218904537269,1,0,-1,-1.0,45204.07180420428,0.0,-45204.07180420428,-1.0,4,8,11,9,32,4,32,66,38,5,2,4,1,2,6,4,-2,-0.3333333333333333,0,0,0,0,0,0,,,,,1,2,1,0.0837091456982675,0.0290723565480156,2,0,1,0,26.0,18374.577237364567,37552.298150083225,2141.806039885996,16232.77119747857,827893.6224629158,812927.7730396268,high_value,0,8,5,0,activity_drop,no_recent_complaints,medium_digital_engagement
2096,M,North_KZ,large_city,medium,employee,medium,39,74,mass,0,298338.14520662744,2024-04-01,1260,74,2,2,1,1,1,0,0,1,0,53,738.0,4,10,16,28,32385.311353631765,60557.47258037304,114676.26380509522,217451.9161136337,8096.327838407941,7167.266487818451,16667.130146102565,0.988957070610275,0,4,16,62,2,3,2,2,0.7541084602143329,0.2004144515169218,0.0454770882687453,6,4,-2,-0.3333333333333333,42064.20272463551,32385.311353631765,-9678.89137100374,-0.230098058303032,2,2,3,12,18,6,18,30,53,2,3,8,1,1,3,2,-1,-0.3333333333333333,0,0,0,0,0,0,,,,,1,4,0,0.3200542382454038,0.1330822118773534,1,0,1,0,52.0,8894.600076157692,20609.66125299847,3084.6083162518257,5809.991759905866,328890.6943968857,305337.69231463986,medium_value,0,1,0,0,transaction_active,no_recent_complaints,medium_digital_engagement
49,F,Astana,large_city,low,unemployed,low,75,37,mass,0,120524.18382246804,2024-04-01,2340,37,2,0,2,1,0,0,0,0,0,218,,3,6,13,27,18797.717639827515,44908.09162439223,87747.46493230543,165594.1860626142,6265.905879942505,6749.804994792726,19366.433620162057,0.985159123504768,0,3,13,20,2,3,3,2,0.7447271352104915,0.1430738873032311,0.1121989774862775,4,3,-1,-0.25,27544.46178247986,18797.717639827515,-8746.744142652344,-0.3175500110231184,0,2,3,1,9,8,9,72,44,1,1,3,0,0,5,0,-5,-1.0,0,0,0,0,0,0,,,,,1,1,1,0.310498381383123,0.0656684858832241,0,0,0,0,11.0,3298.958019555478,6494.947919798112,3446.2232767141054,-147.26525715862726,617118.9688933052,700147.8660468674,low_value,0,6,1,1,activity_drop,no_recent_complaints,low_digital_engagement
669,M,Almaty,medium_city,low,employee,medium,19,54,mass,1,168830.48312857313,2024-04-01,660,54,1,1,1,1,0,0,0,1,1,36,114.0,10,16,20,45,86237.53557795261,122074.62499719569,186754.1955789803,317021.2239913201,8623.753557795262,9337.709778949014,32817.42845963663,1.0,0,10,20,8,4,10,3,2,0.7856090866312555,0.1736891828653946,0.0407017305033498,11,10,-1,-0.0909090909090909,86218.05664020237,86237.53557795261,19.47893775024568,0.000225926430139,5,7,10,12,23,8,23,44,38,1,3,3,1,1,10,5,-5,-0.5,0,0,0,0,0,0,,,,,0,1,0,0.1792529341722423,0.0486061164270389,1,0,1,0,72.0,5914.5242319989575,12610.441731826308,2624.325463876367,3290.1987681225905,116205.16900281652,129571.15619885243,low_value,0,9,2,0,transaction_active,no_recent_complaints,medium_digital_engagement
2138,F,Aktobe,large_city,high,entrepreneur,medium,36,42,affluent,0,780263.1747363383,2024-04-01,1170,42,6,0,5,1,0,0,0,1,1,172,,8,17,23,42,247610.158942666,520243.4737571639,778786.0712162775,1314434.2499501307,30951.26986783325,33860.26396592511,135275.57105161613,0.9368875160184568,4,3,23,21,4,6,3,2,0.7617427619515639,0.1457360005177745,0.0925212375306617,8,8,0,0.0,230715.82827204184,247610.158942666,16894.330670624156,0.07322571146139,3,7,9,9,27,2,27,8,24,1,3,7,0,2,4,3,-1,-0.25,0,0,0,0,0,0,,,,,0,0,0,,,0,0,0,0,,23709.15785642216,48281.37191015108,4690.592214981014,19018.56564144114,1301407.262416846,1130570.276594708,high_value,0,14,3,0,transaction_active,no_recent_complaints,medium_digital_engagement
2311,F,Shymkent,large_city,medium,retired,high,22,35,pensioner,0,389420.298814792,2024-04-01,750,35,0,0,0,1,0,0,0,1,0,532,,5,12,14,28,82125.88338788682,212537.0051862227,196430.42740313945,531247.815643423,16425.176677577365,14030.74481450996,33065.7766665771,0.945865002023714,3,5,14,29,1,7,3,2,0.4694310849246166,0.4440276103686686,0.0865413047067147,6,5,-1,-0.1666666666666666,71553.1351067239,82125.88338788682,10572.748281162916,0.1477607971389836,4,10,14,8,46,4,4,50,42,6,7,15,2,3,6,4,-2,-0.3333333333333333,0,1,0,0,0,0,1.9993447854767203,1.0,84.0,,1,1,0,0.2851592357930966,0.1378021914349422,0,1,0,0,55.0,6791.590054460231,14913.173869572463,2302.8986588212283,4488.691395639003,1553220.3485943703,1351666.269308729,low_value,0,13,9,1,moderate_activity,complaint_risk,medium_digital_engagement
1937,M,East_KZ,rural,low,retired,low,32,30,pensioner,0,138142.87299492772,2024-04-01,1050,30,1,1,1,1,0,0,1,1,1,867,844.0,7,12,19,28,29002.067284860503,54480.73074065082,77973.62752661433,105677.99385387589,4143.152469265786,4103.875132979701,17246.81130675842,1.0,0,7,1,5,2,7,3,2,0.6516707220592407,0.2516877575292491,0.0966415204115101,7,7,0,0.0,27261.41462810077,29002.067284860503,1740.652656759732,0.0638504157068021,2,3,3,6,16,2,16,56,22,1,1,3,1,1,4,2,-2,-0.5,0,0,0,0,0,0,,,,,4,6,0,0.5641357749988445,0.1604710522090218,3,1,1,0,40.0,6918.376855194931,16249.096890938794,3026.42884879878,3891.948006396151,397405.05636572425,369847.5845113688,low_value,0,5,2,0,transaction_active,no_recent_complaints,low_digital_engagement
867,F,Aktobe,small_city,low,employee,medium,65,56,mass,1,166994.81124456407,2024-04-01,2040,56,2,1,1,1,0,0,0,1,1,639,813.0,7,15,19,37,39268.40649807706,117455.35389333624,109220.48907108916,262503.7591271032,5609.772356868152,5748.446793215218,25760.960093653488,0.9373720451886356,1,7,19,66,3,6,2,2,0.5430713233827116,0.2737176982484702,0.1832109783688182,8,7,-1,-0.125,57380.75518396045,39268.40649807706,-18112.348685883386,-0.3156519747398915,2,4,6,9,18,1,18,24,75,1,1,4,0,0,3,2,-1,-0.3333333333333333,0,0,0,0,0,0,,,,,1,1,0,0.4330278059417166,0.1822641573343307,1,0,0,0,30.0,8416.93899155956,19268.30357575796,3985.6319700442136,4431.307021515347,432979.0943254003,382717.0338451307,low_value,0,6,2,0,transaction_active,no_recent_complaints,medium_digital_engagement
2257,F,Astana,medium_city,medium,entrepreneur,medium,65,39,sme_owner,0,353691.0152182327,2024-04-01,2040,39,4,1,4,1,1,0,0,1,0,470,488.0,9,16,29,49,84617.47452142445,180777.90596791668,389254.6352596393,360470.8490902509,9401.941613491605,13422.573629642737,23873.97348259042,0.9864579322810834,0,2,29,47,4,14,3,3,0.3939061265089644,0.506764132393564,0.0993297410974715,10,9,-1,-0.1,92581.04100714604,84617.47452142445,-7963.566485721603,-0.0860172493103303,7,12,21,15,42,6,38,36,39,3,6,11,1,1,10,7,-3,-0.3,0,0,0,0,0,0,,,,,0,1,1,0.4751697024456507,0.1592901529243527,0,0,0,0,72.0,11503.482486275068,23925.020172126984,4240.764037683544,7262.718448591524,1483226.3377077726,1658742.437721938,medium_value,0,9,8,0,digital_active,no_recent_complaints,medium_digital_engagement
169,M,Karaganda,large_city,medium,retired,medium,59,48,pensioner,0,411783.1472947229,2024-04-01,1860,48,0,1,0,1,0,0,0,1,0,709,473.0,2,4,5,12,35379.151501176595,59719.90322133352,78000.06912914816,176780.03561225467,17689.575750588298,15600.013825829632,26614.311428320216,0.9223828418457292,0,2,5,31,1,2,0,0,0.7539596870164196,0.1095161776822497,0.1365241353013306,2,2,0,0.0,29049.82619483689,35379.151501176595,6329.325306339706,0.2178782504201225,4,8,10,8,29,8,29,39,61,3,2,4,1,1,5,4,-1,-0.2,0,0,0,0,0,0,,,,,1,1,0,0.4384255997189129,0.0875097928867514,0,1,0,0,40.0,6955.036377083005,15036.345393077969,3080.907714444029,3874.128662638977,1303628.069662862,1292489.063949417,low_value,0,0,10,0,moderate_activity,no_recent_complaints,medium_digital_engagement
1259,F,South_KZ,medium_city,medium,employee,low,50,29,mass,1,268011.4894821782,2024-04-01,1590,29,0,4,0,1,0,0,0,0,1,300,467.0,4,9,17,26,72512.33554476152,219347.56409021665,495102.9085583944,561907.6097337175,18128.08388619038,29123.700503434964,76545.96568770176,1.0,0,4,17,22,1,6,4,2,0.8972482225021567,0.0870029808266106,0.0157487966712327,12,4,-8,-0.6666666666666666,264510.513833587,72512.33554476152,-191998.1782888255,-0.7258621803200549,0,0,0,0,0,1,0,213,150,0,0,0,0,0,6,0,-6,-1.0,0,0,0,0,0,0,,,,,0,1,0,0.0,0.0,0,0,0,0,40.0,4483.961860557351,10108.52482387876,2585.872662745134,1898.0891978122163,291293.8146747813,293135.77114994574,low_value,1,0,0,0,activity_drop,no_recent_complaints,low_digital_engagement
510,M,Atyrau,medium_city,medium,entrepreneur,medium,28,42,sme_owner,0,349285.4338628823,2024-04-01,930,42,1,0,1,0,1,0,0,1,0,399,,1,4,6,14,32807.234289872526,98504.66759857016,124621.92185098903,332212.5544000064,32807.234289872526,20770.32030849817,37220.22655740344,0.9735495971259712,0,1,6,60,1,2,1,1,0.5459673243077603,0.374358091869951,0.0796745838222886,5,1,-4,-0.8,90392.27522782328,32807.234289872526,-57585.04093795074,-0.6370571024217978,2,4,6,9,16,1,16,42,65,1,2,5,1,0,4,2,-2,-0.5,0,0,0,0,0,0,,,,,0,0,0,,,0,0,0,0,,8594.19509796888,18180.57908794653,2748.935160283912,5845.2599376849685,769014.8554228928,865887.7414145573,medium_value,0,2,1,0,activity_drop,no_recent_complaints,medium_digital_engagement
368,F,Karaganda,small_city,low,employee,medium,57,39,mass,1,119100.44738999072,2024-04-01,1800,39,3,1,2,1,0,0,0,1,1,805,310.0,5,13,18,52,15316.573085518585,36463.04293357493,57744.25634964325,110666.47781292468,3063.314617103717,3208.014241646847,13634.760234458035,0.979387518324082,1,5,18,57,2,6,3,2,0.4963548432638744,0.4994590005850804,0.0041861561510453,8,5,-3,-0.375,24700.535497969497,15316.573085518585,-9383.962412450912,-0.3799092701136912,2,8,12,7,25,7,25,17,11,2,3,5,0,1,5,2,-3,-0.6,0,0,0,0,0,0,,,,,0,0,0,,,0,0,0,0,,4071.181240877306,8864.612174328298,4134.909453344566,-63.72821246725925,460197.6925043273,437620.48550119984,low_value,0,8,5,0,activity_drop,no_recent_complaints,medium_digital_engagement
1628,M,Shymkent,medium_city,medium,unemployed,medium,82,36,mass,0,330273.15195860475,2024-04-01,2550,36,2,0,2,1,1,0,0,1,0,786,,7,15,20,33,147540.08239911453,279578.4136965,337840.05336181284,541443.4136512631,21077.15462844493,16892.00266809064,62461.905893274925,0.987362894376208,0,7,20,18,3,5,4,3,0.5437754756109258,0.2597608811011124,0.1964636432879619,10,7,-3,-0.3,146569.40665159287,147540.08239911453,970.6757475216582,0.0066226354441689,0,3,6,7,34,8,32,25,29,4,1,3,0,0,2,0,-2,-1.0,0,1,0,0,0,0,3.380341413171,2.0,59.0,,0,1,0,0.3643771503429666,0.1171990612333847,1,1,0,1,62.0,9132.288433861037,17951.53516211588,3003.7522235407137,6128.536210320321,1070527.683815479,1194487.3989501488,medium_value,0,7,1,0,activity_drop,no_recent_complaints,medium_digital_engagement
1421,F,Almaty,large_city,medium,entrepreneur,high,57,26,sme_owner,0,360592.068946488,2024-04-01,1800,26,3,2,1,1,0,0,0,1,0,19,237.0,5,10,19,34,46784.11787744774,132756.26329375897,235027.5094159665,442764.9177185096,9356.823575489549,12369.86891662982,18990.26663367604,0.984085141201914,0,5,19,65,4,7,2,2,0.8017041397962574,0.0766446851694357,0.1216511750343067,10,5,-5,-0.5,124166.4095792668,46784.11787744774,-77382.29170181905,-0.6232143778983867,6,12,17,14,32,6,32,57,5,5,4,12,1,1,9,6,-3,-0.3333333333333333,0,0,0,0,0,0,,,,,2,2,0,0.2482672660141253,0.0950994931893284,0,0,0,0,42.0,11997.324746575332,25300.30805416348,3842.298479788049,8155.026266787283,1716501.5451741249,1530091.5927184538,medium_value,0,9,6,0,digital_active,no_recent_complaints,digital_power_user
1881,F,Shymkent,large_city,medium,self_employed,medium,65,56,mass,0,301334.37401896063,2024-04-01,2040,56,5,1,4,1,0,0,0,1,0,410,95.0,6,15,19,38,76791.64919646629,215859.1456252036,191329.58357076635,473747.8315980457,12798.608199411048,10069.978082671912,22414.83801309649,1.0,0,5,7,53,3,6,4,1,0.7360939693163034,0.204223871613019,0.0596821590706776,10,6,-4,-0.4,127559.0520329052,76791.64919646629,-50767.40283643892,-0.3979913775413048,5,7,9,11,24,2,24,28,37,4,1,6,1,0,7,5,-2,-0.2857142857142857,0,0,0,0,0,0,,,,,2,5,1,0.2221581729750603,0.0382704697755304,2,1,3,1,16.0,13851.768696513427,28479.732883313023,4706.212778027159,9145.555918486269,649166.7688154257,590084.9324326966,medium_value,0,23,6,1,transaction_active,no_recent_complaints,medium_digital_engagement
1991,M,Shymkent,large_city,medium,retired,high,79,46,pensioner,0,308335.34065219254,2024-04-01,2460,46,2,3,2,1,0,0,0,1,0,771,513.0,5,6,13,34,42971.33491457044,38280.7237419402,96648.85206884936,269408.2965881537,8594.266982914089,7434.527082219182,12535.887162128674,1.0,0,5,13,34,3,6,2,1,0.5555545208971916,0.2005097358416233,0.243935743261185,7,5,-2,-0.2857142857142857,60652.6871448243,42971.33491457044,-17681.352230253855,-0.2915180359286466,3,7,14,11,39,1,39,47,53,4,2,11,0,1,5,3,-2,-0.4,0,0,0,0,0,0,,,,,1,2,1,0.2823039017655795,0.1273190114360465,1,1,0,0,87.0,7932.058873610093,18161.89166455469,2281.7520660234504,5650.306807586642,474069.4424200504,536903.8106296586,medium_value,0,6,4,0,moderate_activity,no_recent_complaints,medium_digital_engagement
1058,M,South_KZ,medium_city,medium,employee,high,51,20,mass,1,237840.17711516708,2024-04-01,1620,20,2,1,1,1,0,0,0,1,1,627,545.0,8,20,28,40,35403.241603236376,83334.50419476005,127776.92248953917,168014.90953324398,4425.405200404547,4563.461517483541,11922.494278533104,0.9581168568428252,1,7,28,24,2,11,2,4,0.7136296259319402,0.2577585409686428,0.0286118330994171,15,8,-7,-0.4666666666666667,57228.81182639306,35403.241603236376,-21825.570223156683,-0.3813738137595067,4,12,15,10,44,2,44,39,26,6,6,12,1,1,13,4,-9,-0.6923076923076923,0,0,0,0,0,0,,,,,1,1,0,0.2045330440248367,0.0336713682101283,1,0,1,0,85.0,9235.781173473952,21346.47412901407,4013.705723765031,5222.075449708923,250477.6388081004,268918.81177883147,medium_value,0,10,9,0,activity_drop,no_recent_complaints,digital_power_user
839,M,Astana,medium_city,medium,employee,high,26,39,mass,1,379911.54762423504,2024-04-01,870,39,2,0,2,1,0,0,1,1,1,86,,3,13,20,42,118961.61930664288,536812.921025379,613629.5296135523,1516701.39968293,39653.87310221429,30681.47648067761,36837.05383091266,1.0,0,3,20,8,1,6,2,2,0.7193694873118254,0.1944374760217966,0.0861930366663778,9,3,-6,-0.6666666666666666,452978.841480361,118961.61930664288,-334017.2221737181,-0.7373793024904444,8,17,19,18,43,2,43,7,75,7,5,17,1,3,16,8,-8,-0.5,0,0,0,0,0,0,,,,,1,1,0,0.1945711744331104,0.0292640187816868,0,1,0,0,38.0,10852.944770638442,22963.560021696187,3661.581061258389,7191.363709380053,645594.1582137907,681318.7222276843,medium_value,0,12,13,0,activity_drop,no_recent_complaints,digital_power_user
1848,F,South_KZ,large_city,high,employee,high,58,46,affluent,1,693622.1015536094,2024-04-01,1830,46,3,0,1,1,0,0,0,1,1,12,,6,14,19,36,150848.18348983087,375444.7375303428,586700.2471718227,886062.9950168019,25141.36391497181,30878.96037746435,76673.87239432156,0.9765847004980304,0,1,19,8,4,9,2,2,0.7315010766534161,0.2570701203154631,0.0114288030311206,6,6,0,0.0,154929.0954936263,150848.18348983087,-4080.9120037954126,-0.0263405139673283,6,10,15,22,43,8,10,59,61,2,5,6,2,2,9,6,-3,-0.3333333333333333,0,0,0,0,0,0,,,,,0,1,0,0.1123188187849322,0.031489076661793,0,0,0,0,87.0,17596.986202253684,40021.51201820552,4534.534762636385,13062.4514396173,925757.8253801824,975192.4302856862,medium_value,0,9,5,0,digital_active,no_recent_complaints,digital_power_user
600,F,Almaty,medium_city,high,retired,medium,82,24,affluent,0,806475.9524271833,2024-04-01,2550,24,1,1,1,1,0,1,0,1,1,24,114.0,4,9,14,23,100721.98006962548,218207.0145804126,372864.9594452309,602998.0839541495,25180.495017406367,26633.211388945063,71257.2842425646,1.0,0,4,14,72,2,4,3,2,0.4240985314812004,0.5578349101721433,0.018066558346656,5,4,-1,-0.2,158362.483775226,100721.98006962548,-57640.50370560053,-0.3639782752297152,4,5,12,11,25,1,25,52,49,3,2,2,1,1,4,4,0,0.0,0,0,0,0,0,0,,,,,0,2,0,0.054752256088628,0.0219594753244561,1,0,0,0,34.0,16364.659145109,33648.43276014778,2733.587458630704,13631.071686478295,1301820.2419172977,1318049.9585829347,medium_value,0,5,4,1,moderate_activity,no_recent_complaints,medium_digital_engagement
1921,F,Astana,small_city,low,entrepreneur,high,26,37,sme_owner,0,120351.47734187637,2024-04-01,870,37,1,2,1,1,0,0,0,1,0,109,277.0,7,11,15,21,105073.22061231195,204010.4321618628,242699.56323464788,278883.1706260031,15010.46008747314,16179.97088230986,55496.58735421248,1.0,0,4,15,5,1,5,3,1,0.4310406913081685,0.2274344757730798,0.3415248329187515,9,7,-2,-0.2222222222222222,157897.36030712415,105073.22061231195,-52824.13969481218,-0.334547326136831,5,9,13,14,36,8,36,30,11,2,2,6,2,2,8,5,-3,-0.375,0,0,0,0,0,0,,,,,1,2,0,0.0948342957041264,0.0103649515306333,1,0,0,0,46.0,7311.359096680593,14094.686759869985,2461.599442440608,4849.759654239985,268712.8539123142,255820.70037426977,low_value,0,10,6,0,transaction_active,no_recent_complaints,medium_digital_engagement
1312,F,Almaty,small_city,premium,self_employed,high,58,27,premium,0,1653209.184610446,2024-04-01,1830,27,5,1,1,1,0,1,0,1,0,846,388.0,11,24,33,70,707891.1276007064,1763177.4100685068,3080429.6130808787,4447438.127044833,64353.738872791495,93346.35191154176,364019.4500110525,0.980668330410519,0,11,33,14,6,9,5,4,0.6516911222434268,0.1700032055021655,0.1783056722544076,12,11,-1,-0.0833333333333333,751507.5098557646,707891.1276007064,-43616.38225505815,-0.0580385181558988,3,4,6,14,31,2,6,22,50,5,2,7,1,1,8,3,-5,-0.625,0,0,0,0,0,0,,,,,0,2,1,0.3142176962096044,0.0221241425005964,0,1,0,0,57.0,36834.62847963572,73612.07753073124,4963.251969224124,31871.3765104116,2053354.6942974736,1988480.192047256,high_value,0,18,3,0,activity_drop,no_recent_complaints,medium_digital_engagement
1337,M,Aktobe,medium_city,medium,employee,high,37,60,mass,0,291143.28505737154,2024-04-01,1200,60,2,1,2,1,1,0,0,1,0,463,879.0,2,9,16,31,17679.039582231457,88343.34069671908,145698.0627524054,217706.92832545727,8839.519791115728,9106.128922025337,25983.388525382976,0.9966190175279884,0,1,16,16,3,5,4,1,0.8700349819128254,0.077829763084919,0.0521352550022557,7,2,-5,-0.7142857142857143,65205.49823022774,17679.039582231457,-47526.45864799629,-0.7288719500338721,2,9,15,10,37,1,37,40,2,1,4,9,0,2,3,2,-1,-0.3333333333333333,0,0,0,0,0,0,,,,,0,1,0,0.3409811486469922,0.0867515269472295,1,0,0,0,71.0,11080.655380248396,23899.67537475209,2742.785488651897,8337.8698915965,890271.8640292123,816817.0656668225,medium_value,0,11,4,0,activity_drop,no_recent_complaints,digital_power_user
1134,F,Astana,large_city,medium,unemployed,low,65,49,mass,0,299139.3144326869,2024-04-01,2040,49,2,0,2,1,0,0,0,0,0,645,,6,9,12,26,72599.8050053147,89345.60547810004,171399.50712404214,360272.0080349289,12099.967500885785,14283.292260336844,55511.50894168017,0.9996554185521334,0,6,8,34,2,6,1,1,0.6221652109360876,0.3111242926462244,0.066710496417688,7,6,-1,-0.1428571428571428,100671.7966798784,72599.8050053147,-28071.991674563687,-0.2788466343143603,1,2,3,2,9,8,9,14,57,1,0,3,0,0,4,1,-3,-0.75,0,0,0,0,0,0,,,,,1,2,0,0.3248030244735775,0.1261417161317893,1,0,1,0,49.0,8478.720482444642,19807.6705681056,3036.4640501433937,5442.256432301248,638327.6684595954,664176.5092173839,medium_value,0,7,2,0,activity_drop,no_recent_complaints,low_digital_engagement
820,M,Astana,large_city,medium,employee,low,27,59,mass,0,333390.6184288646,2024-04-01,900,59,2,2,2,1,0,0,0,0,0,788,690.0,3,8,11,24,29592.82173609636,101048.2188252935,109303.66694837422,276650.7480617892,9864.273912032118,9936.696995306747,28887.536049556467,0.9881385443959916,0,3,11,42,1,4,3,1,0.7646470353291352,0.0596497432508523,0.1757032214200124,11,3,-8,-0.7272727272727273,141135.3153037518,29592.82173609636,-111542.49356765545,-0.7903230550595604,0,0,0,0,0,1,0,229,270,0,0,0,0,0,7,0,-7,-1.0,0,0,0,0,0,0,,,,,1,2,0,0.238642777386007,0.022677734562733,1,1,0,0,31.0,9473.895383957431,20249.54474000528,2970.067352396104,6503.828031561328,517859.3730213817,448176.5568777933,medium_value,1,0,0,0,activity_drop,no_recent_complaints,low_digital_engagement
2174,M,Astana,medium_city,medium,self_employed,medium,38,25,mass,0,381295.3295497526,2024-04-01,1230,25,0,0,0,1,0,0,0,1,0,757,,2,5,10,20,17931.967426481908,51434.7048960386,100772.6613776982,224265.22069730627,8965.983713240954,10077.26613776982,35548.30564067588,1.0,0,2,7,25,1,5,1,1,0.3657581319337797,0.4822958121919857,0.1519460558742345,5,2,-3,-0.6,52153.27012388913,17931.967426481908,-34221.30269740723,-0.6561679184472068,3,5,9,16,28,4,2,64,59,1,1,10,1,1,4,3,-1,-0.25,0,0,0,0,0,0,,,,,1,3,1,0.3771332105691717,0.0251531780678298,2,2,1,0,11.0,6126.834340906806,13628.313614431636,3390.6948220400445,2736.139518866761,1001108.0324005577,904241.9054555164,low_value,0,4,4,0,activity_drop,no_recent_complaints,medium_digital_engagement
528,F,South_KZ,large_city,medium,self_employed,medium,35,43,mass,0,345670.56704115454,2024-04-01,1140,43,0,3,0,0,0,0,1,1,1,745,375.0,3,5,11,21,37321.526509343406,44579.830814938105,119419.5118883974,216647.75872554327,12440.508836447802,10856.31926258158,33326.64727347801,1.0,0,3,11,20,1,3,2,1,0.6874291677858063,0.2968338075175765,0.0157370246966171,6,3,-3,-0.5,47603.2679312499,37321.526509343406,-10281.741421906496,-0.2159881425946576,2,4,5,7,19,2,19,77,69,2,1,3,1,0,6,2,-4,-0.6666666666666666,0,0,0,0,0,0,,,,,0,1,0,0.1473703450892165,0.059397701929606,0,0,1,0,3.0,7954.659736854289,14840.785901855636,1973.8837733892287,5980.77596346506,701422.3002116376,662355.4950220521,medium_value,0,7,2,0,activity_drop,no_recent_complaints,medium_digital_engagement
2055,M,Astana,large_city,low,retired,medium,34,35,pensioner,0,177097.85565578466,2024-04-01,1110,35,0,0,0,1,0,0,1,1,0,361,,2,5,8,17,15273.304711462564,28475.835249141724,66305.27123542206,148053.36030321894,7636.652355731282,8288.158904427757,25180.329045665945,0.9867006627242884,0,2,8,32,1,3,1,1,0.4658901364493946,0.4074658474094914,0.1266440161411139,13,2,-11,-0.8461538461538461,116406.93975687875,15273.304711462564,-101133.6350454162,-0.8687938644950072,4,7,7,8,18,1,3,38,58,2,3,3,0,0,13,4,-9,-0.6923076923076923,0,0,0,0,0,0,,,,,0,1,0,0.3908321235211051,0.1624591685773425,1,0,0,0,21.0,2994.412694322657,6597.748461962502,2890.882719853772,103.52997446888548,526357.4312584108,566369.8199015589,low_value,0,3,5,0,activity_drop,no_recent_complaints,medium_digital_engagement
1367,M,Karaganda,medium_city,low,employee,medium,18,35,mass,0,141715.4644743408,2024-04-01,630,35,3,2,3,1,0,0,0,1,0,390,153.0,3,8,9,24,15334.875159888144,49380.86314654821,60843.38179224776,145602.06325909347,5111.6250532960485,6760.375754694196,21730.252821587244,0.9398702587673734,1,3,9,50,2,2,2,1,0.5676835401533722,0.3152668837582002,0.1170495760884276,4,3,-1,-0.25,24110.87390825663,15334.875159888144,-8775.998748368487,-0.3639850957605977,6,7,16,13,28,3,28,6,64,4,1,8,1,0,6,6,0,0.0,0,0,0,0,0,0,,,,,0,0,0,,,0,0,0,0,,7165.407855184966,12869.022954376098,3975.275131155854,3190.132724029112,520555.7667411625,465267.89883158496,low_value,0,3,8,1,digital_active,no_recent_complaints,medium_digital_engagement
618,M,Aktobe,small_city,medium,self_employed,high,60,51,mass,0,363639.5312133668,2024-04-01,1890,51,1,1,1,1,1,0,0,1,1,709,32.0,3,7,8,18,38555.708176297645,77459.66897804735,124132.02753298836,239290.69394471915,12851.902725432548,15516.503441623548,40732.57951262211,0.9849359412577834,0,3,8,65,1,2,1,1,0.4944661470229785,0.4491278027736093,0.0564060502034122,5,3,-2,-0.4,66658.69470620157,38555.708176297645,-28102.986529903923,-0.4215952120540004,5,12,21,20,47,4,17,30,48,6,2,17,2,2,7,5,-2,-0.2857142857142857,0,0,0,0,0,0,,,,,1,2,1,0.1630088186427229,0.0348046500481692,1,1,0,0,35.0,6848.937991179247,13675.928511535743,3199.881373838376,3649.056617340871,886862.9725008728,841955.8512224233,low_value,0,4,8,0,digital_active,no_recent_complaints,digital_power_user
439,F,Almaty,rural,low,retired,high,59,27,pensioner,0,160295.52080671184,2024-04-01,1860,27,2,2,1,1,0,0,0,1,0,621,476.0,8,11,15,27,44843.440106553295,48681.67704767901,63039.970074985686,115694.54920839366,5605.430013319162,4202.664671665712,17387.514951427744,0.9796558076017778,0,1,15,70,2,5,1,2,0.6900559382497438,0.0293514008080685,0.2805926609421876,10,8,-2,-0.2,42997.38427577903,44843.440106553295,1846.0558307742613,0.0429341426663055,1,8,11,7,43,2,43,13,70,4,2,17,1,2,2,1,-1,-0.5,0,0,0,0,0,0,,,,,0,2,0,0.2279790069145811,0.0826796177207229,1,0,1,0,82.0,6210.008434252355,14132.955354352536,3227.532776469402,2982.475657782953,234793.5577681493,211403.2071475388,low_value,0,5,7,0,transaction_active,no_recent_complaints,medium_digital_engagement
1969,M,North_KZ,medium_city,medium,employee,medium,63,34,mass,1,210148.38482907845,2024-04-01,1980,34,4,0,3,1,1,0,0,1,1,385,,12,25,34,69,87516.02119692178,228773.25997188588,275888.83250269084,569146.0884766718,7293.001766410148,8114.37742654973,33770.76748499729,0.9134038897815026,3,12,34,35,3,12,5,4,0.7470482393923582,0.2086238187315269,0.0443279418761149,14,12,-2,-0.1428571428571428,89500.73155374374,87516.02119692178,-1984.7103568219609,-0.0221753534565264,2,6,6,8,19,2,19,37,30,3,1,4,1,1,4,2,-2,-0.5,0,0,0,0,0,0,,,,,0,2,0,0.5259617251386018,0.0378760177522032,1,0,0,0,24.0,7570.701891445851,17072.60885120104,4751.612121971366,2819.0897694744854,362774.7467221765,328165.769102458,low_value,0,15,3,0,transaction_active,no_recent_complaints,medium_digital_engagement
441,F,North_KZ,large_city,low,employee,medium,55,48,mass,1,187453.64344113803,2024-04-01,1740,48,1,0,1,1,0,0,0,1,1,892,,8,16,23,38,34033.52351183631,72022.19834977495,97703.29165666991,186881.46642585783,4254.190438979539,4247.969202463909,17850.885728850397,1.0,0,2,23,69,2,5,4,3,0.6550082560409467,0.190800178189808,0.1541915657692452,10,8,-2,-0.2,43227.74418748191,34033.52351183631,-9194.220675645593,-0.2126925854786588,3,5,8,16,21,3,21,10,34,1,2,8,1,1,5,3,-2,-0.4,0,0,0,0,0,0,,,,,0,2,1,0.3217673172016629,0.0612090468477042,0,0,2,0,14.0,5843.071212677882,10311.18071810544,2912.012138680277,2931.0590739976046,306238.4394821252,271904.60741151497,low_value,0,12,2,0,transaction_active,no_recent_complaints,medium_digital_engagement
1037,M,Almaty,rural,low,employee,high,44,50,mass,1,157778.57155929276,2024-04-01,1410,50,3,0,3,1,0,0,1,1,1,842,,9,17,25,44,136884.18159289774,157099.8738191781,312398.4529374913,423726.77507920447,15209.353510321973,12495.938117499652,30439.122195406133,0.9408801283632592,1,9,25,28,4,7,4,2,0.7070869619285198,0.2675609197587231,0.0253521183127571,15,9,-6,-0.4,175836.68794866186,136884.18159289774,-38952.50635576411,-0.2215266154645546,3,5,9,9,27,6,27,17,44,2,2,5,1,1,11,3,-8,-0.7272727272727273,0,0,0,0,0,0,,,,,0,1,0,0.1455882799863269,0.0697971857657214,1,0,0,0,31.0,5927.039681457596,11779.056105879075,3788.1146804172377,2138.9250010403584,286099.60904836474,260133.40642015083,low_value,0,13,3,0,activity_drop,no_recent_complaints,medium_digital_engagement
842,F,East_KZ,large_city,medium,self_employed,low,61,33,mass,0,277719.2684879161,2024-04-01,1920,33,0,0,0,1,0,0,0,0,0,745,,6,12,15,28,83947.89630407447,124289.52636303556,273634.7063378996,407295.7333789139,13991.31605067908,18242.313755859974,61824.269391524285,0.9615767971188152,1,6,15,63,2,8,3,2,0.5667224465054886,0.2901440262943482,0.1431335272001631,9,6,-3,-0.3333333333333333,141886.78929951464,83947.89630407447,-57938.89299544017,-0.4083459304525849,2,3,3,6,6,6,6,18,41,0,1,1,0,0,4,2,-2,-0.5,0,0,0,0,0,0,,,,,1,1,0,0.4122482955594989,0.2024982808545445,0,1,0,0,65.0,6896.088182522663,13700.008004251347,2750.416551221101,4145.671631301561,851110.3396870268,758188.5598844821,low_value,0,6,0,0,transaction_active,no_recent_complaints,low_digital_engagement
1104,F,Almaty,small_city,premium,self_employed,low,42,53,premium,0,1237296.9084998162,2024-04-01,1350,53,1,1,1,1,0,1,0,1,0,200,187.0,3,7,11,19,118841.20326663287,440611.1651097199,569741.2545016741,1150290.2074752282,39613.73442221096,51794.65950015219,215215.44615578183,1.0,0,3,11,56,2,3,2,1,0.6993794530669903,0.2547213111306456,0.0458992358023641,3,3,0,0.0,165346.63837550324,118841.20326663287,-46505.43510887036,-0.2812602394930837,2,2,5,5,12,2,12,47,70,1,1,4,0,0,6,2,-4,-0.6666666666666666,0,0,0,0,0,0,,,,,0,2,1,0.2468735116683109,0.0268726241172189,1,0,0,0,27.0,23658.425516102463,51079.302596617854,3363.429510619313,20294.99600548315,2044910.182556336,2302056.871089332,high_value,0,9,3,0,activity_drop,no_recent_complaints,low_digital_engagement
621,F,Almaty,medium_city,medium,employee,low,38,39,mass,0,269628.13303642254,2024-04-01,1230,39,4,0,4,1,0,0,0,0,0,261,,9,16,25,49,105695.38683729978,174791.16831234982,309265.94871731254,678301.3574304461,11743.931870811088,12370.637948692502,31998.575670291462,0.9731597041181952,1,9,17,10,4,10,2,4,0.7885458221299635,0.1721081473529602,0.0393460305170762,13,9,-4,-0.3076923076923077,149485.11650433176,105695.38683729978,-43789.72966703198,-0.2929370541431998,2,2,4,2,10,8,10,25,25,1,1,3,0,0,4,2,-2,-0.5,0,0,0,0,0,0,,,,,0,3,0,0.5136977118088004,0.233088170133861,0,2,1,0,1.0,12923.485917595392,24235.73355755143,3820.7785362220575,9102.707381373337,321603.13342600653,295361.74427251285,medium_value,0,13,1,1,transaction_active,no_recent_complaints,low_digital_engagement
1431,F,Shymkent,large_city,medium,employee,high,64,22,mass,1,520617.3728402275,2024-04-01,2010,22,2,0,2,1,1,0,0,1,1,816,,4,13,19,37,69156.18684206331,189845.6630512307,352576.23965416494,707770.4456985086,17289.046710515828,18556.64419232447,61974.02329495642,0.9595365864950424,1,4,19,73,3,7,3,3,0.8819507969382251,0.1128320743369768,0.0052171287247979,5,4,-1,-0.2,114556.51327717266,69156.18684206331,-45400.32643510935,-0.3963137942690521,4,6,10,11,33,6,30,5,8,3,5,11,1,2,6,4,-2,-0.3333333333333333,0,0,0,0,0,0,,,,,1,3,2,0.487587908791237,0.0702451947750559,2,2,1,0,24.0,12063.552008985498,27800.17316934196,3952.521481912394,8111.030527073104,611970.4408356253,607937.3776528024,medium_value,0,10,8,0,transaction_active,no_recent_complaints,medium_digital_engagement
2145,M,Astana,small_city,high,employee,low,32,31,affluent,1,736415.8555020891,2024-05-01,1080,31,1,1,1,1,0,0,0,0,1,233,718.0,6,10,16,34,176517.0010851896,305942.6088725936,465243.0143182692,1335281.7696544733,29419.500180864936,29077.688394891826,45511.47087013886,0.9243402469886024,1,6,16,65,1,6,2,1,0.7440939600479937,0.1904391714226214,0.0654668685293848,6,6,0,0.0,214886.99207113904,176517.0010851896,-38369.99098594944,-0.1785589281888543,4,6,8,5,15,1,15,38,4,2,1,5,1,1,7,4,-3,-0.4285714285714285,0,0,0,0,0,0,,,,,0,2,0,0.5771167076626411,0.1991733631867963,2,1,0,1,69.0,15576.323781038393,33403.321396381514,2790.3180436631083,12786.005737375284,483005.6635551933,418086.1680558394,medium_value,1,0,0,0,transaction_active,no_recent_complaints,low_digital_engagement
2296,M,Almaty,rural,medium,entrepreneur,medium,31,19,sme_owner,0,197384.01694432303,2024-05-01,1050,19,1,1,1,1,0,0,0,1,0,577,379.0,1,3,5,18,5540.223574097983,19050.163814534568,30242.921586025863,98549.68635463835,5540.223574097983,6048.584317205174,10173.874070051512,0.9780865975914684,0,1,5,22,1,1,1,0,0.6675280841496718,0.2584301711764726,0.0740417446738555,3,1,-2,-0.6666666666666666,15246.03115782847,5540.223574097983,-9705.807583730488,-0.636612078465207,1,5,10,9,22,3,22,26,60,3,3,5,1,1,2,1,-1,-0.5,0,0,0,0,0,0,,,,,0,2,1,0.4751130665551761,0.1965208973422965,0,0,0,0,32.0,7544.240298862929,13460.27934070378,2937.333871748018,4606.906427114911,623757.9445232968,580194.833563931,low_value,0,2,3,1,activity_drop,no_recent_complaints,medium_digital_engagement
1834,M,Shymkent,rural,medium,employee,low,71,30,mass,1,331803.07617840124,2024-05-01,2250,30,0,1,0,1,0,0,1,0,1,318,289.0,4,11,22,37,12457.538630427833,34102.087104317645,74825.86124202148,111538.58510786136,3114.384657606958,3401.1755110009763,14804.572942236142,0.980987844891444,0,4,22,60,4,11,3,2,0.6107232798229758,0.2962313309812713,0.093045389195753,5,4,-1,-0.2,19199.4505281792,12457.538630427833,-6741.911897751364,-0.351151294036056,0,0,1,4,5,5,5,8,67,0,1,1,0,0,2,0,-2,-1.0,0,0,0,0,0,0,,,,,0,4,0,0.2003348463552913,0.0443625151592217,2,0,0,0,21.0,8885.312065108616,20413.034181664432,2635.844124941213,6249.467940167402,261667.52026403043,269559.15424087225,medium_value,0,6,0,0,activity_drop,no_recent_complaints,low_digital_engagement
1356,M,Almaty,medium_city,low,employee,medium,19,40,mass,0,75610.2975314457,2024-05-01,690,40,3,1,3,1,0,0,1,1,0,203,162.0,5,13,13,29,22135.48703581992,64587.780545108566,49519.32729103617,137736.7317898994,4427.097407163984,3809.1790223873977,12657.253637100168,0.9655663656487108,0,5,13,71,2,5,2,1,0.9022748012323488,0.0716261939188417,0.0260990048488092,6,5,-1,-0.1666666666666666,20503.373545673483,22135.48703581992,1632.1134901464357,0.0796021926104368,2,4,5,5,21,7,21,60,18,2,2,9,1,1,3,2,-1,-0.3333333333333333,0,0,0,0,0,0,,,,,0,3,0,0.5531943395727759,0.2599131466618519,2,0,2,0,8.0,5823.471791505322,11777.286347103956,3669.213084964815,2154.2587065405064,106047.09511985251,107305.52295207667,low_value,0,8,0,0,moderate_activity,no_recent_complaints,medium_digital_engagement
811,M,South_KZ,medium_city,high,employee,medium,68,43,affluent,0,473528.60727199423,2024-05-01,2160,43,3,0,3,1,0,0,0,1,0,166,,5,11,17,39,65188.70879181651,109955.17213369496,144031.86967420304,390172.7983673161,13037.741758363303,8472.462922011944,12772.980137292829,0.9731808347484948,0,5,17,57,2,7,3,2,0.6828876958361508,0.2511492955806937,0.0659630085831553,6,5,-1,-0.1666666666666666,46718.60559032509,65188.70879181651,18470.103201491424,0.3953479126379658,2,3,5,5,15,8,15,52,42,1,2,4,1,1,4,2,-2,-0.5,0,0,0,0,0,0,,,,,3,4,0,0.1850806707459521,0.0265623349881046,3,0,2,0,2.0,12457.653029430698,25559.82449704095,3797.816161900263,8659.836867530434,1276671.2079673994,1403388.5122213962,medium_value,0,8,3,0,transaction_active,no_recent_complaints,medium_digital_engagement
2248,F,Karaganda,large_city,high,entrepreneur,medium,30,55,affluent,0,574188.047502215,2024-05-01,1020,55,4,0,2,1,0,0,0,1,0,306,,6,12,18,34,221924.7066077636,355006.26796094485,522415.6912494954,1088884.0436780036,36987.45110129393,29023.093958305297,45145.70803120168,1.0,0,6,18,66,2,6,4,2,0.9782118291384192,0.0192322878320104,0.0025558830295702,8,6,-2,-0.25,207342.3701614804,221924.7066077636,14582.33644628321,0.0703297470503801,1,6,9,3,17,1,6,16,23,2,2,4,1,1,3,1,-2,-0.6666666666666666,0,0,0,0,0,0,,,,,0,1,0,0.1892546391599027,0.073234955048414,0,0,1,0,52.0,16916.31580304396,37523.08534303679,5103.786538653636,11812.529264390325,1319610.6687777613,1293528.3219313466,medium_value,0,9,2,0,activity_drop,no_recent_complaints,medium_digital_engagement
1289,M,Astana,large_city,medium,employee,low,49,49,mass,0,537154.2616269069,2024-05-01,1590,49,1,1,1,1,0,0,0,1,0,279,411.0,5,6,9,22,84979.00575898572,89278.74779239288,91999.74108630363,287079.03445726435,16995.801151797143,10222.193454033735,24831.245740161736,0.941192425250302,3,5,9,4,1,3,1,1,0.5993824563088819,0.3891774098922546,0.0114401337988634,8,5,-3,-0.375,112065.84828421084,84979.00575898572,-27086.842525225133,-0.2417047025471135,2,6,7,4,25,4,25,13,32,4,2,9,1,1,4,2,-2,-0.5,0,0,0,0,0,0,,,,,0,0,0,,,0,0,0,0,,10480.054132451924,22853.073603308258,2305.542676213771,8174.511456238155,1485782.918261164,1558403.4883362146,medium_value,0,5,4,0,moderate_activity,no_recent_complaints,low_digital_engagement
663,M,Almaty,medium_city,low,unemployed,high,49,61,mass,0,156772.7464252187,2024-05-01,1590,61,0,1,0,1,0,0,0,1,0,15,110.0,3,5,9,18,11701.50420996604,16755.501592890952,34211.422390524946,72341.01028672139,3900.5014033220136,3801.269154502772,11309.412901178814,0.9867073978684062,0,3,8,26,1,2,2,2,0.5914062983220337,0.367122888189398,0.0414708134885683,5,3,-2,-0.4,15097.281190264324,11701.50420996604,-3395.776980298284,-0.2249263915471147,7,18,24,18,47,6,25,40,55,4,4,11,1,1,7,7,0,0.0,0,0,0,0,0,0,,,,,0,0,0,,,0,0,0,0,,969.5219777795533,2150.1800264354315,2787.4467458769795,-1817.9247680974263,283649.05347489606,291364.7532853067,low_value,0,4,10,0,digital_active,no_recent_complaints,digital_power_user
508,F,Almaty,large_city,high,employee,medium,33,41,affluent,1,648914.0656545828,2024-05-01,1110,41,3,2,2,0,1,0,1,1,1,661,329.0,3,9,13,33,148568.87643776604,617590.692227188,745430.0585121862,1546198.3589234347,49522.95881258868,57340.77373170663,248831.0431671228,0.9446379282992404,2,3,13,67,2,2,2,1,0.513587932958703,0.4686245062317991,0.017787560809498,12,3,-9,-0.75,654041.7898180956,148568.87643776604,-505472.9133803296,-0.7728449790966927,4,6,7,10,14,3,14,33,21,1,1,3,0,1,14,4,-10,-0.7142857142857143,0,0,0,0,0,0,,,,,1,1,0,0.1204949628359554,0.028896927293406,0,0,0,0,35.0,13342.341831668851,26881.415041866,4050.6481513449735,9291.69368032388,702390.7915925656,782705.429428006,medium_value,0,8,3,0,activity_drop,no_recent_complaints,medium_digital_engagement
319,M,Shymkent,large_city,premium,unemployed,medium,30,50,premium,0,1352087.7038520952,2024-05-01,1020,50,5,0,4,1,0,1,0,1,0,764,,8,13,26,42,307421.34466394293,458487.6460866964,820008.5549970969,1384042.8437426,38427.66808299287,31538.79057681141,97659.44723599152,0.9686127713756374,0,4,26,41,3,8,5,3,0.7733001310056825,0.204672160914809,0.0220277080795084,8,8,0,0.0,289559.33409306314,307421.34466394293,17862.010570879793,0.0616868754268478,2,3,6,8,17,2,14,46,40,2,2,4,0,0,5,2,-3,-0.6,0,0,0,0,0,0,,,,,0,1,0,0.1583588569314852,0.0251479216168119,0,0,0,0,2.0,32055.7298565337,72209.50142452444,4622.193568097941,27433.53628843576,1846019.6090186865,1582472.4132447366,high_value,0,6,1,0,activity_drop,no_recent_complaints,medium_digital_engagement
2019,F,Atyrau,large_city,medium,self_employed,low,71,44,mass,0,412920.7074952388,2024-05-01,2250,44,1,1,1,1,0,0,0,1,0,512,501.0,5,9,14,25,126027.20171868955,223043.8138810978,414575.9116133616,1000666.3449829342,25205.440343737915,29612.56511524011,102556.6438859905,0.979218626719929,0,5,14,35,2,3,2,1,0.5521568370097576,0.159089417338863,0.2887537456513794,5,5,0,0.0,154992.25454601482,126027.20171868955,-28965.052827325257,-0.1868806471146981,2,4,5,3,13,4,13,35,66,1,2,3,0,0,6,2,-4,-0.6666666666666666,0,0,0,0,0,0,,,,,0,0,0,,,0,0,0,0,,9858.18398274667,22164.050376782863,2668.7306711343576,7189.453311612313,746415.3126031917,802430.4127458119,medium_value,0,4,3,0,activity_drop,no_recent_complaints,low_digital_engagement
219,F,Almaty,large_city,high,employee,medium,79,19,affluent,0,1050920.147270744,2024-05-01,2490,19,2,0,2,1,1,1,0,1,0,752,,5,11,14,22,100171.60049412152,231359.7612858289,279968.91780260066,460512.0678224589,20034.320098824304,19997.779843042903,28864.043639303232,0.9737986048658126,0,5,14,59,2,7,2,1,0.5932841937138214,0.2455757959882636,0.161140010297915,7,5,-2,-0.2857142857142857,171404.2381464356,100171.60049412152,-71232.6376523141,-0.4155827091711582,3,10,12,11,22,7,22,77,37,3,1,6,1,1,7,3,-4,-0.5714285714285714,0,0,0,0,0,0,,,,,0,1,0,0.2440115318345996,0.0510134797969836,0,0,0,0,2.0,24188.54474353661,54541.1307178221,3691.188124023293,20497.35661951332,1529165.148307501,1624644.994926797,high_value,0,10,6,0,activity_drop,no_recent_complaints,medium_digital_engagement
2096,M,North_KZ,large_city,medium,employee,medium,39,74,mass,0,298338.14520662744,2024-05-01,1290,74,4,1,4,1,0,0,0,1,0,334,311.0,7,14,20,35,21116.46147388555,25377.125142448127,41695.16757364127,83999.01288832529,3016.6373534122213,2084.758378682064,4046.266658226212,0.9750911174716204,0,7,20,70,3,4,2,3,0.4100921269401655,0.4859139106475273,0.103993962412307,8,7,-1,-0.125,17445.21815451033,21116.46147388555,3671.2433193752186,0.2104441049036721,2,6,10,7,27,1,27,38,45,3,1,5,1,1,2,2,0,0.0,0,0,0,0,0,0,,,,,0,1,0,0.2089065247227504,0.0655006001166196,0,0,0,0,72.0,12396.256708521554,25449.856106056035,3880.867024185568,8515.389684335987,330297.6833963384,362306.0613664877,medium_value,0,12,2,0,transaction_active,no_recent_complaints,medium_digital_engagement
49,F,Astana,large_city,low,unemployed,low,75,37,mass,0,120524.18382246804,2024-05-01,2370,37,0,1,0,1,0,0,0,0,0,750,427.0,2,6,10,19,7401.005748967134,17361.619784766714,32802.960879283775,49097.81387136058,3700.502874483567,3280.2960879283773,10407.913334009629,1.0,0,2,10,4,2,3,1,2,0.6891273508816008,0.2904829869476347,0.0203896621707644,5,2,-3,-0.6,19826.04289518035,7401.005748967134,-12425.037146213215,-0.6267028277858566,1,6,8,11,14,7,14,62,25,1,2,3,1,0,5,1,-4,-0.8,0,0,0,0,0,0,,,,,2,3,0,0.4073626599551718,0.0353822738442091,2,1,1,1,14.0,2365.3040606304035,5002.041228224978,3069.474271436268,-704.1702108058639,169669.6998940603,183112.65009149583,low_value,0,2,6,0,activity_drop,no_recent_complaints,low_digital_engagement
669,M,Almaty,medium_city,low,employee,medium,19,54,mass,1,168830.48312857313,2024-05-01,690,54,2,0,2,1,0,0,0,1,1,543,,6,11,18,32,83453.69038748767,144773.31300215758,230075.33600161795,454843.1613198624,13908.948397914612,12781.963111200996,46228.87514347697,0.9868107304561438,0,6,13,38,2,3,3,3,0.574420954398878,0.3083997344270248,0.1171793111740971,6,6,0,0.0,77077.83552957202,83453.69038748767,6375.854857915649,0.082719692556357,3,4,6,10,17,8,11,65,47,3,1,5,0,0,7,3,-4,-0.5714285714285714,0,1,0,0,0,0,4.740691240951998,3.0,45.0,,1,2,0,0.1877763349866037,0.0745881354223338,0,1,0,0,12.0,4524.071906550586,8074.140590451826,3612.663093708866,911.4088128417202,218418.0079595172,221798.9729985776,low_value,0,10,1,0,activity_drop,no_recent_complaints,medium_digital_engagement
2138,F,Aktobe,large_city,high,entrepreneur,medium,36,42,affluent,0,780263.1747363383,2024-05-01,1200,42,3,0,3,1,1,0,1,1,1,114,,6,10,18,32,68413.60598168407,98332.4971709662,194489.3676285405,286245.3141371183,11402.267663614011,10804.964868252251,24616.76034514456,0.9960817437792766,0,6,18,47,2,5,2,3,0.9133893875435516,0.0759798318905442,0.0106307805659042,7,6,-1,-0.1428571428571428,70240.47706749199,68413.60598168407,-1826.871085807914,-0.0260088080559664,7,10,13,10,28,5,28,14,6,4,2,4,1,1,7,7,0,0.0,0,0,0,0,0,0,,,,,1,2,1,0.2198860551277456,0.0547582720191294,0,1,0,0,54.0,18802.91850426694,42430.61551840403,3979.614799469864,14823.303704797076,1519348.3321525275,1725734.277562391,medium_value,0,7,10,0,transaction_active,no_recent_complaints,medium_digital_engagement
2311,F,Shymkent,large_city,medium,retired,high,22,35,pensioner,0,389420.298814792,2024-05-01,780,35,2,0,2,1,1,0,1,1,1,619,,9,17,23,39,483768.90313732525,907736.5108978172,1354924.3774079978,2190204.375561828,53752.100348591695,58909.75553947817,74456.0586872268,0.9246546538563992,1,9,23,45,4,4,5,4,0.8188246925684958,0.1810384183155828,0.0001368891159214,10,9,-1,-0.1,603611.8712538,483768.90313732525,-119842.96811647476,-0.1985430933747897,4,9,16,10,49,8,49,19,20,2,3,18,1,1,6,4,-2,-0.3333333333333333,0,0,0,0,0,0,,,,,0,0,0,,,0,0,0,0,,10406.348698551235,18864.708265200163,3489.012706270275,6917.33599228096,319105.8031168295,318622.8562664477,medium_value,0,14,7,0,digital_active,no_recent_complaints,digital_power_user
1937,M,East_KZ,rural,low,retired,low,32,30,pensioner,0,138142.87299492772,2024-05-01,1080,30,0,1,0,0,0,0,0,0,0,221,425.0,1,6,10,21,4652.507515750328,28356.77015775124,51159.23913438862,71606.90459001763,4652.507515750328,5115.923913438862,11334.27505625097,1.0,0,1,2,53,1,3,2,1,0.4747148002381728,0.2803953378893764,0.2448898618724506,3,1,-2,-0.6666666666666666,15690.213807610671,4652.507515750328,-11037.706291860344,-0.7034771117335833,0,1,4,0,13,1,13,73,49,1,2,1,0,0,1,0,-1,-1.0,0,1,1,0,0,0,3.9762096939009375,3.0,74.0,16.0,0,0,0,,,0,0,0,0,,1156.0274237161884,2618.8148904880813,2755.618394035161,-1599.5909703189727,156581.0836163746,148555.87856176708,low_value,1,0,0,0,activity_drop,complaint_risk,low_digital_engagement
867,F,Aktobe,small_city,low,employee,medium,65,56,mass,1,166994.81124456407,2024-05-01,2070,56,1,1,1,1,0,0,0,1,1,48,306.0,4,10,13,29,29213.278953956444,75372.71264914953,107305.4276275256,231720.0863262054,7303.319738489111,8254.263663655816,15664.141156240945,1.0,0,4,13,51,2,5,3,1,0.6249771900896017,0.353388226866616,0.0216345830437823,9,4,-5,-0.5555555555555556,47347.4753574398,29213.278953956444,-18134.196403483355,-0.3830023938252896,3,7,12,8,25,5,25,68,3,4,2,9,1,1,9,3,-6,-0.6666666666666666,0,0,0,0,0,0,,,,,0,0,0,,,0,0,0,0,,6161.809114672971,13218.188382564867,3542.1420693044456,2619.6670453685256,190449.19979691936,168945.28278814306,low_value,1,0,0,0,activity_drop,no_recent_complaints,medium_digital_engagement
2257,F,Astana,medium_city,medium,entrepreneur,medium,65,39,sme_owner,0,353691.0152182327,2024-05-01,2070,39,2,2,2,1,0,0,0,1,0,552,577.0,9,13,19,38,134925.82541427395,262953.1242354808,436237.2818263712,760484.6335322313,14991.758379363771,22959.85693823006,58938.20582051724,1.0,0,9,19,64,3,4,3,1,0.7190407082676562,0.2036004660893562,0.0773588256429874,11,9,-2,-0.1818181818181818,204059.07131780504,134925.82541427395,-69133.24590353112,-0.3387903583853022,1,3,4,4,19,5,19,71,16,1,3,3,1,1,2,1,-1,-0.5,0,0,0,0,0,0,,,,,1,3,1,0.3891170209928423,0.0210267412283793,2,0,1,0,37.0,9638.117215461934,18157.27965200444,3601.588731999129,6036.5284834628055,577891.4701242585,521728.4046511795,medium_value,0,10,2,0,transaction_active,no_recent_complaints,medium_digital_engagement
169,M,Karaganda,large_city,medium,retired,medium,59,48,pensioner,0,411783.1472947229,2024-05-01,1890,48,0,0,0,0,0,0,1,1,0,244,,7,14,22,30,54555.70661325545,120044.85071449458,104217.8484879313,245049.2448779612,7793.672373322207,4737.174931269605,5823.1454439022045,0.9028476919415492,4,7,22,51,3,5,5,4,0.5546486048125066,0.2453695545772767,0.1999818406102166,8,7,-1,-0.125,56895.091285702016,54555.70661325545,-2339.3846724465693,-0.0411175132965199,2,3,8,12,21,6,21,42,66,1,1,8,0,0,5,2,-3,-0.6,0,1,0,0,0,0,4.744458503405603,4.0,21.0,,0,1,0,0.2668895491727797,0.0470067677317928,0,1,0,0,2.0,8684.233796556908,15388.964631046772,2834.1831920302257,5850.050604526682,272057.22164612514,266875.9371921165,medium_value,0,16,0,1,activity_drop,no_recent_complaints,medium_digital_engagement
1259,F,South_KZ,medium_city,medium,employee,low,50,29,mass,1,268011.4894821782,2024-05-01,1620,29,0,0,0,1,0,0,0,1,1,779,,8,9,12,27,81500.9495691498,79783.97784529495,127891.03677386904,298202.04510596767,10187.618696143723,10657.58639782242,17341.284310957533,0.939929099521656,1,8,12,4,1,5,3,1,0.7939790898688204,0.1328878863570121,0.0731330237741674,15,8,-7,-0.4666666666666667,164162.4161533555,81500.9495691498,-82661.4665842057,-0.5035346611065098,0,0,0,2,4,3,4,160,1,0,0,0,0,0,7,0,-7,-1.0,0,0,0,0,0,0,,,,,2,4,2,0.3765058460723525,0.1227303459189191,2,1,2,0,7.0,5201.091510919537,10850.941042835064,2335.872492830729,2865.2190180888074,652663.258109771,707342.9551628472,low_value,0,8,1,0,activity_drop,no_recent_complaints,low_digital_engagement
510,M,Atyrau,medium_city,medium,entrepreneur,medium,28,42,sme_owner,0,349285.4338628823,2024-05-01,960,42,0,0,0,1,1,0,0,1,1,610,,5,7,12,25,74742.82264054634,95932.14132731131,225518.91783044377,424238.5393887306,14948.564528109267,18793.24315253698,70977.87509490224,0.9438352963584272,1,5,12,27,1,4,2,2,0.679412501349025,0.2865975240197123,0.0339899746312628,7,5,-2,-0.2857142857142857,121709.34546598232,74742.82264054634,-46966.522825436,-0.3858908504159453,4,4,9,10,28,4,28,17,41,2,1,9,0,1,5,4,-1,-0.2,0,0,0,0,0,0,,,,,0,1,0,0.2182939971941432,0.019049373635813,0,0,1,0,72.0,9361.373959129003,20459.30579730803,2253.1275878420483,7108.246371286955,582956.6612365235,553360.4103158274,medium_value,0,9,2,0,moderate_activity,no_recent_complaints,medium_digital_engagement
368,F,Karaganda,small_city,low,employee,medium,57,39,mass,1,119100.44738999072,2024-05-01,1830,39,2,0,2,1,0,0,1,1,1,416,,8,14,22,38,27199.20085485504,39631.14592063944,68764.44923436426,98773.45222349164,3399.900106856879,3125.6567833801937,5137.486760940006,0.9813266860103887,0,7,3,57,3,5,2,2,0.5010554951201034,0.1695372237425866,0.3294072811373101,9,8,-1,-0.1111111111111111,28173.43968371136,27199.20085485504,-974.2388288563196,-0.0345800455959086,1,4,7,8,25,5,5,2,72,1,2,7,0,0,3,1,-2,-0.6666666666666666,0,0,0,0,0,0,,,,,1,1,0,0.2303400240713024,0.0254780676957864,1,1,0,0,27.0,4074.108906520021,7869.826032464772,3785.210362838835,288.8985436811863,258537.720257565,268862.6350367585,low_value,0,12,1,0,activity_drop,no_recent_complaints,medium_digital_engagement
1628,M,Shymkent,medium_city,medium,unemployed,medium,82,36,mass,0,330273.15195860475,2024-05-01,2580,36,4,1,1,1,0,0,0,1,0,619,121.0,8,17,23,45,62940.391544801016,168441.53507946784,262165.53821414773,556548.606085555,7867.548943100127,11398.501661484685,46570.8052201795,0.9723955310818208,0,8,23,74,3,5,5,2,0.7171677743408079,0.0833971854151129,0.1994350402440791,11,8,-3,-0.2727272727272727,153781.61327383967,62940.391544801016,-90841.22172903866,-0.5907157546024521,0,0,2,6,7,3,7,49,18,1,1,2,0,0,4,0,-4,-1.0,0,0,0,0,0,0,,,,,1,3,0,0.1927782199239978,0.0730826564197821,2,1,0,1,85.0,11351.72126381412,26030.090485722783,4874.993851600236,6476.727412213883,544047.9758175691,497991.9852431836,medium_value,0,8,0,0,activity_drop,no_recent_complaints,medium_digital_engagement
1421,F,Almaty,large_city,medium,entrepreneur,high,57,26,sme_owner,0,360592.068946488,2024-05-01,1830,26,0,1,0,1,0,0,0,1,0,482,534.0,6,8,11,23,174046.943477807,194041.24109500652,226236.3338779464,376232.6075382065,29007.82391296784,20566.939443449668,30187.311627282263,1.0,0,6,11,14,1,4,2,1,0.6773365833960726,0.2325158450321217,0.0901475715718055,8,6,-2,-0.25,201914.1068227567,174046.943477807,-27867.163344949688,-0.1380149400329512,3,6,13,13,46,1,18,61,2,2,7,16,2,2,8,3,-5,-0.625,1,1,1,0,0,0,4.387665525593377,4.0,9.0,36.0,1,2,0,0.4030329526377056,0.1529509076758933,1,1,0,0,3.0,6556.180123417683,12329.853085734909,2482.993773950263,4073.18634946742,383121.1974627384,437487.535985643,low_value,0,1,2,0,activity_drop,complaint_risk,medium_digital_engagement
1881,F,Shymkent,large_city,medium,self_employed,medium,65,56,mass,0,301334.37401896063,2024-05-01,2070,56,2,0,2,1,0,0,0,1,0,841,,6,13,21,31,67106.79666951283,147786.40273329496,227805.3535408276,367630.9068721828,11184.46611158547,10847.873978134648,44730.39587542354,0.9373181342075384,0,1,21,40,3,4,3,3,0.5369946645013692,0.3001344841495941,0.1628708513490365,7,6,-1,-0.1428571428571428,84986.85686811963,67106.79666951283,-17880.060198606807,-0.2103861803755445,3,4,4,8,30,4,30,58,60,1,2,8,1,2,5,3,-2,-0.4,0,0,0,0,0,0,,,,,1,2,1,0.4237422324398318,0.0944061959722526,0,0,1,0,52.0,8728.141724848625,20071.73618612377,3505.434510545786,5222.707214302839,433677.870142571,396030.7057293825,medium_value,0,13,1,0,transaction_active,no_recent_complaints,medium_digital_engagement
1991,M,Shymkent,large_city,medium,retired,high,79,46,pensioner,0,308335.34065219254,2024-05-01,2490,46,0,0,0,1,1,0,0,1,1,235,,4,7,8,17,45983.813102996304,103681.84790816176,98078.02406359425,195482.28989684905,11495.953275749076,12259.75300794928,47391.90416033463,0.9969768867391,0,4,8,16,1,4,1,1,0.4971975077130858,0.0962981080804497,0.4065043842064645,9,4,-5,-0.5555555555555556,104912.77261406249,45983.813102996304,-58928.95951106618,-0.5616948064831465,5,12,14,14,38,6,38,57,73,5,5,9,0,1,12,5,-7,-0.5833333333333334,0,0,0,0,0,0,,,,,1,2,1,0.3736902957211627,0.1208838773863758,1,2,0,0,87.0,6520.393518603431,13484.75811591529,3428.552462704523,3091.841055898908,433319.6753291864,436427.0816258825,low_value,0,1,8,1,activity_drop,no_recent_complaints,medium_digital_engagement
1058,M,South_KZ,medium_city,medium,employee,high,51,20,mass,1,237840.17711516708,2024-05-01,1650,20,1,0,1,1,0,0,0,1,1,775,,7,14,17,25,157063.51146733438,254890.9946140376,411277.2506798215,744897.8198856841,22437.644495333483,24192.77945175421,78663.3472505551,1.0,0,7,8,32,2,8,3,1,0.6599216293030402,0.1088371848952944,0.2312411858016653,15,7,-8,-0.5333333333333333,399473.7921966603,157063.51146733438,-242410.28072932592,-0.6068239906211113,3,6,9,15,24,6,24,54,77,4,4,5,0,1,12,3,-9,-0.75,0,0,0,0,0,0,,,,,1,2,0,0.0,0.0,1,2,0,0,85.0,6770.633482833725,14110.775919724982,3679.66599802676,3090.9674848069653,911551.7895719882,979717.3942815312,low_value,0,8,5,0,activity_drop,no_recent_complaints,medium_digital_engagement
839,M,Astana,medium_city,medium,employee,high,26,39,mass,1,379911.54762423504,2024-05-01,900,39,0,0,0,1,0,0,1,1,1,164,,3,10,13,26,41518.88161377556,105233.60403861396,188392.16004957777,276989.86307197803,13839.627204591852,14491.70461919829,42439.02662771128,0.9338931978572268,1,3,13,33,1,6,2,1,0.6008274099584737,0.3102309857453452,0.0889416042961811,3,3,0,0.0,30295.82297918916,41518.88161377556,11223.058634586396,0.3704490431666355,4,10,13,10,45,1,33,75,64,5,6,7,2,3,4,4,0,0.0,0,0,0,0,0,0,,,,,1,2,1,0.4938840116149652,0.0749265452896024,1,1,0,0,19.0,8161.07631450628,16981.844512834046,2558.042947794648,5603.033366711632,705607.5582193501,661051.7118684836,medium_value,0,9,8,0,moderate_activity,no_recent_complaints,medium_digital_engagement
1848,F,South_KZ,large_city,high,employee,high,58,46,affluent,1,693622.1015536094,2024-05-01,1860,46,2,0,2,1,1,0,1,1,1,178,,7,12,21,39,176023.4354404948,219788.15585887324,440708.7032690548,984218.217643692,25146.205062927827,20986.12872709785,54461.722082237575,0.9809292690762244,1,7,21,46,4,5,4,3,0.7050409987028664,0.2764418388346416,0.018517162462492,7,7,0,0.0,124525.74493377932,176023.4354404948,51497.69050671547,0.41355055160763,2,5,12,10,41,2,41,56,49,4,5,13,2,2,7,2,-5,-0.7142857142857143,0,0,0,0,0,0,,,,,1,2,0,0.2848712683330564,0.1258985031242951,1,1,2,0,16.0,16313.669092567328,38021.377498938426,3355.8726833435417,12957.796409223783,746101.2861477972,665868.3769185259,medium_value,0,14,4,0,activity_drop,no_recent_complaints,medium_digital_engagement
600,F,Almaty,medium_city,high,retired,medium,82,24,affluent,0,806475.9524271833,2024-05-01,2580,24,3,2,3,1,0,0,0,1,0,581,682.0,6,12,17,31,264029.0265631492,540425.6765940124,479311.8932022015,808728.9890322766,44004.83776052486,28194.817247188323,74528.20336499592,0.9902525456276192,0,6,8,56,2,8,3,2,0.6446590620575807,0.1686914464779073,0.1866494914645119,8,6,-2,-0.25,309298.6696577427,264029.0265631492,-45269.64309459354,-0.1463622302180836,3,5,6,11,16,6,16,50,79,2,2,5,0,1,12,3,-9,-0.75,0,0,0,0,0,0,,,,,0,0,0,,,0,0,0,0,,19752.371634437262,38994.03216907914,4177.530559582618,15574.841074854648,4006261.2231601095,4579376.013102648,high_value,0,8,6,1,activity_drop,no_recent_complaints,medium_digital_engagement
1921,F,Astana,small_city,low,entrepreneur,high,26,37,sme_owner,0,120351.47734187637,2024-05-01,900,37,2,0,2,1,0,0,0,1,0,591,,5,11,16,34,63941.090704701535,109774.64125252304,176857.7435419453,343404.9364925565,12788.218140940307,11053.60897137158,37437.46184787744,0.8994463903813321,3,5,16,17,3,7,2,2,0.5912797391600717,0.36388165332731,0.0448386075126182,6,5,-1,-0.1666666666666666,65043.29478315514,63941.090704701535,-1102.2040784536075,-0.0169456987400191,5,9,15,14,43,2,11,38,8,6,5,16,2,3,7,5,-2,-0.2857142857142857,0,0,0,0,0,0,,,,,1,1,0,0.244750050627628,0.0334588183604405,0,0,1,0,6.0,3897.643972227551,7497.824276838866,4010.23301044756,-112.58903822000912,378518.4995916766,352584.0880241738,low_value,1,0,0,0,digital_active,no_recent_complaints,digital_power_user
1312,F,Almaty,small_city,premium,self_employed,high,58,27,premium,0,1653209.184610446,2024-05-01,1860,27,4,0,4,1,0,0,0,1,1,76,,3,10,17,33,58296.44433944959,201064.40040964732,293062.4277624426,543543.7031982394,19432.148113149862,17238.966338967213,28439.91401488597,0.974793917435315,0,3,15,53,1,5,3,1,0.3278732380790957,0.5277531851899991,0.1443735767309051,4,3,-1,-0.25,77348.75906825592,58296.44433944959,-19052.314728806334,-0.2463170057065005,7,14,18,12,57,7,57,62,3,3,3,9,2,4,8,7,-1,-0.125,0,0,0,0,0,0,,,,,0,0,0,,,0,0,0,0,,35270.95840653803,65021.65848824132,3998.4479889990153,31272.51041753902,1463669.1586563906,1650259.4828643908,high_value,0,4,6,0,digital_active,no_recent_complaints,digital_power_user
1337,M,Aktobe,medium_city,medium,employee,high,37,60,mass,0,291143.28505737154,2024-05-01,1230,60,0,0,0,1,0,0,1,1,0,699,,4,5,7,15,37122.17520940778,52610.36380615138,60299.034527348034,150809.2111386911,9280.543802351944,8614.147789621147,26182.75709069473,1.0,0,4,7,5,1,2,1,1,0.4588433532003539,0.4678004486629171,0.073356198136729,4,4,0,0.0,37105.54634811186,37122.17520940778,16.628861295925162,0.0004481502883671,6,13,22,20,49,1,49,24,14,7,8,4,1,1,8,6,-2,-0.25,0,0,0,0,0,0,,,,,1,2,1,0.3434548508887526,0.1240045173272205,1,1,2,0,61.0,3453.571080334994,6175.818364513354,2728.343514917942,725.2275654170521,1273924.0111935048,1126344.8977302012,low_value,0,2,12,0,digital_active,no_recent_complaints,digital_power_user
1134,F,Astana,large_city,medium,unemployed,low,65,49,mass,0,299139.3144326869,2024-05-01,2070,49,4,0,2,1,0,0,0,0,0,703,,3,10,16,38,57667.412324763485,255579.40543968245,369493.3395729379,889606.6158596892,19222.470774921163,23093.33372330862,42730.85298676746,0.996383535280742,0,3,16,24,3,7,1,2,0.7804325107192329,0.205048171433705,0.014519317847062,4,3,-1,-0.25,63617.759648487394,57667.412324763485,-5950.347323723909,-0.0935328021074911,1,3,5,2,13,3,13,34,60,1,0,5,0,1,3,1,-2,-0.6666666666666666,0,1,0,0,0,0,2.908703240629393,2.0,51.0,,0,1,1,0.2493101835534606,0.01541640747741,0,0,0,0,19.0,9617.179131119676,22400.59024820878,4405.977541303531,5211.201589816144,887157.0798170721,919623.1072106424,medium_value,0,5,3,0,activity_drop,no_recent_complaints,low_digital_engagement
820,M,Astana,large_city,medium,employee,low,27,59,mass,0,333390.6184288646,2024-05-01,930,59,0,2,0,1,0,0,0,1,0,864,570.0,1,3,4,13,6521.07401741015,21218.264242629008,24043.05501947183,88822.6128195409,6521.07401741015,6010.763754867958,13251.095841042365,0.9667888138932964,0,1,4,40,1,1,1,0,0.4913582269886661,0.2773957962151904,0.2312459767961434,4,1,-3,-0.75,24761.468335306407,6521.07401741015,-18240.39431789625,-0.7366442922889187,0,0,1,0,4,4,4,79,57,0,0,1,0,0,9,0,-9,-1.0,0,0,0,0,0,0,,,,,0,0,0,,,0,0,0,0,,5679.147706280257,10276.852172671672,2467.485470065842,3211.662236214415,523186.4762098012,490495.2597478705,low_value,0,2,0,0,activity_drop,no_recent_complaints,low_digital_engagement
2174,M,Astana,medium_city,medium,self_employed,medium,38,25,mass,0,381295.3295497526,2024-05-01,1260,25,3,0,3,0,1,0,0,1,0,473,,5,14,17,26,171701.2347266615,472527.1718518274,402875.2165672495,866531.152491933,34340.2469453323,23698.54215101468,56608.71501457874,0.9391947209100192,3,5,17,42,2,8,4,1,0.5742891900786704,0.264385146733125,0.1613256631882045,11,5,-6,-0.5454545454545454,393804.0635817331,171701.2347266615,-222102.8288550716,-0.5639932377411202,1,1,7,8,16,8,16,10,15,3,2,4,1,1,12,1,-11,-0.9166666666666666,0,0,0,0,0,0,,,,,0,1,0,0.0,0.0,1,1,1,0,64.0,11272.875505554171,23620.301290725554,3587.043383081409,7685.832122472762,514536.24196313054,558999.6345238615,medium_value,0,12,0,0,activity_drop,no_recent_complaints,medium_digital_engagement
528,F,South_KZ,large_city,medium,self_employed,medium,35,43,mass,0,345670.56704115454,2024-05-01,1170,43,1,0,1,1,0,0,0,1,0,672,,4,6,7,20,71142.8373033391,126252.53086519166,110017.94727547027,326204.62072572665,17785.709325834774,15716.849610781468,22405.56862997512,0.948624399786584,1,4,7,69,1,4,1,1,0.7644698183825036,0.2163687800905374,0.0191614015269589,11,4,-7,-0.6363636363636364,129921.04088168076,71142.8373033391,-58778.20357834165,-0.4524148142553063,2,4,4,3,12,3,12,58,61,1,1,4,0,1,6,2,-4,-0.6666666666666666,0,0,0,0,0,0,,,,,1,1,1,0.2129778367841238,0.0496332284229407,0,0,0,0,49.0,9828.23345389048,18023.46579063732,3126.3857262875304,6701.84772760295,944587.3538465914,874272.1766565699,medium_value,0,5,0,0,activity_drop,no_recent_complaints,medium_digital_engagement
2055,M,Astana,large_city,low,retired,medium,34,35,pensioner,0,177097.85565578466,2024-05-01,1140,35,0,3,0,0,0,0,0,1,0,890,265.0,5,9,14,25,47212.51784772505,73468.11451329617,113311.45722770997,192611.8639926292,9442.50356954501,8093.675516264996,28111.721851437986,1.0,0,5,14,61,1,7,2,1,0.6481011772426144,0.2107123683312577,0.1411864544261278,9,5,-4,-0.4444444444444444,80323.03418847213,47212.51784772505,-33110.516340747075,-0.4122169521516788,6,8,9,13,25,3,25,24,26,2,1,5,1,0,8,6,-2,-0.25,0,0,0,0,0,0,,,,,0,1,0,0.357448486774819,0.1365550383817897,0,0,1,0,18.0,4177.03284224744,8096.221208573393,2410.621660603579,1766.4111816438603,209437.3453043281,192194.97476304093,low_value,0,3,6,0,moderate_activity,no_recent_complaints,medium_digital_engagement
1367,M,Karaganda,medium_city,low,employee,medium,18,35,mass,0,141715.4644743408,2024-05-01,660,35,2,1,2,1,0,0,0,1,0,720,633.0,5,16,21,41,61713.33010734346,177589.24592250443,188024.6627886187,489200.6942157828,12342.666021468693,8953.555370886605,35057.69177651502,0.9065738487508802,4,5,21,57,1,4,4,2,0.7907067568142389,0.1262343884108812,0.08305885477488,7,5,-2,-0.2857142857142857,81742.47537732677,61713.33010734346,-20029.14526998331,-0.2450273884847249,4,7,9,10,24,2,24,74,15,3,4,3,1,1,5,4,-1,-0.2,0,0,0,0,0,0,,,,,0,0,0,,,0,0,0,0,,5156.915108575275,9153.330546366144,2867.825845288337,2289.0892632869377,191092.31682843377,192400.031951664,low_value,0,4,7,0,transaction_active,no_recent_complaints,medium_digital_engagement
618,M,Aktobe,small_city,medium,self_employed,high,60,51,mass,0,363639.5312133668,2024-05-01,1920,51,2,0,2,1,1,0,1,1,0,44,,2,3,8,17,37914.31151319112,66439.06499371561,122440.5926841427,285213.8164438981,18957.15575659556,15305.074085517836,28721.875838112115,0.9071023389804516,2,2,8,24,1,2,1,1,0.5380768431470742,0.1548082881552398,0.3071148686976859,14,2,-12,-0.8571428571428571,318368.9861128132,37914.31151319112,-280454.674599622,-0.8809107885283891,3,9,13,14,35,7,35,23,27,3,6,13,1,2,11,3,-8,-0.7272727272727273,0,0,0,0,0,0,,,,,2,2,0,0.3558084844029324,0.1637918775826733,0,0,0,0,17.0,12011.006378203349,22141.37761160228,3124.2144857371222,8886.791892466224,812733.7671692868,932145.3187254106,medium_value,0,2,6,0,activity_drop,no_recent_complaints,medium_digital_engagement
439,F,Almaty,rural,low,retired,high,59,27,pensioner,0,160295.52080671184,2024-05-01,1890,27,0,0,0,1,0,0,1,1,0,735,,5,7,10,21,69057.26462626897,98618.98499351303,154569.18697318053,353587.5564904643,13811.452925253794,15456.918697318051,64984.60292919918,1.0,0,5,10,72,1,2,2,1,0.4507421768147405,0.2479427700720379,0.3013150531132215,8,5,-3,-0.375,111033.2587300706,69057.26462626897,-41975.99410380164,-0.37804883495177,8,10,18,17,37,7,23,21,57,2,5,14,1,1,12,8,-4,-0.3333333333333333,0,0,0,0,0,0,,,,,0,1,0,0.3973007781139206,0.0585085662860759,0,0,0,0,17.0,6323.605954757806,14823.751784718095,2252.764020520064,4070.8419342377424,1016353.6177799036,915075.3983266336,low_value,0,4,6,0,digital_active,no_recent_complaints,digital_power_user
1969,M,North_KZ,medium_city,medium,employee,medium,63,34,mass,1,210148.38482907845,2024-05-01,2010,34,2,0,2,1,0,0,0,1,1,631,,8,11,20,47,50436.95058031551,76943.45703048793,125565.4383686054,273137.0081984439,6304.618822539439,6278.271918430271,17896.194624553424,0.963897057989656,0,8,6,72,3,8,3,1,0.6728986215069587,0.1370050698070052,0.190096308686036,11,8,-3,-0.2727272727272727,77314.2835862146,50436.95058031551,-26877.33300589909,-0.3476373544343546,3,6,8,8,22,3,22,70,45,3,2,3,0,1,3,3,0,0.0,0,0,0,0,0,0,,,,,0,0,0,,,0,0,0,0,,9343.561713151372,18044.81320046544,4297.288550696438,5046.273162454934,201604.1095005084,197471.89519709692,medium_value,0,7,4,0,transaction_active,no_recent_complaints,medium_digital_engagement
441,F,North_KZ,large_city,low,employee,medium,55,48,mass,1,187453.64344113803,2024-05-01,1770,48,0,0,0,1,0,0,0,1,1,262,,4,7,11,30,22356.829650812047,53356.508553225096,56035.146418285614,179927.06600783547,5589.207412703012,5094.104219844146,18972.558531094724,0.972933475430161,0,4,8,56,2,3,2,1,0.195978419850036,0.6413800771941763,0.1626415029557876,8,4,-4,-0.5,49688.96504364585,22356.829650812047,-27332.1353928338,-0.5500644935716767,3,8,15,9,24,4,24,21,23,3,3,4,1,1,4,3,-1,-0.25,0,0,0,0,0,0,,,,,1,1,0,0.4808186383005022,0.1242763411164415,0,1,1,0,15.0,5096.265348172297,11960.072528228511,3046.961109085523,2049.3042390867745,208379.6135607187,217819.08148500024,low_value,0,2,2,0,digital_active,no_recent_complaints,medium_digital_engagement
1037,M,Almaty,rural,low,employee,high,44,50,mass,1,157778.57155929276,2024-05-01,1440,50,0,1,0,1,0,0,0,1,1,383,345.0,4,8,16,37,16503.212711883763,48784.96846406815,76992.10608113703,171841.27712541373,4125.803177970941,4812.006630071064,11399.05938939088,0.9454470408363428,1,4,16,23,1,4,3,2,0.7405789766159592,0.2278937502778296,0.0315272731062111,6,4,-2,-0.3333333333333333,30661.99731532485,16503.212711883763,-14158.78460344109,-0.4617698076819195,2,4,10,10,32,6,32,2,76,3,3,3,1,2,4,2,-2,-0.5,0,0,0,0,0,0,,,,,0,0,0,,,0,0,0,0,,2210.9991026303364,4776.891624460216,2765.708179759022,-554.7090771286857,707284.5230046315,734455.24636035,low_value,0,9,2,0,transaction_active,no_recent_complaints,medium_digital_engagement
842,F,East_KZ,large_city,medium,self_employed,low,61,33,mass,0,277719.2684879161,2024-05-01,1950,33,1,0,1,1,0,0,0,0,0,108,,2,4,10,18,18840.37959455272,34896.59250187703,73387.1969546941,142743.36385175365,9420.189797276358,7338.71969546941,12470.57949492521,0.9273841007469696,1,2,10,36,2,5,1,1,0.6451286720399226,0.3377478716639953,0.0171234562960819,3,2,-1,-0.3333333333333333,28799.908821112764,18840.37959455272,-9959.529226560047,-0.3458180818704145,1,2,3,1,12,3,12,64,27,1,2,2,0,1,5,1,-4,-0.8,0,0,0,0,0,0,,,,,1,3,0,0.3553429836417693,0.1436151860104513,0,0,1,0,13.0,5402.547228092713,9886.6611597565,3059.076139810292,2343.471088282421,236071.6037982294,245407.10548904608,low_value,0,1,2,1,activity_drop,no_recent_complaints,low_digital_engagement
1104,F,Almaty,small_city,premium,self_employed,low,42,53,premium,0,1237296.9084998162,2024-05-01,1380,53,2,2,2,1,1,0,1,0,0,677,742.0,7,12,16,28,867102.775514404,1947618.0451111847,1993814.2182760704,4871356.446336,123871.8250734863,124613.3886422544,497531.4527259906,1.0,0,7,16,62,2,6,4,3,0.7309453056870773,0.1810378141997033,0.0880168801132195,10,7,-3,-0.3,1370038.804442347,867102.775514404,-502936.02892794297,-0.3670961926751084,1,3,3,3,11,8,11,2,30,1,2,1,0,0,4,1,-3,-0.75,0,0,0,0,0,0,,,,,1,1,0,0.4239330812152637,0.1640548892416365,0,0,0,0,8.0,25868.090918540845,55010.91646865195,2997.041343323082,22871.049575217763,1705373.370024133,1839452.6077326112,high_value,0,5,2,0,activity_drop,no_recent_complaints,low_digital_engagement
621,F,Almaty,medium_city,medium,employee,low,38,39,mass,0,269628.13303642254,2024-05-01,1260,39,2,0,1,1,1,0,0,0,1,32,,1,3,11,29,8592.011935284794,21323.630317717543,84327.1837459791,281430.0081569596,8592.011935284794,7666.107613270827,12053.581566440767,0.9191795059887982,0,1,3,63,1,3,2,2,0.8955632897896052,0.0124936365924946,0.0919430736179002,5,1,-4,-0.8,34582.98766669146,8592.011935284794,-25990.975731406663,-0.7515537981248458,1,2,2,2,9,4,9,34,5,1,1,2,0,0,2,1,-1,-0.5,0,0,0,0,0,0,,,,,0,4,1,0.2086502477909931,0.0672252462294296,1,1,2,0,70.0,10689.352717086376,20017.654599847872,4125.789327730316,6563.563389356061,168220.36147390396,159863.65136036798,medium_value,0,0,1,0,activity_drop,no_recent_complaints,low_digital_engagement
1431,F,Shymkent,large_city,medium,employee,high,64,22,mass,1,520617.3728402275,2024-05-01,2040,22,0,1,0,0,0,0,0,1,1,365,464.0,3,9,16,32,51080.87149599428,171720.90371712344,271053.36609699944,481645.2025555239,17026.957165331427,16940.835381062465,58210.85252572482,0.9377815282003258,1,3,16,39,2,8,3,2,0.8186708782248511,0.1301104916898557,0.0512186300852931,3,3,0,0.0,47717.51909113831,51080.87149599428,3363.3524048559702,0.070484645239668,1,7,9,14,29,1,19,38,42,2,3,9,1,2,3,1,-2,-0.6666666666666666,0,0,0,0,0,0,,,,,1,3,0,0.4633707205968655,0.0766489140983822,1,0,1,0,26.0,12313.817596144923,28657.61215069997,2708.0810240789942,9605.73657206593,1321669.8996809456,1300801.0864076703,medium_value,0,6,4,1,activity_drop,no_recent_complaints,medium_digital_engagement
2145,M,Astana,small_city,high,employee,low,32,31,affluent,1,736415.8555020891,2024-06-01,1110,31,3,1,3,1,0,0,0,0,1,493,795.0,3,12,19,44,121362.7128534966,397114.09329740383,765716.7498308847,1322415.5649598048,40454.237617832194,40300.88157004656,105129.23519976145,0.9442842576805058,0,3,19,37,2,6,4,3,0.5245978557918506,0.2747326593020369,0.2006694849061125,7,3,-4,-0.5714285714285714,206139.17042872147,121362.7128534966,-84776.45757522488,-0.4112583620032505,1,2,3,4,10,5,10,35,6,2,1,1,0,1,5,1,-4,-0.8,0,0,0,0,0,0,,,,,0,0,0,,,0,0,0,0,,17186.412221480557,32974.05806228922,3568.276539320679,13618.135682159878,1723426.426008853,1933360.3314534167,medium_value,0,7,1,0,activity_drop,no_recent_complaints,low_digital_engagement
2296,M,Almaty,rural,medium,entrepreneur,medium,31,19,sme_owner,0,197384.01694432303,2024-06-01,1080,19,5,2,4,1,0,0,1,1,1,774,265.0,5,9,22,43,46528.1246372059,90085.45353243736,213949.66287261384,385514.6565971615,9305.62492744118,9724.984676027902,15653.156285131532,0.9745714720492024,1,5,22,62,2,6,2,4,0.6051500190003739,0.3211120321751585,0.0737379488244676,9,5,-4,-0.4444444444444444,98058.87460846352,46528.1246372059,-51530.74997125763,-0.5255082742588397,2,9,12,4,22,8,22,5,44,3,1,3,0,1,12,2,-10,-0.8333333333333334,0,0,0,0,0,0,,,,,0,1,0,0.3741090508841408,0.0903436286462373,1,0,0,0,56.0,11364.32932438452,23873.22843089086,5515.139050792807,5849.190273591713,514751.7078812931,576706.5228202312,medium_value,0,8,5,1,activity_drop,no_recent_complaints,medium_digital_engagement
1834,M,Shymkent,rural,medium,employee,low,71,30,mass,1,331803.07617840124,2024-06-01,2280,30,2,1,2,1,0,0,0,1,1,297,37.0,6,16,26,44,33501.81845322974,63027.810751243895,145513.3996905809,205395.69765503416,5583.636408871623,5596.6692188684965,9306.071725816197,1.0,0,6,26,8,5,10,6,4,0.7160706029633276,0.1531763774920162,0.1307530195446562,8,6,-2,-0.25,30270.491481003828,33501.81845322974,3231.32697222591,0.1067484145162863,1,2,3,7,13,2,13,34,14,2,2,4,0,1,3,1,-2,-0.6666666666666666,0,0,0,0,0,0,,,,,0,0,0,,,0,0,0,0,,8546.46403056547,15932.052935705686,3516.080032375456,5030.383998190015,1067052.1399852168,954538.5190776036,medium_value,0,8,0,0,activity_drop,no_recent_complaints,low_digital_engagement
1356,M,Almaty,medium_city,low,employee,medium,19,40,mass,0,75610.2975314457,2024-06-01,720,40,4,0,4,1,0,0,0,1,0,471,,5,11,16,30,17253.644733094025,37508.94357438472,63495.64993030837,101886.68213378145,3450.728946618805,3968.478120644273,11686.570046402578,0.9532032106797268,0,5,16,44,1,5,3,3,0.6705285177843563,0.2286761199105866,0.100795362305057,6,5,-1,-0.1666666666666666,19121.18838630174,17253.644733094025,-1867.543653207715,-0.0976688067434975,4,8,14,13,26,8,26,15,62,3,4,4,1,1,5,4,-1,-0.2,0,1,0,0,0,0,4.437798502818112,3.0,51.0,,1,3,1,0.3542669710769395,0.0658825049134155,1,2,1,0,64.0,6362.508667846968,11582.48037418851,3849.525263162243,2512.983404684725,134813.0414231347,153509.7809344594,low_value,0,8,4,0,transaction_active,no_recent_complaints,medium_digital_engagement
811,M,South_KZ,medium_city,high,employee,medium,68,43,affluent,0,473528.60727199423,2024-06-01,2190,43,2,0,2,1,0,0,0,1,0,448,,3,5,17,34,62534.36580819624,121244.89677982686,409473.6438365596,780161.4314478356,20844.78860273208,24086.68493156233,76480.0432270503,0.9529610766820256,0,3,17,4,1,4,2,1,0.6347974543338626,0.2224409212932187,0.1427616243729187,7,3,-4,-0.5714285714285714,178575.74034881973,62534.36580819624,-116041.37454062348,-0.649816007000474,2,4,6,6,18,6,6,64,37,3,2,3,0,1,5,2,-3,-0.6,0,0,0,0,0,0,,,,,1,1,1,0.0774845918428796,0.0221560474073662,1,1,0,0,59.0,10604.917444099676,18738.83843513806,3895.297572284327,6709.619871815349,1820386.2431061687,1677149.501652667,medium_value,0,5,3,0,activity_drop,no_recent_complaints,medium_digital_engagement
2248,F,Karaganda,large_city,high,entrepreneur,medium,30,55,affluent,0,574188.047502215,2024-06-01,1050,55,0,2,0,1,0,0,0,1,0,561,745.0,8,12,15,21,123248.58656240144,224177.16762882404,218287.3915178388,336866.7316297315,15406.073320300178,14552.492767855922,25729.217687737,0.9444390397019584,1,8,15,10,1,4,2,3,0.5936576733181483,0.2898517309307074,0.1164905957511441,11,8,-3,-0.2727272727272727,208467.6382564504,123248.58656240144,-85219.05169404899,-0.4087879174282924,2,8,8,8,24,7,1,68,60,3,1,9,1,1,3,2,-1,-0.3333333333333333,0,1,0,0,0,0,3.4416802063183307,2.0,54.0,,0,2,0,0.3080894657387125,0.0260195499350516,2,0,0,0,1.0,12192.349368575784,25737.802129384418,2944.022707173568,9248.326661402216,1881296.5799806693,1631640.5801284558,medium_value,0,8,5,0,transaction_active,no_recent_complaints,medium_digital_engagement
1289,M,Astana,large_city,medium,employee,low,49,49,mass,0,537154.2616269069,2024-06-01,1620,49,2,1,2,0,1,0,0,1,0,407,751.0,6,13,17,34,165904.41121548772,385768.4594863302,499969.9279975097,1181343.564419505,27650.735202581287,29409.9957645594,124871.71322487356,0.992049598649594,0,6,17,16,1,8,3,2,0.3885711122744057,0.6027176496170171,0.0087112381085771,9,6,-3,-0.3333333333333333,329541.83966568724,165904.41121548772,-163637.4284501995,-0.4965604022123746,2,3,5,8,17,4,17,53,64,1,2,5,1,0,5,2,-3,-0.6,0,0,0,0,0,0,,,,,2,2,1,0.0844483753837228,0.0202238961127352,2,2,0,0,81.0,12549.432798507649,24765.0359222398,2602.648944303036,9946.783854204612,703473.2871316735,763089.9194576843,medium_value,0,13,1,0,activity_drop,no_recent_complaints,low_digital_engagement
663,M,Almaty,medium_city,low,unemployed,high,49,61,mass,0,156772.7464252187,2024-06-01,1620,61,0,1,0,0,0,0,0,1,0,340,151.0,6,12,16,23,40309.48520162513,123839.6531138917,192038.90296670675,199369.0654349489,6718.247533604189,12002.431435419172,20867.99372171164,1.0,0,6,16,15,2,7,4,2,0.3911977363740771,0.4109182781502722,0.1978839854756505,8,6,-2,-0.25,68365.23698504352,40309.48520162513,-28055.75178341839,-0.4103803778162319,4,8,15,15,36,3,36,41,67,5,4,4,0,0,6,4,-2,-0.3333333333333333,0,0,0,0,0,0,,,,,0,2,0,0.3597631743571952,0.0494131179908741,0,0,0,0,37.0,900.2747301096456,1784.1125244445805,2464.0922999862737,-1563.817569876628,345276.8719555428,302044.7554950887,low_value,0,9,5,0,digital_active,no_recent_complaints,digital_power_user
508,F,Almaty,large_city,high,employee,medium,33,41,affluent,1,648914.0656545828,2024-06-01,1140,41,2,0,1,1,1,0,0,1,1,547,,3,9,16,32,61837.30806077637,199897.0121544823,389103.4128884817,827444.013966775,20612.43602025879,24318.963305530106,75049.33121202607,0.9954166154772284,0,3,16,72,2,6,1,2,0.8211967198940322,0.1254198489050094,0.0533834312009584,13,3,-10,-0.7692307692307693,351627.36109106423,61837.30806077637,-289790.05303028785,-0.8241396577646818,3,6,7,6,17,2,17,7,41,2,2,7,1,1,9,3,-6,-0.6666666666666666,0,0,0,0,0,0,,,,,0,1,0,0.1270963250718636,0.0337825397473668,0,0,1,0,57.0,13512.9602588663,25824.013149320814,3725.877451820605,9787.082807045696,925803.4543054682,887873.7388792535,medium_value,0,6,6,0,activity_drop,no_recent_complaints,medium_digital_engagement
319,M,Shymkent,large_city,premium,unemployed,medium,30,50,premium,0,1352087.7038520952,2024-06-01,1050,50,3,2,2,1,1,0,0,1,0,502,755.0,6,10,17,32,543387.0390021254,1014684.9213854535,1402464.4321560813,3169474.1246798825,90564.50650035424,82497.90777388714,313678.55437226733,0.9656767619851184,0,4,17,44,1,6,2,2,0.742463718993509,0.2540466648572612,0.0034896161492297,8,6,-2,-0.25,899741.6549792603,543387.0390021254,-356354.6159771349,-0.3960632632767782,1,5,8,5,25,3,25,12,74,4,2,7,1,1,1,1,0,0.0,1,1,0,0,0,0,4.2694621080175965,3.0,20.0,,1,3,2,0.3872176665829483,0.0896014442683341,2,1,0,0,63.0,30103.81020275474,68762.46775109929,4147.26881270499,25956.54139004975,1166669.202057646,1075851.6917952185,high_value,0,9,4,0,transaction_active,no_recent_complaints,medium_digital_engagement
2019,F,Atyrau,large_city,medium,self_employed,low,71,44,mass,0,412920.7074952388,2024-06-01,2280,44,3,2,3,1,0,0,0,0,0,368,529.0,5,6,13,34,68067.31385248611,79891.07895201206,182081.97899375536,497720.8949290465,13613.462770497224,14006.30607644272,46291.47369447361,0.937865102669718,0,5,13,69,3,7,3,1,0.7585360644681806,0.1890546490737836,0.0524092864580357,12,5,-7,-0.5833333333333334,143863.21280719628,68067.31385248611,-75795.89895471017,-0.5268608803856681,0,0,0,1,0,1,0,192,228,0,0,0,0,0,5,0,-5,-1.0,0,0,0,0,0,0,,,,,1,1,0,0.3299170537674977,0.0437689012344452,0,1,1,1,54.0,10444.699586051436,20226.385095831647,3616.325574632674,6828.374011418762,862724.7519583869,921698.1183149852,medium_value,1,0,0,0,activity_drop,no_recent_complaints,low_digital_engagement
219,F,Almaty,large_city,high,employee,medium,79,19,affluent,0,1050920.147270744,2024-06-01,2520,19,2,0,2,1,0,1,0,1,0,117,,8,14,20,33,193060.28422783085,369257.4689702693,390661.3646294032,635897.3692522174,24132.535528478857,19533.068231470163,82979.37142818239,1.0,0,7,20,37,2,9,4,2,0.5273847155153125,0.3546353004447657,0.1179799840399217,12,8,-4,-0.3333333333333333,201416.1073278158,193060.28422783085,-8355.823099984933,-0.0414853767697206,4,6,10,11,24,5,24,45,52,3,3,3,1,2,4,4,0,0.0,0,2,0,0,0,1,4.543823110172613,4.0,45.0,,0,0,0,,,0,0,0,0,,24826.15544462149,52915.653872412775,2934.5770972211662,21891.57834740033,2802069.8613563804,2826765.3412029822,high_value,0,9,1,0,transaction_active,no_recent_complaints,medium_digital_engagement
2096,M,North_KZ,large_city,medium,employee,medium,39,74,mass,0,298338.14520662744,2024-06-01,1320,74,2,1,2,1,1,0,0,1,0,545,773.0,4,9,13,27,18144.337960819263,49530.06591003831,47185.029755340605,159358.82509464325,4536.084490204816,3629.617673487739,7952.769228457406,0.9902277116915544,0,4,13,67,2,5,3,1,0.7137940428694196,0.1816816385269203,0.1045243186036601,4,4,0,0.0,17247.716268109176,18144.337960819263,896.6216927100868,0.0519849514435676,5,5,8,11,23,1,23,71,61,2,2,3,1,1,8,5,-3,-0.375,0,0,0,0,0,0,,,,,0,0,0,,,0,0,0,0,,12963.850908752142,25774.465242545422,3323.134059158949,9640.716849593193,306872.4120006941,315796.8635691405,medium_value,0,5,6,0,moderate_activity,no_recent_complaints,medium_digital_engagement
49,F,Astana,large_city,low,unemployed,low,75,37,mass,0,120524.18382246804,2024-06-01,2400,37,2,1,2,1,0,0,0,1,0,444,717.0,1,10,17,28,2894.63921522531,36045.74853953136,84450.69972079809,98501.87820454352,2894.63921522531,4967.688218870476,18222.515221623915,0.9622712581020532,0,1,17,8,2,3,4,2,0.6841083802408825,0.1347249226483099,0.1811666971108076,4,1,-3,-0.75,18773.23849205749,2894.63921522531,-15878.59927683218,-0.8458103423951087,6,12,16,9,20,4,17,14,53,3,1,7,0,1,11,6,-5,-0.4545454545454545,0,0,0,0,0,0,,,,,0,1,0,0.2190790915499472,0.0111325010430137,0,0,0,0,8.0,3450.6050694024,7482.657204703083,2911.0432989253595,539.5617704770398,458939.73395145766,398277.7752794824,low_value,0,5,8,1,activity_drop,no_recent_complaints,low_digital_engagement
669,M,Almaty,medium_city,low,employee,medium,19,54,mass,1,168830.48312857313,2024-06-01,720,54,0,0,0,1,0,0,0,1,1,627,,5,12,13,29,35973.49335982671,98834.31804771724,80344.30374834326,235394.06063601503,7194.698671965341,6180.331057564866,13946.139057214175,0.9417904394118332,1,5,13,58,1,5,2,2,0.6704082430517831,0.1752990183596762,0.1542927385885404,5,5,0,0.0,42830.03245107107,35973.49335982671,-6856.539091244362,-0.1600871794593491,6,10,14,12,25,7,16,64,45,2,3,8,1,1,6,6,0,0.0,0,0,0,0,0,0,,,,,0,0,0,,,0,0,0,0,,4192.359175257499,7386.254927440774,2307.924557387856,1884.4346178696435,521546.7012368369,539344.8878329861,low_value,0,11,9,0,moderate_activity,no_recent_complaints,medium_digital_engagement
2138,F,Aktobe,large_city,high,entrepreneur,medium,36,42,affluent,0,780263.1747363383,2024-06-01,1230,42,3,0,3,0,1,0,1,1,0,684,,6,11,19,41,129970.85264434318,178141.15475705365,353177.9197812985,824067.9184689537,21661.8087740572,18588.311567436765,35333.90531419611,1.0,0,6,19,73,3,6,2,3,0.8042844259307989,0.1688935217927734,0.0268220522764276,8,6,-2,-0.25,159593.05672096566,129970.85264434318,-29622.20407662248,-0.1856108572969705,3,3,6,14,18,5,13,49,54,2,1,2,0,1,5,3,-2,-0.4,0,0,0,0,0,0,,,,,1,6,0,0.3633688542867446,0.0780857550542793,5,1,1,3,19.0,19838.27064679908,44345.74178192174,4057.923027758258,15780.347619040822,2722881.006943101,2582779.599479444,high_value,0,8,2,0,transaction_active,no_recent_complaints,medium_digital_engagement
2311,F,Shymkent,large_city,medium,retired,high,22,35,pensioner,0,389420.298814792,2024-06-01,810,35,0,2,0,1,1,0,0,1,0,52,434.0,4,7,12,26,87710.56336333547,120751.78511137738,172146.78009756067,567478.2275169065,21927.64084083387,14345.565008130056,53441.21587567899,0.9750621770597576,1,4,12,55,2,3,1,2,0.6718622535181014,0.2537481580753037,0.0743895884065948,5,4,-1,-0.2,108472.34766466958,87710.56336333547,-20761.784301334104,-0.1914016313679952,8,15,23,13,41,5,41,57,23,6,1,4,2,1,9,8,-1,-0.1111111111111111,0,0,0,0,0,0,,,,,0,0,0,,,0,0,0,0,,8008.57141984482,17815.18540343826,2023.632637131768,5984.938782713052,2842343.3503150195,2904924.597043592,medium_value,0,4,8,0,digital_active,no_recent_complaints,digital_power_user
1937,M,East_KZ,rural,low,retired,low,32,30,pensioner,0,138142.87299492772,2024-06-01,1110,30,2,0,1,0,0,0,0,0,0,312,,8,12,15,37,58120.93259296302,78979.47865793476,112734.16350965026,218638.89870016777,7265.116574120378,7515.610900643351,25318.560760494714,0.92122520050141,1,6,11,8,1,5,3,1,0.3875409541797229,0.572966888961909,0.039492156858368,8,8,0,0.0,81631.96764816943,58120.93259296302,-23511.03505520641,-0.2880125976693107,0,0,1,2,9,1,9,22,56,1,0,2,0,0,6,0,-6,-1.0,0,0,0,0,0,0,,,,,1,2,0,0.1894096728023672,0.0874799833611509,1,1,1,0,74.0,6847.908337674062,15424.340363295294,3576.853613253575,3271.0547244204868,372358.2129799061,323043.5381854366,low_value,0,4,0,0,activity_drop,no_recent_complaints,low_digital_engagement
867,F,Aktobe,small_city,low,employee,medium,65,56,mass,1,166994.81124456407,2024-06-01,2100,56,1,1,1,0,0,0,0,1,1,404,652.0,2,3,5,24,40982.840442531546,67413.070325519,131251.7148714627,551739.2348729596,20491.420221265773,26250.34297429254,89254.09087620335,1.0,0,2,4,22,1,2,1,1,0.506020304421976,0.2186806026294848,0.2752990929485392,3,2,-1,-0.3333333333333333,77666.03025972156,40982.840442531546,-36683.18981719002,-0.4723196189443239,3,6,13,5,24,4,24,1,75,3,2,2,0,1,11,3,-8,-0.7272727272727273,0,0,0,0,0,0,,,,,0,1,0,0.3259545027882773,0.158829791477258,1,0,0,0,40.0,3350.5996504831423,7604.489335845048,3819.118546310974,-468.5188958278318,633236.106682345,613069.8696987481,low_value,0,0,5,1,activity_drop,no_recent_complaints,medium_digital_engagement
2257,F,Astana,medium_city,medium,entrepreneur,medium,65,39,sme_owner,0,353691.0152182327,2024-06-01,2100,39,2,0,1,1,1,0,0,1,0,253,,4,10,17,28,56660.90943896616,107976.55843089464,239996.47380800065,280794.00355406257,14165.22735974154,14117.439635764744,34608.22667422165,1.0,0,4,10,48,2,4,2,2,0.6116889258517708,0.3141807294554449,0.0741303446927841,6,4,-2,-0.3333333333333333,66689.54715906073,56660.90943896616,-10028.63772009458,-0.1503779549765925,3,11,16,9,35,2,35,55,50,1,6,8,1,1,3,3,0,0.0,0,0,0,0,0,0,,,,,0,3,1,0.2153479552460785,0.0731524657388603,1,1,2,1,81.0,9926.058054215791,19678.806626643032,3420.896977111888,6505.161077103903,620462.9006273076,627030.5629340422,medium_value,0,2,3,1,digital_active,no_recent_complaints,medium_digital_engagement
169,M,Karaganda,large_city,medium,retired,medium,59,48,pensioner,0,411783.1472947229,2024-06-01,1920,48,4,0,4,1,0,0,0,1,1,881,,11,16,25,49,163063.30584876443,225691.9997033896,290036.1210526511,686445.7300415935,14823.936895342222,11601.444842106044,43724.39387911328,0.8546573405055377,3,11,25,37,5,11,4,4,0.7844654624061573,0.0751675568531778,0.1403669807406647,13,11,-2,-0.1538461538461538,166145.38643531915,163063.30584876443,-3082.0805865547154,-0.0185505035841279,3,10,18,8,36,1,36,63,32,6,1,7,1,1,5,3,-2,-0.4,0,0,0,0,0,0,,,,,2,3,1,0.4340543811235062,0.1624082676192887,2,2,0,0,65.0,14888.568428269338,26777.89211906137,4857.841006294198,10030.72742197514,1118623.3451677389,1156057.8313344354,medium_value,0,17,5,0,digital_active,no_recent_complaints,medium_digital_engagement
1259,F,South_KZ,medium_city,medium,employee,low,50,29,mass,1,268011.4894821782,2024-06-01,1650,29,1,1,1,1,0,0,1,0,1,48,791.0,10,14,21,34,55858.77154390541,79219.98916365327,107346.8959059167,163949.99182301492,5585.87715439054,5111.756947900795,17274.571919972943,0.9903828831301248,0,10,21,3,3,4,2,1,0.8631757324672673,0.1150331507460498,0.0217911167866829,12,10,-2,-0.1666666666666666,62653.753814633244,55858.77154390541,-6794.982270727836,-0.1084529155400872,1,2,4,3,13,3,13,53,49,2,1,4,1,1,3,1,-2,-0.6666666666666666,0,0,0,0,0,0,,,,,0,1,0,0.2824771493376509,0.122631054752159,0,1,1,0,10.0,6586.536394421245,12362.296745774946,2950.2060159318653,3636.33037848938,886033.0760220455,788761.8869929949,low_value,0,13,3,1,activity_drop,no_recent_complaints,low_digital_engagement
510,M,Atyrau,medium_city,medium,entrepreneur,medium,28,42,sme_owner,0,349285.4338628823,2024-06-01,990,42,1,3,1,1,0,0,0,1,0,761,356.0,3,5,9,14,60420.75655254396,140497.68294939125,227774.66898557628,377880.2646670493,20140.25218418132,25308.29655395292,76326.18477218377,0.8484039813065107,1,3,7,28,1,4,2,1,0.546253200279772,0.4433604127958078,0.0103863869244201,7,3,-4,-0.5714285714285714,125511.48634177572,60420.75655254396,-65090.72978923176,-0.5186037683593802,1,4,9,6,25,4,25,25,50,4,2,8,1,0,3,1,-2,-0.6666666666666666,0,0,0,0,0,0,,,,,1,3,0,0.4078524178001669,0.1368792158664268,1,1,1,1,18.0,6732.584792861631,13784.13037605432,4093.860624340204,2638.724168521428,915455.7354629104,923995.0174613356,low_value,0,2,1,0,activity_drop,no_recent_complaints,medium_digital_engagement
368,F,Karaganda,small_city,low,employee,medium,57,39,mass,1,119100.44738999072,2024-06-01,1860,39,4,0,4,1,0,0,0,1,1,318,,5,13,23,43,31928.1537218532,92810.17698673758,119295.01340437098,164922.79459281277,6385.63074437064,5186.739713233521,20030.083247444058,0.9560290975241544,1,5,23,57,3,11,5,2,0.7786498172555364,0.179037662349481,0.0423125203949825,6,5,-1,-0.1666666666666666,29131.58742783672,31928.1537218532,2796.56629401648,0.0959977310177137,3,5,11,5,27,8,27,64,45,4,3,4,1,1,4,3,-1,-0.25,0,0,0,0,0,0,,,,,1,2,0,0.3041782483036743,0.0772966006782785,1,0,1,0,51.0,8484.983669859703,18080.97278871408,5096.117650805528,3388.866019054175,161049.722383079,160932.90978512994,low_value,0,10,4,0,transaction_active,no_recent_complaints,medium_digital_engagement
1628,M,Shymkent,medium_city,medium,unemployed,medium,82,36,mass,0,330273.15195860475,2024-06-01,2610,36,2,1,2,1,0,0,1,1,0,254,92.0,6,9,18,33,107094.94000836882,198512.16709616827,274437.93523064506,412604.6465398744,17849.15666806147,15246.55195725806,59377.19346215673,1.0,0,2,18,65,3,7,3,2,0.6655425562566273,0.22982428001036,0.1046331637330128,8,6,-2,-0.25,140188.95589666863,107094.94000836882,-33094.01588829981,-0.2360672114049622,2,4,7,11,21,1,17,62,27,3,1,6,1,0,3,2,-1,-0.3333333333333333,0,1,0,0,0,0,3.6424912069095616,3.0,2.0,,0,1,0,0.2568519035810879,0.0216839823843299,0,1,1,0,27.0,8205.23447149589,19333.13512473596,3380.508099890835,4824.726371605056,1366352.6246921923,1551004.6529554925,low_value,0,6,5,0,transaction_active,no_recent_complaints,medium_digital_engagement
1421,F,Almaty,large_city,medium,entrepreneur,high,57,26,sme_owner,0,360592.068946488,2024-06-01,1860,26,3,2,3,0,0,0,0,1,1,831,82.0,4,11,13,29,22846.74583940708,57520.17988581878,78958.83716035892,135171.2559820892,5711.6864598517695,6073.756704642994,12982.57247088092,0.9422874255558112,4,4,13,24,2,5,2,2,0.5341122818446961,0.3169473632986337,0.1489403548566703,11,4,-7,-0.6363636363636364,58397.89353757028,22846.74583940708,-35551.1476981632,-0.608774487307344,5,6,12,10,35,2,35,17,16,4,3,11,1,1,12,5,-7,-0.5833333333333334,0,0,0,0,0,0,,,,,1,1,0,0.4360103149080995,0.2167915640825945,0,0,1,0,43.0,10987.616463397291,21581.89427964919,4420.848251494482,6566.768211902811,1008836.5862839048,1056154.505795221,medium_value,0,8,7,0,activity_drop,no_recent_complaints,medium_digital_engagement
1881,F,Shymkent,large_city,medium,self_employed,medium,65,56,mass,0,301334.37401896063,2024-06-01,2100,56,0,0,0,1,1,0,0,1,0,877,,3,6,11,21,27408.15251676592,71658.40983997764,126326.79244536262,251365.6073231526,9136.05083892197,11484.253858669328,21918.05256487219,0.9424392789758193,1,3,11,37,1,5,1,1,0.6609886969574569,0.2906843548071098,0.0483269482354331,10,3,-7,-0.7,101221.56808935056,27408.15251676592,-73813.41557258465,-0.7292261616361039,3,5,6,5,12,3,10,30,71,2,2,4,0,1,11,3,-8,-0.7272727272727273,0,0,0,0,0,0,,,,,0,3,1,0.4889462196519558,0.0982801824884643,2,1,1,0,74.0,4270.623323680806,9944.403759439754,2799.726399496936,1470.8969241838695,2882914.5899118413,2568831.030289552,low_value,0,4,3,0,activity_drop,no_recent_complaints,medium_digital_engagement
1991,M,Shymkent,large_city,medium,retired,high,79,46,pensioner,0,308335.34065219254,2024-06-01,2520,46,0,1,0,0,1,0,0,1,0,678,330.0,4,13,18,24,30628.159157165926,79924.56497226073,128057.2456504564,173178.74855498498,7657.039789291482,7114.291425025355,27830.92391407513,0.8994589330959023,3,4,18,54,3,8,3,1,0.9309460976846228,0.0620042947053718,0.0070496076100054,6,4,-2,-0.3333333333333333,55999.19998206694,30628.159157165926,-25371.04082490101,-0.4530607728865015,7,11,17,19,36,8,15,63,4,3,5,11,2,2,11,7,-4,-0.3636363636363636,0,0,0,0,0,0,,,,,1,3,0,0.0,0.0,0,0,1,1,73.0,5785.678098661966,12394.429429495882,3304.988637524035,2480.689461137931,1204308.9038104825,1268843.5587429851,low_value,0,4,4,0,digital_active,no_recent_complaints,digital_power_user
1058,M,South_KZ,medium_city,medium,employee,high,51,20,mass,1,237840.17711516708,2024-06-01,1680,20,1,0,1,1,0,0,0,1,1,441,,4,9,13,24,22470.33863525481,48971.02023048553,66973.65085137995,127957.82764680043,5617.584658813704,5151.819296259996,6914.008273894818,0.967055647093698,1,4,3,22,2,3,2,1,0.4989823171513731,0.131139219870267,0.36987846297836,6,4,-2,-0.3333333333333333,30883.61163065828,22470.33863525481,-8413.272995403462,-0.2724186891099088,6,10,15,14,33,2,7,20,44,2,4,3,2,2,8,6,-2,-0.25,0,0,0,0,0,0,,,,,0,0,0,,,0,0,0,0,,6842.125905240113,15615.364952706988,3545.531307726965,3296.594597513148,333602.29343567084,304319.0003596696,low_value,0,3,6,0,digital_active,no_recent_complaints,digital_power_user
839,M,Astana,medium_city,medium,employee,high,26,39,mass,1,379911.54762423504,2024-06-01,930,39,1,0,1,0,1,0,1,1,1,501,,5,15,24,45,30771.07313024777,152714.4783971894,210583.92215583217,359722.2865877414,6154.214626049555,8774.33008982634,14342.408861297956,0.9999087608317182,0,5,24,17,3,9,3,3,0.7543054932691402,0.2168176234509909,0.028876883279869,6,5,-1,-0.1666666666666666,49863.95706222997,30771.07313024777,-19092.8839319822,-0.3828994940805515,5,8,10,9,41,8,9,28,57,4,2,7,1,2,7,5,-2,-0.2857142857142857,0,0,0,0,0,0,,,,,0,0,0,,,0,0,0,0,,11517.747335926944,24936.33186486573,2378.3780849998466,9139.3692509271,733738.0493798364,792901.3548305403,medium_value,0,9,4,0,transaction_active,no_recent_complaints,medium_digital_engagement
1848,F,South_KZ,large_city,high,employee,high,58,46,affluent,1,693622.1015536094,2024-06-01,1890,46,2,0,2,1,0,0,0,1,1,758,,6,6,10,25,126978.66039911153,117925.11757799008,200610.8336611655,527808.3194424825,21163.110066518588,20061.08336611655,67960.92667509597,0.9343214516046716,0,6,10,5,1,2,1,1,0.6146218015323294,0.3042457320954524,0.0811324663722184,11,6,-5,-0.4545454545454545,261707.5018904568,126978.66039911153,-134728.84149134526,-0.5148069524875097,3,7,9,11,32,2,32,10,1,5,5,11,2,1,7,3,-4,-0.5714285714285714,0,0,0,0,0,0,,,,,0,1,0,0.0823590072835271,0.0375600725939445,1,0,0,0,54.0,13164.07395150237,23357.40494673293,3693.03295875232,9471.040992750051,1168810.6337338854,1247311.518070724,medium_value,0,1,3,0,activity_drop,no_recent_complaints,medium_digital_engagement
600,F,Almaty,medium_city,high,retired,medium,82,24,affluent,0,806475.9524271833,2024-06-01,2610,24,2,1,2,1,0,1,0,1,0,713,837.0,4,4,11,23,127501.2122829414,95254.56173349978,263964.1182363235,437899.7148919792,31875.30307073535,23996.73802148396,30097.98338539472,0.9621407800889792,0,4,11,33,1,3,2,1,0.8923223583093911,0.1007503910719573,0.0069272506186516,7,4,-3,-0.4285714285714285,142388.99705845024,127501.2122829414,-14887.784775508844,-0.1045571292941789,3,3,3,7,11,7,6,16,73,1,1,3,0,0,8,3,-5,-0.625,0,0,0,0,0,0,,,,,0,2,0,0.1108426699732681,0.0096827964274381,0,0,0,1,55.0,16059.260581623785,31252.79236198632,3339.4839670807955,12719.776614542989,1950658.76560325,2231195.33482286,medium_value,0,2,3,0,activity_drop,no_recent_complaints,medium_digital_engagement
1921,F,Astana,small_city,low,entrepreneur,high,26,37,sme_owner,0,120351.47734187637,2024-06-01,930,37,1,0,1,1,0,0,0,1,0,533,,6,10,14,27,26359.49409130295,46387.283945544645,76916.54925258389,137589.7970624278,4393.249015217159,5494.039232327421,21977.52539478592,0.910252008143128,2,6,14,29,2,6,2,2,0.8285004143712864,0.1373459510843442,0.0341536345443693,16,6,-10,-0.625,70396.91248813704,26359.49409130295,-44037.41839683409,-0.6255589462713307,2,6,8,10,31,3,31,27,41,4,1,7,1,1,11,2,-9,-0.8181818181818182,0,0,0,0,0,0,,,,,1,2,1,0.2813937135575514,0.0808853339467694,1,1,2,0,36.0,3070.244743826865,6147.629672024606,3820.434213643152,-750.1894698162869,373757.79430309206,365999.8857295728,low_value,1,0,0,0,activity_drop,no_recent_complaints,medium_digital_engagement
1312,F,Almaty,small_city,premium,self_employed,high,58,27,premium,0,1653209.184610446,2024-06-01,1890,27,5,0,5,1,1,1,0,1,0,363,,10,17,23,45,744043.5753483727,1324931.6937214166,1367523.9752146509,3156352.222079282,74404.35753483727,59457.56413976743,99952.02106333134,0.9865288609644796,0,8,23,6,2,10,2,4,0.4313897197414158,0.544228466935424,0.02438181332316,11,10,-1,-0.0909090909090909,683025.7895405224,744043.5753483727,61017.78580785031,0.089334526956731,6,10,15,18,43,6,43,38,57,3,4,8,2,1,8,6,-2,-0.25,0,0,0,0,0,0,,,,,0,3,0,0.2333892311897866,0.0392810123025961,1,1,1,0,84.0,37614.21860879306,67531.23024946668,4286.588846378511,33327.62976241455,1551189.7566318926,1717245.2898335538,high_value,0,5,6,1,digital_active,no_recent_complaints,digital_power_user
1337,M,Aktobe,medium_city,medium,employee,high,37,60,mass,0,291143.28505737154,2024-06-01,1260,60,3,1,3,1,1,0,0,1,0,366,783.0,3,9,12,30,62096.45969729939,208967.6111449012,249533.05800029903,906976.6270180014,20698.819899099795,20794.42150002492,28967.54337318092,0.9546260716533754,0,3,12,36,2,5,3,2,0.3321640532557186,0.3829924727022518,0.2848434740420296,4,3,-1,-0.25,110104.41850890436,62096.45969729939,-48007.95881160496,-0.4360220912271787,4,10,13,16,37,5,37,69,45,5,4,13,0,1,6,4,-2,-0.3333333333333333,0,0,0,0,0,0,,,,,1,5,0,0.3478349246509374,0.1515425074555821,0,1,0,1,7.0,10591.179255853582,21453.80628486658,3881.79373398909,6709.385521864491,904238.7149546628,1031006.659529296,medium_value,0,5,8,0,moderate_activity,no_recent_complaints,medium_digital_engagement
1134,F,Astana,large_city,medium,unemployed,low,65,49,mass,0,299139.3144326869,2024-06-01,2100,49,1,1,1,1,0,0,0,0,0,490,779.0,2,3,6,9,22166.584759737307,35255.87391921629,72790.96900230151,104827.15124365038,11083.292379868652,12131.828167050253,52063.10262848779,0.9945246353427822,0,2,2,61,1,2,1,1,0.4273510562859284,0.5222886383072535,0.0503603054068181,12,2,-10,-0.8333333333333334,138285.18719791336,22166.584759737307,-116118.60243817604,-0.839703838068986,0,0,0,0,0,1,0,210,254,0,0,0,0,0,7,0,-7,-1.0,0,0,0,0,0,0,,,,,0,1,0,0.0833574187315553,0.0210096855744403,1,0,1,0,5.0,8390.224603810291,14698.74092115718,2435.425847476067,5954.798756334225,381485.8977979693,398736.1674886501,medium_value,0,5,1,0,activity_drop,no_recent_complaints,low_digital_engagement
820,M,Astana,large_city,medium,employee,low,27,59,mass,0,333390.6184288646,2024-06-01,960,59,1,0,1,1,1,0,0,0,1,393,,3,4,8,17,24035.674258919506,35187.055221311675,76175.55858489586,159813.32047693376,8011.891419639834,9521.944823111982,21623.04772207948,0.9339805670958956,0,3,8,74,1,1,2,1,0.8509549756797542,0.1472186198194897,0.0018264045007561,13,3,-10,-0.7692307692307693,103754.44884796032,24035.674258919506,-79718.77458904083,-0.768340784170702,1,2,2,5,4,4,4,62,39,0,1,1,0,0,7,1,-6,-0.8571428571428571,0,0,0,0,0,0,,,,,0,0,0,,,0,0,0,0,,6776.46012196346,12676.469651976087,2798.674501042152,3977.785620921308,424060.95893939433,437623.01012092165,low_value,0,3,3,0,activity_drop,no_recent_complaints,low_digital_engagement
2174,M,Astana,medium_city,medium,self_employed,medium,38,25,mass,0,381295.3295497526,2024-06-01,1290,25,1,2,1,1,1,0,0,1,0,22,27.0,4,6,11,29,80149.12656059577,108628.08879603482,215305.5761364209,584366.1003975617,20037.281640148944,19573.234194220084,48532.1975298235,1.0,0,4,11,65,1,2,1,1,0.8561318231577364,0.0691432290057569,0.0747249478365065,7,4,-3,-0.4285714285714285,143291.83017612484,80149.12656059577,-63142.70361552907,-0.4406580859349638,2,4,6,9,15,8,15,2,57,2,2,5,1,1,4,2,-2,-0.5,0,0,0,0,0,0,,,,,0,0,0,,,0,0,0,0,,7082.537060027928,12702.045228061368,3031.833567276662,4050.7034927512655,390601.57895446784,344914.2304439335,low_value,0,7,3,0,moderate_activity,no_recent_complaints,medium_digital_engagement
528,F,South_KZ,large_city,medium,self_employed,medium,35,43,mass,0,345670.56704115454,2024-06-01,1200,43,0,2,0,1,1,0,0,1,0,369,220.0,1,3,6,20,5728.600601815548,22976.245407653656,39018.74564645443,161128.54025219768,5728.600601815548,6503.124274409071,20834.821129363347,0.9867253035073436,0,1,6,11,0,3,1,0,0.8692863722700198,0.020795530081169,0.1099180976488112,2,1,-1,-0.5,15216.490107158585,5728.600601815548,-9487.889505343035,-0.6235268079909878,4,4,9,9,33,2,29,33,34,6,3,10,1,1,4,4,0,0.0,0,0,0,0,0,0,,,,,1,3,0,0.2345633308583513,0.0295245698931461,0,1,1,0,28.0,1889.729002736624,4287.347464394221,2689.2063421476537,-799.4773394110302,1023984.0416004232,1118068.581510959,low_value,0,0,3,1,moderate_activity,no_recent_complaints,medium_digital_engagement
2055,M,Astana,large_city,low,retired,medium,34,35,pensioner,0,177097.85565578466,2024-06-01,1170,35,0,1,0,1,0,0,0,1,0,619,81.0,2,7,10,21,14649.545453901665,44462.67547547891,52332.757706373945,78509.82250457213,7324.772726950831,5233.275770637394,17945.37812861917,0.937984043751352,0,2,10,24,1,3,1,1,0.5916752996739144,0.1209707764692924,0.2873539238567931,10,2,-8,-0.8,54539.83036399943,14649.545453901665,-39890.28491009776,-0.7313973043896463,6,7,11,8,28,7,28,6,3,2,4,4,1,0,11,6,-5,-0.4545454545454545,0,0,0,0,0,0,,,,,0,1,1,0.3193894556093556,0.1501177859349592,0,0,0,0,41.0,2645.326785882092,4874.441642288234,2631.743178555256,13.58360732683559,498978.7089924009,474764.8647677646,low_value,0,8,2,0,activity_drop,no_recent_complaints,medium_digital_engagement
1367,M,Karaganda,medium_city,low,employee,medium,18,35,mass,0,141715.4644743408,2024-06-01,690,35,3,3,1,1,0,0,1,1,0,586,668.0,10,14,19,41,93582.8536486426,125987.29009858612,189081.95265017333,525686.8333132737,9358.28536486426,9951.681718430176,31712.44550145002,0.9473824525100129,2,10,19,37,3,6,3,2,0.4221125164690666,0.3952930684640485,0.1825944150668848,10,10,0,0.0,82641.10825208256,93582.8536486426,10941.745396560043,0.1324007582665048,1,1,5,5,19,1,7,61,28,1,2,2,1,0,7,1,-6,-0.8571428571428571,0,0,0,0,0,0,,,,,1,1,0,0.3562709646333266,0.0799923909846389,1,0,0,0,48.0,5430.315295386705,12183.87550688306,3660.111090179984,1770.2042052067209,206277.47345144185,220383.6906674808,low_value,0,6,0,0,activity_drop,no_recent_complaints,medium_digital_engagement
618,M,Aktobe,small_city,medium,self_employed,high,60,51,mass,0,363639.5312133668,2024-06-01,1950,51,0,1,0,1,0,0,0,1,0,457,295.0,3,9,11,20,45831.29417108302,115706.89070064553,199029.81269922908,306158.43204931245,15277.098057027672,18093.619336293552,62234.17758410113,0.9876793988956656,0,3,11,62,2,5,1,1,0.863529630410213,0.0532705296088781,0.0831998399809089,14,3,-11,-0.7857142857142857,306157.55005190324,45831.29417108302,-260326.25588082024,-0.8503016039835921,5,8,12,15,35,3,35,6,17,2,1,11,0,1,11,5,-6,-0.5454545454545454,0,0,0,0,0,0,,,,,2,3,0,0.3279230004064047,0.0739587308340436,2,2,0,0,51.0,8868.471077794838,20690.858596731086,2570.9565051406107,6297.514572654228,643118.6382787263,570274.0681841429,medium_value,0,3,5,0,activity_drop,no_recent_complaints,medium_digital_engagement
439,F,Almaty,rural,low,retired,high,59,27,pensioner,0,160295.52080671184,2024-06-01,1920,27,1,0,1,0,0,0,0,1,0,565,,6,10,15,21,78483.40654926405,114423.67383036124,199491.6014926502,214598.7444222359,13080.567758210676,13299.440099510011,29343.611967687,1.0,0,6,15,11,3,3,2,2,0.4164200961763527,0.5316882183112447,0.0518916855124027,7,6,-1,-0.1428571428571428,88030.84627019947,78483.40654926405,-9547.43972093542,-0.1084556167008865,10,14,18,25,41,6,41,61,73,3,4,7,2,1,14,10,-4,-0.2857142857142857,0,0,0,0,0,0,,,,,2,4,0,0.2868981885571973,0.0645135855890213,3,0,0,1,46.0,2543.281822870797,5553.610843708577,2422.554625344705,120.72719752609235,429402.4847173775,447874.7042439947,low_value,0,3,5,0,digital_active,no_recent_complaints,digital_power_user
1969,M,North_KZ,medium_city,medium,employee,medium,63,34,mass,1,210148.38482907845,2024-06-01,2040,34,1,0,1,0,0,0,0,1,1,65,,7,14,18,39,114566.7668398805,240490.9757750596,242882.31615468784,648765.1012945436,16366.680977125783,13493.46200859377,30308.201000941182,0.9798470154334884,0,7,18,29,3,8,2,2,0.6327105454980594,0.3249593822301043,0.0423300722718363,10,7,-3,-0.3,166746.65174249047,114566.7668398805,-52179.88490260998,-0.312929131453819,1,6,9,11,23,1,23,35,3,3,2,3,1,2,3,1,-2,-0.6666666666666666,0,0,0,0,0,0,,,,,1,2,0,0.3825536576376963,0.0530993035795855,2,0,0,0,70.0,2986.4307179202774,5751.0020838986175,3241.3469993295903,-254.9162814093129,216010.63581549452,223547.31347738224,low_value,0,11,5,0,activity_drop,no_recent_complaints,medium_digital_engagement
441,F,North_KZ,large_city,low,employee,medium,55,48,mass,1,187453.64344113803,2024-06-01,1800,48,3,1,3,1,0,0,0,1,1,169,71.0,9,19,21,52,56545.793066359074,160086.48053899908,196144.4275204828,348945.8734782931,6282.865896262119,9340.210834308702,17882.26049279286,0.8876428578678393,2,9,2,6,3,9,5,4,0.439751559947056,0.4715782507300775,0.0886701893228665,12,9,-3,-0.25,80007.51363254352,56545.793066359074,-23461.72056618444,-0.2932439654847773,1,4,11,8,23,7,10,57,56,4,4,8,1,1,5,1,-4,-0.8,0,0,0,0,0,0,,,,,0,0,0,,,0,0,0,0,,7231.01683662667,15242.72565747652,4184.289420048318,3046.727416578352,734537.3335404226,663154.4279187453,low_value,0,14,2,0,activity_drop,no_recent_complaints,medium_digital_engagement
1037,M,Almaty,rural,low,employee,high,44,50,mass,1,157778.57155929276,2024-06-01,1470,50,5,1,5,1,0,0,0,1,1,535,889.0,10,24,43,73,145363.07853580773,302775.75153007614,498087.028249571,897526.4762805696,14536.307853580773,11583.41926161793,25782.081625655355,0.9406660121247624,0,5,43,33,4,14,7,7,0.573080141670091,0.2271555653002248,0.1997642930296841,10,10,0,0.0,153378.85810690184,145363.07853580773,-8015.779571094114,-0.0522613068712982,8,12,18,18,41,5,41,41,69,1,2,6,2,1,12,8,-4,-0.3333333333333333,0,0,0,0,0,0,,,,,0,1,0,0.3226644676449287,0.1265594704826299,0,1,1,0,17.0,13960.5937064484,28087.4171234807,4690.720101525315,9269.873604923085,260374.571934706,279415.53669331915,medium_value,0,17,8,0,digital_active,no_recent_complaints,digital_power_user
842,F,East_KZ,large_city,medium,self_employed,low,61,33,mass,0,277719.2684879161,2024-06-01,1980,33,0,2,0,1,1,0,0,0,1,230,650.0,2,5,8,17,29730.805804359006,68498.87740422184,121065.65353155612,257304.0869836411,14865.402902179503,15133.206691444517,65796.57445886232,0.9538005869275376,1,2,8,47,1,1,1,1,0.7524080482131106,0.1451553148756719,0.1024366369112174,3,2,-1,-0.3333333333333333,53653.89223754605,29730.805804359006,-23923.086433187047,-0.4458779304821075,2,3,5,2,15,4,15,22,66,1,1,3,0,1,5,2,-3,-0.6,2,2,1,0,0,0,3.974510730512589,3.0,43.0,30.0,1,4,2,0.1291324398311089,0.0302680562532652,2,1,1,0,27.0,8720.765576634229,19495.3664504416,2038.796675896224,6681.968900738005,351601.0821695285,341417.14158647944,medium_value,1,0,0,0,activity_drop,complaint_risk,low_digital_engagement
1104,F,Almaty,small_city,premium,self_employed,low,42,53,premium,0,1237296.9084998162,2024-06-01,1410,53,4,1,3,1,1,1,0,0,0,876,206.0,5,12,25,46,142824.41553405108,383145.6433515127,778181.7716270302,1406075.557735088,28564.88310681021,31127.27086508121,70712.74064377106,0.955006634206894,2,1,25,68,4,7,5,2,0.7959913445429997,0.0662496170966917,0.1377590383603085,6,5,-1,-0.1666666666666666,175750.38903721227,142824.41553405108,-32925.97350316119,-0.1873450959826305,2,5,6,6,7,4,7,79,51,0,0,2,0,0,2,2,0,0.0,0,0,0,0,0,0,,,,,0,0,0,,,0,0,0,0,,28033.36743208664,57599.53017295679,4610.651528912742,23422.71590317389,1384554.9883716365,1218580.9190444315,high_value,0,6,4,0,transaction_active,no_recent_complaints,low_digital_engagement
621,F,Almaty,medium_city,medium,employee,low,38,39,mass,0,269628.13303642254,2024-06-01,1290,39,2,2,2,1,0,0,0,0,0,415,887.0,5,12,19,36,141715.74951614547,243964.3462401858,355009.6555070443,621868.2612778195,28343.149903229096,18684.71871089707,38094.067730766124,1.0,0,5,19,72,1,4,2,3,0.8780539034214864,0.0190996004127137,0.1028464961657999,7,5,-2,-0.2857142857142857,131828.95815996383,141715.74951614547,9886.79135618164,0.0749971136401215,1,1,4,6,11,3,11,79,52,1,0,3,0,0,1,1,0,0.0,0,0,0,0,0,0,,,,,1,3,1,0.1948438934970387,0.024977640348861,2,1,0,0,24.0,7636.433681900642,15917.545988265696,3651.116639465237,3985.317042435405,219705.07715277933,211537.03746032968,low_value,0,8,1,0,transaction_active,no_recent_complaints,low_digital_engagement
1431,F,Shymkent,large_city,medium,employee,high,64,22,mass,1,520617.3728402275,2024-06-01,2070,22,2,0,2,1,0,0,0,1,1,164,,3,8,17,33,39713.11964272008,117319.44918690863,267321.9687239292,549490.1709018082,13237.70654757336,15724.821689642891,44621.23738987906,0.9540307854085246,1,3,14,56,2,5,3,2,0.4387732899503568,0.4644577770599394,0.0967689329897037,7,3,-4,-0.5714285714285714,108725.10546065107,39713.11964272008,-69011.98581793101,-0.634738274343705,4,8,12,20,38,2,1,54,63,5,2,15,1,1,6,4,-2,-0.3333333333333333,0,0,0,0,0,0,,,,,2,5,2,0.3433018006213733,0.1097028881857208,1,1,3,1,41.0,10585.411644771792,21946.370137188034,3881.433598112969,6703.9780466588245,910421.569363768,831190.4405223907,medium_value,0,6,4,0,activity_drop,no_recent_complaints,medium_digital_engagement
2145,M,Astana,small_city,high,employee,low,32,31,affluent,1,736415.8555020891,2024-07-01,1140,31,4,1,4,1,0,1,0,0,1,197,115.0,9,20,26,42,203985.03587453227,624607.031857557,840136.5353486888,1041033.1936137968,22665.003986059142,32312.943667257263,108441.22432755648,0.9676724435999228,0,9,26,31,2,6,6,4,0.9093137770718992,0.0733104202287071,0.0173758026993936,12,9,-3,-0.25,301511.7290581377,203985.03587453227,-97526.6931836054,-0.3234590358665624,2,4,5,4,12,4,12,40,12,1,2,2,0,1,4,2,-2,-0.5,0,0,0,0,0,0,,,,,0,1,1,0.3188137959834797,0.1006183838737084,0,1,0,0,81.0,18401.18815439971,39404.235046284186,4918.453984679735,13482.734169719975,1066651.7680985988,1206565.4833488814,medium_value,0,10,4,0,transaction_active,no_recent_complaints,low_digital_engagement
2296,M,Almaty,rural,medium,entrepreneur,medium,31,19,sme_owner,0,197384.01694432303,2024-07-01,1110,19,3,1,2,1,1,0,0,1,0,206,515.0,5,10,17,31,26533.02402742767,50764.84612793226,99353.08839404464,141124.1352841454,5306.604805485534,5844.299317296744,21664.263628766068,0.9371563873636244,1,5,10,66,2,5,4,1,0.7993343413947978,0.1204559904169044,0.0802096681882978,11,5,-6,-0.5454545454545454,58478.86236270533,26533.02402742767,-31945.83833527765,-0.5462800924056791,1,2,4,4,14,1,14,66,52,2,1,6,0,0,7,1,-6,-0.8571428571428571,0,0,0,0,0,0,,,,,1,3,2,0.2146043280040196,0.0238219499043891,1,0,0,0,25.0,7160.048808372704,13617.19872825934,3542.485126744526,3617.563681628178,234371.4453844248,235659.68135976905,low_value,0,6,0,0,activity_drop,no_recent_complaints,medium_digital_engagement
1834,M,Shymkent,rural,medium,employee,low,71,30,mass,1,331803.07617840124,2024-07-01,2310,30,3,2,3,1,1,0,0,0,1,599,732.0,7,17,25,47,214050.4669920988,546005.6089359649,908452.6960232224,1407195.2076997182,30578.638141728403,36338.10784092889,63641.36669930105,0.9823030430451796,1,3,25,41,2,10,6,2,0.7067141431212706,0.1263174659552609,0.1669683909234685,13,7,-6,-0.4615384615384615,468758.8997079752,214050.4669920988,-254708.4327158764,-0.5433676733914881,2,4,5,6,12,4,12,11,29,1,1,2,0,1,9,2,-7,-0.7777777777777778,0,0,0,0,0,0,,,,,0,0,0,,,0,0,0,0,,8985.761188299299,19253.4170155214,4382.738048935976,4603.023139363323,373434.6372414897,350109.26357396826,low_value,0,9,1,0,activity_drop,no_recent_complaints,low_digital_engagement
1356,M,Almaty,medium_city,low,employee,medium,19,40,mass,0,75610.2975314457,2024-07-01,750,40,0,2,0,1,0,0,0,1,0,184,83.0,1,5,10,19,7156.8705350975615,40975.5286765213,82688.42695836737,161104.20737579503,7156.8705350975615,8268.842695836738,23068.835947539337,0.993364401901634,0,1,10,20,2,2,2,2,0.6963364416848009,0.26887127794386,0.034792280371339,1,1,0,0.0,9239.570033937469,7156.8705350975615,-2082.6994988399074,-0.2254108677341081,1,1,4,9,14,4,14,4,17,2,2,5,0,0,2,1,-1,-0.5,0,0,0,0,0,0,,,,,0,0,0,,,0,0,0,0,,1343.6459384906707,3133.4188218907034,2825.518312397317,-1481.8723739066463,173472.2013535925,193804.98089761767,low_value,0,2,1,0,moderate_activity,no_recent_complaints,medium_digital_engagement
811,M,South_KZ,medium_city,high,employee,medium,68,43,affluent,0,473528.60727199423,2024-07-01,2220,43,3,0,3,1,0,0,0,1,0,754,,5,10,15,38,55069.63034024056,143826.94205812074,229087.291703736,511951.5227190552,11013.926068048111,15272.486113582396,65334.86189512612,0.9571217126202324,1,5,15,4,2,4,2,1,0.654630870044223,0.320177661622529,0.0251914683332477,6,5,-1,-0.1666666666666666,125314.50868299422,55069.63034024056,-70244.87834275365,-0.5605486474072273,2,5,7,10,23,7,1,66,56,4,2,6,0,1,5,2,-3,-0.6,0,0,0,0,0,0,,,,,0,1,0,0.3086524802764105,0.0717636578406186,0,1,1,0,61.0,11796.153851801402,24763.549502491864,3763.821688536423,8032.332163264979,670594.6960989191,582927.7601017498,medium_value,0,3,2,0,activity_drop,no_recent_complaints,medium_digital_engagement
2248,F,Karaganda,large_city,high,entrepreneur,medium,30,55,affluent,0,574188.047502215,2024-07-01,1080,55,1,1,1,1,1,1,0,1,0,643,386.0,2,3,6,13,60606.55405056003,85481.0533924243,156265.57894287317,424382.0011506547,30303.27702528001,26044.263157145528,59634.81912698747,0.9448175628252148,0,2,6,68,1,2,1,1,0.4254989862675645,0.559690086579894,0.0148109271525413,5,2,-3,-0.6,119895.55905125508,60606.55405056003,-59289.005000695055,-0.4945054301414878,2,5,6,6,19,1,19,39,57,1,2,6,0,1,5,2,-3,-0.6,0,1,0,0,0,0,4.408758853896695,3.0,44.0,,0,1,0,0.3091131962485866,0.0465622693557798,1,1,0,0,70.0,11642.04132186992,26127.579746087547,2692.632977967104,8949.408343902815,605871.0490016482,557100.2122913607,medium_value,0,2,2,0,activity_drop,no_recent_complaints,medium_digital_engagement
1289,M,Astana,large_city,medium,employee,low,49,49,mass,0,537154.2616269069,2024-07-01,1650,49,4,1,3,1,1,0,1,1,1,21,403.0,8,14,17,42,154203.8594390226,282403.2512393466,335326.34232882573,1027574.5469279792,19275.482429877826,19725.07896051916,52868.90508520388,0.9443064336307678,0,8,17,33,2,3,2,3,0.3848584037275899,0.4710065722057624,0.1441350240666476,11,8,-3,-0.2727272727272727,189590.6331956228,154203.8594390226,-35386.77375660013,-0.1866483230745238,0,2,5,3,21,2,21,36,74,3,1,5,1,1,2,0,-2,-1.0,0,0,0,0,0,0,,,,,1,1,0,0.4237297841363675,0.1457504988035718,0,0,0,0,18.0,16998.712080327263,32982.47453042875,3896.3727115706615,13102.339368756602,2211289.892010265,1995255.0846358635,medium_value,0,9,1,0,activity_drop,no_recent_complaints,low_digital_engagement
663,M,Almaty,medium_city,low,unemployed,high,49,61,mass,0,156772.7464252187,2024-07-01,1650,61,1,2,1,1,0,0,0,1,0,784,841.0,6,9,11,20,39603.38047259614,47123.32879603455,107229.5843645168,142183.1266205476,6600.563412099356,9748.14403313789,25607.3164027831,0.9819023116779384,0,6,11,1,1,4,2,2,0.6277650589638286,0.2743024617145537,0.0979324793216176,9,6,-3,-0.3333333333333333,55275.18502557464,39603.38047259614,-15671.8045529785,-0.2835233305094771,3,8,12,9,41,5,41,28,46,2,3,8,1,1,7,3,-4,-0.5714285714285714,0,0,0,0,0,0,,,,,0,1,0,0.4986182551702647,0.119285143462563,0,0,0,0,65.0,4014.591225339034,9105.745312546307,3400.742146417918,613.8490789211155,369607.3207302261,361553.8497797584,low_value,0,6,5,0,activity_drop,no_recent_complaints,medium_digital_engagement
508,F,Almaty,large_city,high,employee,medium,33,41,affluent,1,648914.0656545828,2024-07-01,1170,41,2,0,2,0,1,0,0,1,1,429,,6,13,22,49,119515.74775588712,273233.9789959723,351110.92086357216,1285008.615647969,19919.291292647857,15959.587311980553,52255.32784544343,0.9570015961786608,0,6,22,50,2,8,5,2,0.8018149475626931,0.0567604735246433,0.1414245789126636,6,6,0,0.0,136561.14305939229,119515.74775588712,-17045.395303505153,-0.1248187802301265,3,4,7,10,20,8,20,58,40,1,2,8,1,1,4,3,-1,-0.25,0,0,0,0,0,0,,,,,0,0,0,,,0,0,0,0,,14074.635083186577,26275.477661690733,3539.584888485074,10535.0501947015,1285189.640266589,1295459.5566796714,medium_value,0,6,3,0,transaction_active,no_recent_complaints,medium_digital_engagement
319,M,Shymkent,large_city,premium,unemployed,medium,30,50,premium,0,1352087.7038520952,2024-07-01,1080,50,0,0,0,1,1,0,0,1,0,253,,4,7,10,19,136575.04399655294,229938.55590725932,344637.24880208826,546454.211759128,34143.760999138234,34463.72488020883,112050.49443203096,0.985013122293348,0,4,10,49,1,2,2,1,0.2672111551441952,0.6906508900051489,0.0421379548506559,6,4,-2,-0.3333333333333333,171687.8384476191,136575.04399655294,-35112.79445106618,-0.2045153271690753,1,4,7,6,22,5,22,16,21,2,3,8,1,1,3,1,-2,-0.6666666666666666,0,0,0,0,0,0,,,,,0,1,0,0.5008049723370032,0.1175477762368455,0,1,0,0,49.0,23030.42157526567,40292.39819018145,3485.900319304876,19544.5212559608,1210944.0743379577,1274350.192970542,high_value,0,10,4,0,activity_drop,no_recent_complaints,medium_digital_engagement
2019,F,Atyrau,large_city,medium,self_employed,low,71,44,mass,0,412920.7074952388,2024-07-01,2310,44,2,0,2,1,1,0,0,0,0,109,,2,4,6,19,52256.76562705266,125177.3091396812,148477.5207745211,521892.2445640364,26128.38281352633,24746.253462420183,55310.89501184745,0.9587716501210274,0,2,6,37,1,2,1,1,0.4205782048431159,0.1107722715341341,0.4686495236227499,7,2,-5,-0.7142857142857143,268375.28515748587,52256.76562705266,-216118.5195304332,-0.8052847318023798,0,0,0,0,0,1,0,132,243,0,0,0,0,0,8,0,-8,-1.0,0,0,0,0,0,0,,,,,0,0,0,,,0,0,0,0,,11113.679913286527,25909.567704091605,3406.570715018783,7707.109198267746,170596.0012591776,155670.1362970048,medium_value,1,0,0,0,activity_drop,no_recent_complaints,low_digital_engagement
219,F,Almaty,large_city,high,employee,medium,79,19,affluent,0,1050920.147270744,2024-07-01,2550,19,2,1,2,1,0,0,0,1,0,651,109.0,5,9,16,38,298863.3099894691,385620.242267756,759273.173207215,1636039.1931026613,59772.66199789383,47454.57332545094,91560.97188062042,0.9623369539249628,0,5,16,42,2,5,4,2,0.5732036978597351,0.3966012887738903,0.0301950133663745,8,5,-3,-0.375,350171.19588401634,298863.3099894691,-51307.88589454722,-0.1465222910897029,3,7,9,8,21,4,21,75,52,1,3,3,1,1,7,3,-4,-0.5714285714285714,0,0,0,0,0,0,,,,,0,1,0,0.2553796621909223,0.0712919487750729,0,0,1,0,60.0,22975.40972914675,42975.34867789579,2808.440869868918,20166.96885927784,1023897.7527344456,1121042.1326404582,high_value,0,4,2,0,activity_drop,no_recent_complaints,medium_digital_engagement
2096,M,North_KZ,large_city,medium,employee,medium,39,74,mass,0,298338.14520662744,2024-07-01,1350,74,0,3,0,1,0,0,0,1,0,818,234.0,3,5,12,20,71509.25635843145,99635.1490538337,274433.0400919712,435607.1477291865,23836.41878614381,22869.42000766427,69797.74454393066,1.0,0,2,12,37,1,5,3,1,0.6675616594809244,0.3318277062011022,0.0006106343179733,5,3,-2,-0.4,146672.75488438286,71509.25635843145,-75163.4985259514,-0.5124571266504147,2,7,13,15,30,1,27,71,2,5,5,10,1,2,4,2,-2,-0.5,0,0,0,0,0,0,,,,,0,1,0,0.0852176158589292,0.007461253435091,1,0,1,0,56.0,6458.681634961202,12282.543175421357,3005.6106109257885,3453.0710240354133,326732.6476178524,366832.3742975541,low_value,0,1,2,0,moderate_activity,no_recent_complaints,medium_digital_engagement
49,F,Astana,large_city,low,unemployed,low,75,37,mass,0,120524.18382246804,2024-07-01,2430,37,3,0,1,1,0,0,1,0,1,117,,2,9,14,24,14106.950872748876,44721.49779594678,72747.92844606058,109789.22128293074,7053.475436374439,5196.280603290042,20406.97278169558,0.9181611633744724,1,2,14,65,2,6,2,2,0.8535213234590483,0.0379843162010593,0.1084943603398924,6,2,-4,-0.6666666666666666,28355.71685188672,14106.950872748876,-14248.76597913784,-0.5025006439994044,0,0,0,0,0,1,0,111,115,0,0,0,0,0,4,0,-4,-1.0,0,0,0,0,0,0,,,,,0,0,0,,,0,0,0,0,,6656.018977390974,13478.459884422338,4201.519097829249,2454.499879561725,419427.0698115746,431547.162822282,low_value,0,9,0,0,activity_drop,no_recent_complaints,low_digital_engagement
669,M,Almaty,medium_city,low,employee,medium,19,54,mass,1,168830.48312857313,2024-07-01,750,54,0,1,0,1,0,0,0,1,1,833,472.0,4,12,16,33,24648.601336233394,77926.07703013593,64271.22311086827,174103.0083114195,6162.150334058349,4016.9514444292654,14341.20116056596,0.9616096393123243,0,4,14,26,3,5,2,2,0.5727677611353102,0.0913808518356862,0.3358513870290036,8,4,-4,-0.5,50108.20621777056,24648.601336233394,-25459.604881537165,-0.5080925222285861,3,4,8,9,33,1,33,16,55,3,2,13,1,1,6,3,-3,-0.5,0,0,0,0,0,0,,,,,0,1,0,0.3456522863445063,0.103446864997717,1,0,1,0,6.0,6606.2847068168285,14524.068062701705,2484.2267234718347,4122.057983344994,238589.9686558611,216900.2618786591,low_value,0,11,5,0,transaction_active,no_recent_complaints,medium_digital_engagement
2138,F,Aktobe,large_city,high,entrepreneur,medium,36,42,affluent,0,780263.1747363383,2024-07-01,1260,42,3,1,2,1,0,0,0,1,1,879,486.0,6,15,20,39,112872.94314805284,446620.6000930093,465276.3428561498,1056659.1107815849,18812.15719134214,23263.817142807493,55935.690190648624,0.9538519017342392,1,6,20,7,3,8,3,2,0.3266764563506457,0.6430608157411465,0.0302627279082077,6,6,0,0.0,135595.2231979673,112872.94314805284,-22722.28004991448,-0.1675743401132961,5,13,15,11,32,3,32,53,17,4,1,8,1,0,5,5,0,0.0,0,1,1,0,0,0,4.975572705821746,4.0,77.0,41.0,0,0,0,,,0,0,0,0,,15422.364705874836,30695.26053878027,3993.466273814492,11428.898432060343,1485071.0771029838,1414976.8691099917,medium_value,0,11,5,0,digital_active,complaint_risk,medium_digital_engagement
2311,F,Shymkent,large_city,medium,retired,high,22,35,pensioner,0,389420.298814792,2024-07-01,840,35,0,0,0,1,1,0,0,1,1,849,,2,4,5,16,25756.740061729208,56944.13713210428,83073.39104149316,237614.1240625181,12878.370030864604,16614.678208298632,29797.567982635403,0.9816791882590588,0,2,5,46,1,1,0,1,0.5418628406188588,0.4351368681757435,0.0230002912053976,11,2,-9,-0.8181818181818182,137179.79958593956,25756.740061729208,-111423.05952421034,-0.8122410140598486,5,11,19,17,31,2,31,65,65,4,2,8,0,2,10,5,-5,-0.5,0,0,0,0,0,0,,,,,3,4,2,0.3471296003728729,0.0300422474554798,3,0,2,0,35.0,6556.707429433735,11727.962053778218,2815.0829486999446,3741.624480733791,346162.79555370496,348539.5997193954,low_value,0,3,12,0,activity_drop,no_recent_complaints,digital_power_user
1937,M,East_KZ,rural,low,retired,low,32,30,pensioner,0,138142.87299492772,2024-07-01,1140,30,1,1,1,1,0,0,0,0,0,651,250.0,5,11,12,21,39222.32926536301,113018.79899721776,95345.07649484192,145496.38864720502,7844.465853072603,7945.423041236826,19482.84957666465,0.9586389071805632,0,5,2,60,2,3,2,1,0.5322729234119788,0.3750167050086522,0.092710371579369,7,5,-2,-0.2857142857142857,85976.52839849591,39222.32926536301,-46754.1991331329,-0.5438018957503153,3,4,5,5,17,4,17,1,12,2,1,1,0,1,6,3,-3,-0.5,0,0,0,0,0,0,,,,,2,2,0,0.385466102367106,0.1823292006834974,1,1,0,0,68.0,2639.451920091072,5621.370933394013,2810.9941285369728,-171.542208445901,256766.7554801477,220854.5021580252,low_value,0,3,1,0,moderate_activity,no_recent_complaints,low_digital_engagement
867,F,Aktobe,small_city,low,employee,medium,65,56,mass,1,166994.81124456407,2024-07-01,2130,56,1,1,1,1,0,0,0,1,1,42,428.0,5,8,11,21,62664.02615094346,88327.39894838457,125734.05135907764,184667.02263025945,12532.805230188693,11430.368305370694,37095.00146219845,0.9785043828549196,0,5,1,24,1,5,1,2,0.7518369655553672,0.0968337398923605,0.1513292945522721,15,5,-10,-0.6666666666666666,179346.53053509182,62664.02615094346,-116682.50438414836,-0.6505980574924904,2,2,2,10,10,7,10,62,44,0,1,1,0,1,6,2,-4,-0.6666666666666666,0,0,0,0,0,0,,,,,1,2,1,0.117254651532853,0.0487633740143893,1,1,0,1,65.0,4136.637227110628,7497.51036241444,3581.2758394134053,555.3613876972222,265276.3161710949,268102.77563476184,low_value,0,5,0,0,activity_drop,no_recent_complaints,medium_digital_engagement
2257,F,Astana,medium_city,medium,entrepreneur,medium,65,39,sme_owner,0,353691.0152182327,2024-07-01,2130,39,2,0,2,1,0,0,0,1,0,267,,9,13,15,33,316267.98136474064,479137.3373165999,501713.9000893053,880445.1673807708,35140.88681830451,33447.59333928702,125217.84973511224,0.9733919967018372,0,9,15,56,2,4,3,3,0.9312833912829056,0.0631300615049438,0.0055865472121506,13,9,-4,-0.3076923076923077,479053.7820959438,316267.98136474064,-162785.80073120317,-0.3398069419658622,2,4,6,8,29,3,27,37,54,1,5,6,1,1,5,2,-3,-0.6,0,0,0,0,0,0,,,,,3,5,2,0.2431438889887493,0.0750669704342525,2,2,1,0,16.0,11590.207023812456,26404.39215566599,3732.026486640438,7858.180537172018,474261.1865258137,473702.58258141176,medium_value,0,11,1,0,activity_drop,no_recent_complaints,medium_digital_engagement
169,M,Karaganda,large_city,medium,retired,medium,59,48,pensioner,0,411783.1472947229,2024-07-01,1950,48,1,1,1,1,1,0,0,1,0,117,176.0,5,8,14,29,56543.48083094305,77322.05223456965,151626.97138661094,339585.2867496582,11308.69616618861,10830.497956186497,43761.16733153139,0.9808903853378964,1,5,14,71,3,3,1,2,0.687146939047614,0.1875133164831022,0.1253397444692837,9,5,-4,-0.4444444444444444,78418.33282884529,56543.48083094305,-21874.85199790224,-0.2789507403281063,2,9,13,10,27,4,27,17,33,2,3,9,1,2,2,2,0,0.0,0,0,0,0,0,0,,,,,3,5,1,0.3521994214328884,0.0440658349854971,1,1,2,1,55.0,9451.126557866875,17000.31525122526,2498.755927524612,6952.370630342265,668596.4846139692,645484.8537300108,medium_value,0,6,5,0,moderate_activity,no_recent_complaints,medium_digital_engagement
1259,F,South_KZ,medium_city,medium,employee,low,50,29,mass,1,268011.4894821782,2024-07-01,1680,29,2,1,2,1,0,0,0,0,1,651,805.0,10,18,23,52,175157.8851415361,331470.62215254485,308145.70603336045,816939.8593169791,17515.78851415361,13397.639392754802,17810.948494959695,0.9413918162178566,2,10,23,58,2,6,2,3,0.3389247253475912,0.5847684685908047,0.076306806061604,11,10,-1,-0.0909090909090909,185014.2063182555,175157.8851415361,-9856.321176719415,-0.0532733208592905,1,4,4,2,18,7,18,35,59,1,2,2,0,0,2,1,-1,-0.5,0,1,0,0,0,0,3.956117923834804,3.0,1.0,,2,2,1,0.4479520314130897,0.1585480810071582,2,0,2,0,74.0,6376.181847323493,14125.984884949532,3672.49538749062,2703.686459832873,558171.2813185515,489192.9042822077,low_value,0,11,3,1,transaction_active,no_recent_complaints,low_digital_engagement
510,M,Atyrau,medium_city,medium,entrepreneur,medium,28,42,sme_owner,0,349285.4338628823,2024-07-01,1020,42,6,1,1,1,1,0,0,1,1,5,504.0,7,14,19,41,54678.33826797838,172375.27739940034,127041.02215269704,362912.0885309725,7811.191181139769,6686.369586984055,29653.62229004489,0.9925445466642672,0,7,19,72,2,9,2,2,0.5812391153504399,0.2960124104852109,0.1227484741643492,10,7,-3,-0.3,81956.61064993737,54678.33826797838,-27278.27238195899,-0.3328379756756062,0,2,3,1,18,1,18,66,64,2,2,4,0,0,3,0,-3,-1.0,0,0,0,0,0,0,,,,,1,2,1,0.3008776089320361,0.0788089536790434,0,0,0,0,12.0,12547.110908527691,22443.7533694352,5183.8995166778,7363.211391849891,342525.8822336269,313022.61642246123,medium_value,0,10,1,0,activity_drop,no_recent_complaints,medium_digital_engagement
368,F,Karaganda,small_city,low,employee,medium,57,39,mass,1,119100.44738999072,2024-07-01,1890,39,1,0,1,1,0,0,1,1,1,776,,1,7,13,28,1679.58374392774,10335.191556524613,26198.503011851462,44608.68898007158,1679.58374392774,2015.2694624501128,3276.0877441029043,0.9916138151823009,0,1,13,50,1,6,2,1,0.489998534845841,0.4843735259058501,0.0256279392483088,10,1,-9,-0.9,13586.807773880306,1679.58374392774,-11907.224029952566,-0.8763812830886867,0,0,4,4,11,5,11,59,3,1,2,2,0,0,6,0,-6,-1.0,1,2,1,0,0,0,2.237852170453498,2.0,60.0,39.0,0,0,0,,,0,0,0,0,,1519.9331911157203,3534.318770617664,2639.9308006947044,-1119.997609578984,691563.5151448487,772977.4315574085,low_value,0,5,1,0,activity_drop,complaint_risk,medium_digital_engagement
1628,M,Shymkent,medium_city,medium,unemployed,medium,82,36,mass,0,330273.15195860475,2024-07-01,2640,36,2,1,2,1,1,0,0,1,0,60,197.0,3,8,13,19,102777.60375246764,195528.31501532684,293014.4505096841,410517.75555047713,34259.20125082255,22539.573116129548,34340.02038231272,0.9384547076393784,0,3,13,41,2,5,3,1,0.79220225509091,0.1508029215913412,0.0569948233177487,6,3,-3,-0.5,108206.8627713928,102777.60375246764,-5429.259018925135,-0.0501748122057235,4,6,9,9,26,6,26,46,47,3,4,10,1,0,6,4,-2,-0.3333333333333333,0,0,0,0,0,0,,,,,0,1,0,0.2870066106289791,0.1159002940797844,0,0,0,0,58.0,7127.560181642898,15174.024519134133,3233.186742038323,3894.373439604575,607751.1090180303,528548.3789582185,low_value,0,3,5,0,moderate_activity,no_recent_complaints,medium_digital_engagement
1421,F,Almaty,large_city,medium,entrepreneur,high,57,26,sme_owner,0,360592.068946488,2024-07-01,1890,26,3,1,3,1,0,0,0,1,1,249,617.0,4,8,10,20,73381.23646969922,274804.243326976,279101.79482407484,762840.0044675869,18345.309117424804,27910.17948240748,87009.12242995428,0.973865490710622,0,4,10,2,1,5,1,1,0.5934463113687242,0.4001202462088734,0.0064334424224024,14,4,-10,-0.7142857142857143,604727.0927603904,73381.23646969922,-531345.8562906912,-0.8786539625093747,3,5,8,11,25,8,25,48,14,2,1,10,1,1,7,3,-4,-0.5714285714285714,0,0,0,0,0,0,,,,,0,2,0,0.1230676705096487,0.0496911208315771,1,1,0,0,39.0,11090.787568750076,24575.518991166355,3133.759263386921,7957.028305363154,559750.3918394294,493763.512525417,medium_value,0,5,3,0,activity_drop,no_recent_complaints,medium_digital_engagement
1881,F,Shymkent,large_city,medium,self_employed,medium,65,56,mass,0,301334.37401896063,2024-07-01,2130,56,1,0,1,1,0,0,1,1,1,742,,2,4,9,17,25755.35875236562,44448.07553097353,103324.80506751928,187085.76056777447,12877.67937618281,11480.53389639103,16028.371642349532,0.9167960843407912,0,2,9,69,1,3,1,1,0.4371880899953281,0.5295350866021313,0.0332768234025406,2,2,0,0.0,19536.204895064,25755.35875236562,6219.153857301622,0.3183399176404496,1,2,6,2,23,2,23,28,53,4,1,10,1,1,2,1,-1,-0.5,0,0,0,0,0,0,,,,,0,0,0,,,0,0,0,0,,6339.868501948813,12979.52621937922,2982.074255128696,3357.794246820117,554455.0980755996,530449.153083819,low_value,0,4,0,0,moderate_activity,no_recent_complaints,medium_digital_engagement
1991,M,Shymkent,large_city,medium,retired,high,79,46,pensioner,0,308335.34065219254,2024-07-01,2550,46,1,1,1,1,0,0,1,1,0,362,195.0,8,13,20,37,37812.15642461437,74840.25499843917,84381.02863183188,140979.3193956691,4726.519553076796,4219.051431591594,10862.29030292336,0.9454445919202304,0,8,20,33,2,10,3,2,0.84082707506748,0.0948647644389499,0.0643081604935699,9,8,-1,-0.1111111111111111,36069.97125118748,37812.15642461437,1742.185173426893,0.0483001542001378,8,14,21,18,44,5,1,10,56,4,2,13,2,2,11,8,-3,-0.2727272727272727,0,0,0,0,0,0,,,,,0,1,0,0.3112919253529819,0.0271839177337552,0,0,0,0,19.0,8633.30301534148,16316.563504491944,2628.2047202283866,6005.098295113094,1466377.0491509603,1321218.9924442444,medium_value,0,14,7,0,digital_active,no_recent_complaints,digital_power_user
1058,M,South_KZ,medium_city,medium,employee,high,51,20,mass,1,237840.17711516708,2024-07-01,1710,20,2,2,2,1,1,0,0,1,1,392,478.0,11,20,28,48,110255.94401936128,216809.19253004267,367687.10649802047,560165.7140203181,10023.267638123752,13131.682374929302,16609.725987322836,0.9551602470663296,0,11,10,19,2,5,7,2,0.5359917954748118,0.412897279470624,0.0511109250545641,14,11,-3,-0.2142857142857142,132247.4601126884,110255.94401936128,-21991.51609332711,-0.1662906499269482,5,10,11,24,32,3,32,51,39,4,1,10,1,1,7,5,-2,-0.2857142857142857,0,0,0,0,0,0,,,,,0,1,0,0.5195246176581654,0.12402948556656,1,0,1,0,64.0,7473.80687383777,14467.93374290933,3421.1586604811223,4052.648213356648,311006.055509308,297189.3418340853,low_value,0,14,10,1,transaction_active,no_recent_complaints,medium_digital_engagement
839,M,Astana,medium_city,medium,employee,high,26,39,mass,1,379911.54762423504,2024-07-01,960,39,3,0,3,1,0,0,1,1,1,310,,8,16,22,51,86489.25192605567,205622.51102967263,224588.13717221844,879139.7725247897,10811.15649075696,10208.551689646292,33821.170352769564,1.0,0,6,22,31,2,5,5,3,0.7560558686919383,0.0995307326191656,0.144413398688896,10,8,-2,-0.2,127342.24578587474,86489.25192605567,-40852.99385981906,-0.3208125756515488,6,10,20,15,47,1,47,8,69,7,2,7,1,3,6,6,0,0.0,1,1,0,0,0,0,4.321932923282483,3.0,87.0,,1,3,0,0.0,0.0,0,1,1,0,21.0,12090.690327418302,25110.2122453975,3738.112940878198,8352.577386540104,1070661.8656906155,1211890.2252684035,medium_value,0,9,9,0,digital_active,no_recent_complaints,digital_power_user
1848,F,South_KZ,large_city,high,employee,high,58,46,affluent,1,693622.1015536094,2024-07-01,1920,46,4,1,4,1,1,0,0,1,1,666,327.0,13,27,37,57,353496.5265928364,838984.5605231023,1153465.543075729,1349400.365095437,27192.04050714126,31174.744407452134,102162.26106977343,1.0,0,13,37,8,7,13,4,3,0.5750030521416232,0.4124029202881429,0.0125940275702338,15,13,-2,-0.1333333333333333,346762.635999976,353496.5265928364,6733.890592860407,0.0194193084656931,6,11,13,15,30,7,26,4,18,4,1,11,1,2,8,6,-2,-0.25,0,0,0,0,0,0,,,,,0,0,0,,,0,0,0,0,,18109.457757149947,38517.187678727096,4447.476069109914,13661.981688040032,1164589.2362985166,1044627.4143348584,medium_value,0,20,4,0,transaction_active,no_recent_complaints,medium_digital_engagement
600,F,Almaty,medium_city,high,retired,medium,82,24,affluent,0,806475.9524271833,2024-07-01,2640,24,5,2,1,1,0,0,0,1,0,576,644.0,6,14,17,36,194854.13853380064,526204.3599161559,554495.7541857135,992550.801749787,32475.68975563344,32617.39730504197,142032.26864353562,0.9690972852431076,1,6,5,68,2,6,2,3,0.6118445381997861,0.2746251206130178,0.1135303411871959,12,6,-6,-0.5,392220.9826191396,194854.13853380064,-197366.84408533896,-0.5032031758407712,2,3,5,8,13,1,13,63,77,1,2,2,0,1,9,2,-7,-0.7777777777777778,0,0,0,0,0,0,,,,,2,3,0,0.2355900524231284,0.0394107682900474,2,2,1,0,68.0,21918.38235822326,43801.44962013509,5115.463469871707,16802.918888351553,1724092.761220522,1662087.048085091,high_value,0,9,1,1,activity_drop,no_recent_complaints,medium_digital_engagement
1921,F,Astana,small_city,low,entrepreneur,high,26,37,sme_owner,0,120351.47734187637,2024-07-01,960,37,3,2,3,1,0,0,1,1,1,256,356.0,2,5,13,36,6621.106450176043,21176.184858944154,47627.02723005131,117794.91964732885,3310.553225088021,3663.617479234716,15380.966540182677,1.0,0,2,13,52,2,2,3,1,0.5624716614948727,0.0823537626965578,0.3551745758085693,4,2,-2,-0.5,15726.729642941884,6621.106450176043,-9105.62319276584,-0.578990254140499,7,11,13,15,35,4,23,16,38,5,1,12,1,0,10,7,-3,-0.3,0,0,0,0,0,0,,,,,0,0,0,,,0,0,0,0,,6428.823495307113,11718.550904796017,4093.336469820246,2335.4870254868674,256146.8968012876,270079.628794809,low_value,0,2,8,0,moderate_activity,no_recent_complaints,medium_digital_engagement
1312,F,Almaty,small_city,premium,self_employed,high,58,27,premium,0,1653209.184610446,2024-07-01,1920,27,5,1,1,1,1,1,0,1,0,82,534.0,11,23,34,54,603853.9731473104,1491475.940322366,2742440.8288360774,2840894.6178582027,54895.81574066458,80660.02437753169,198488.1256657142,0.929373112075818,2,11,34,25,6,6,7,3,0.7196502407411823,0.1760764444178429,0.1042733148409749,11,11,0,0.0,561272.8808273376,603853.9731473104,42581.09231997281,0.0758652230929216,10,15,21,17,40,5,14,27,78,1,3,12,1,1,11,10,-1,-0.0909090909090909,0,0,0,0,0,0,,,,,0,1,1,0.3147213840862622,0.0685734129836159,0,0,0,0,63.0,37668.12296602542,72591.53021258283,6672.836190906328,30995.28677511909,7484676.514490786,7467631.795713277,high_value,0,17,16,0,digital_active,no_recent_complaints,digital_power_user
1337,M,Aktobe,medium_city,medium,employee,high,37,60,mass,0,291143.28505737154,2024-07-01,1290,60,3,1,2,1,1,0,0,1,0,389,233.0,5,11,17,33,43964.078399947655,92324.14715403694,170003.00813956803,264972.48818997794,8792.815679989531,10000.176949386354,26829.70662432245,0.9905801759982344,0,3,17,43,2,4,3,3,0.7551876033687146,0.2377825145001657,0.0070298821311199,8,5,-3,-0.375,73581.73558988962,43964.078399947655,-29617.657189941965,-0.4025137074099069,3,7,18,9,46,8,14,14,33,4,6,6,1,3,5,3,-2,-0.4,0,0,0,0,0,0,,,,,0,6,2,0.3951732055777457,0.1619920630200075,0,2,2,0,13.0,9052.08271417085,19973.59681062106,3087.024099392018,5965.058614778833,393370.8296625974,403038.432522524,medium_value,0,12,4,1,digital_active,no_recent_complaints,digital_power_user
1134,F,Astana,large_city,medium,unemployed,low,65,49,mass,0,299139.3144326869,2024-07-01,2130,49,3,1,1,0,0,0,0,0,0,473,574.0,4,10,19,39,33615.85244675168,71103.84772611999,199401.01436935,310712.11746599,8403.96311168792,10494.790229965787,33179.27286863045,0.9761240775063664,4,4,19,61,2,9,2,1,0.9181243772949635,0.0608135688902797,0.0210620538147568,9,4,-5,-0.5555555555555556,59936.60301715055,33615.85244675168,-26320.750570398865,-0.4391431820529988,0,3,4,6,10,1,10,1,34,1,1,4,0,0,1,0,-1,-1.0,0,0,0,0,0,0,,,,,0,1,0,0.2023166799395078,0.0893578313843541,0,1,1,0,51.0,11883.83225495843,21449.636246889044,3535.4997466347504,8348.33250832368,1091289.0353576196,1113996.8110748832,medium_value,0,8,1,0,activity_drop,no_recent_complaints,low_digital_engagement
820,M,Astana,large_city,medium,employee,low,27,59,mass,0,333390.6184288646,2024-07-01,990,59,0,2,0,1,0,0,1,0,0,837,430.0,4,7,10,25,57307.93407942737,77914.82658855713,116889.20016378672,371339.3098103039,14326.983519856842,11688.920016378672,31275.86937530987,0.971571781607435,0,4,10,22,2,2,1,1,0.888356553007585,0.1047781855588421,0.0068652614335729,6,4,-2,-0.3333333333333333,71536.88212567713,57307.93407942737,-14228.948046249769,-0.1989036651227282,1,1,2,3,11,2,11,13,62,1,1,3,0,0,3,1,-2,-0.6666666666666666,0,0,0,0,0,0,,,,,0,1,0,0.4775412077354435,0.221630195296294,1,1,0,0,89.0,7561.512457365314,16393.72246792066,2804.801517862365,4756.710939502949,357331.0145176895,393747.54173450056,low_value,0,5,0,0,activity_drop,no_recent_complaints,low_digital_engagement
2174,M,Astana,medium_city,medium,self_employed,medium,38,25,mass,0,381295.3295497526,2024-07-01,1320,25,1,0,1,1,1,0,0,1,0,187,,1,3,5,16,22220.142226275813,79931.20247736058,125980.00256730964,373543.337378112,22220.142226275813,25196.00051346193,52780.64987909509,0.9146524350503188,0,1,5,15,1,2,1,1,0.62387140756747,0.1492502422978978,0.226878350134632,2,1,-1,-0.5,40824.22112645801,22220.142226275813,-18604.0789001822,-0.4557117903744885,1,7,9,7,25,8,25,74,28,4,3,8,1,1,4,1,-3,-0.75,0,0,0,0,0,0,,,,,0,2,1,0.1716796733341148,0.0182155834286723,2,1,1,0,9.0,10147.827689654345,18501.76723104469,3408.324050022436,6739.503639631909,362363.4616961856,411665.2246036843,medium_value,0,3,5,0,activity_drop,no_recent_complaints,medium_digital_engagement
528,F,South_KZ,large_city,medium,self_employed,medium,35,43,mass,0,345670.56704115454,2024-07-01,1230,43,1,3,1,1,0,0,0,1,0,443,700.0,2,9,13,26,15330.9494365988,75601.4837216144,123635.73805576617,186018.2028016489,7665.474718299401,9510.44138890509,35177.109273063856,0.9865730176795466,0,2,6,5,2,4,1,2,0.6551959924381396,0.2909212334186515,0.0538827741432086,4,2,-2,-0.5,29863.65090743804,15330.9494365988,-14532.70147083924,-0.4866351242814598,3,4,8,7,25,1,1,49,9,4,4,9,1,1,5,3,-2,-0.4,0,0,0,0,0,0,,,,,2,2,0,0.1820177764213319,0.0518555200361522,0,1,1,0,53.0,8823.90926271439,16386.92039951676,3051.75739275581,5772.15186995858,634899.4085635919,616318.6162345285,medium_value,0,2,3,0,moderate_activity,no_recent_complaints,medium_digital_engagement
2055,M,Astana,large_city,low,retired,medium,34,35,pensioner,0,177097.85565578466,2024-07-01,1200,35,2,0,1,1,0,0,0,1,1,372,,7,13,15,34,38265.10993093087,62753.574608695766,74146.26053507377,180199.2827044794,5466.444275847267,4943.084035671584,19640.066470452904,0.9584493782824818,0,2,15,29,1,4,2,1,0.9035094890006048,0.0789105838687917,0.0175799271306034,9,7,-2,-0.2222222222222222,51895.32367756872,38265.10993093087,-13630.213746637848,-0.2626482075981228,3,4,6,9,27,4,27,77,65,4,3,4,1,1,3,3,0,0.0,0,0,0,0,0,0,,,,,0,1,1,0.2122916797692967,0.0496717976588719,0,0,0,0,22.0,6671.778793736257,13012.895782627998,3464.895278978448,3206.8835147578093,191470.0661601892,191943.4239659996,low_value,0,9,5,0,transaction_active,no_recent_complaints,medium_digital_engagement
1367,M,Karaganda,medium_city,low,employee,medium,18,35,mass,0,141715.4644743408,2024-07-01,720,35,5,2,3,1,0,0,0,1,0,815,614.0,11,20,24,57,60941.61087600949,93207.05734266002,162161.94803940837,286074.23967220506,5540.146443273589,6756.747834975348,26629.66645018727,1.0,0,4,24,32,2,6,2,4,0.5103357155800141,0.2419773537382804,0.2476869306817054,15,11,-4,-0.2666666666666666,91516.1570636965,60941.61087600949,-30574.546187687018,-0.3340890523452237,4,5,6,11,22,5,22,54,32,2,1,5,1,0,4,4,0,0.0,0,0,0,0,0,0,,,,,2,4,0,0.1553613247038455,0.05567196909665,1,0,0,1,16.0,6980.96855279369,14988.520440147662,5018.177677063143,1962.7908757305468,223318.5217950637,250091.9280912484,low_value,0,12,5,0,transaction_active,no_recent_complaints,medium_digital_engagement
618,M,Aktobe,small_city,medium,self_employed,high,60,51,mass,0,363639.5312133668,2024-07-01,1980,51,0,1,0,1,0,0,0,1,0,81,846.0,3,10,14,20,50573.41289196125,173763.23144276105,265860.2582101352,432761.4206881216,16857.804297320417,18990.018443581084,79604.6458441961,0.9967456014844842,0,3,14,58,1,6,3,2,0.764335930608413,0.0993142496532762,0.1363498197383108,6,3,-3,-0.5,122927.4241066172,50573.41289196125,-72354.01121465594,-0.5885912906781646,4,12,16,17,38,5,37,33,29,6,4,7,1,2,7,4,-3,-0.4285714285714285,0,0,0,0,0,0,,,,,0,1,0,0.0507180695492915,0.0090703040169574,0,1,0,0,45.0,7479.37504420641,15667.59861861792,2284.429294672524,5194.945749533887,991122.6253858582,1132812.0654636642,medium_value,0,13,7,0,digital_active,no_recent_complaints,digital_power_user
439,F,Almaty,rural,low,retired,high,59,27,pensioner,0,160295.52080671184,2024-07-01,1950,27,1,1,1,1,0,0,0,1,1,759,380.0,2,3,4,12,7935.10826565352,12397.238647357168,16196.401708381543,43998.45775164619,3967.55413282676,4049.1004270953854,7244.377036446099,0.9032588306318642,0,2,4,31,1,1,1,0,0.4155201874122431,0.5843201625748077,0.0001596500129491,10,2,-8,-0.8,35260.42445519797,7935.10826565352,-27325.31618954445,-0.7749570974184982,8,13,18,19,41,4,30,15,50,4,5,16,2,3,15,8,-7,-0.4666666666666667,0,0,0,0,0,0,,,,,1,1,0,0.4484708990211576,0.2204404365115614,0,0,1,0,78.0,4264.975504489838,7441.707654865597,2540.383883040497,1724.591621449341,466616.4778163707,470254.12977110816,low_value,0,1,5,0,activity_drop,no_recent_complaints,digital_power_user
1969,M,North_KZ,medium_city,medium,employee,medium,63,34,mass,1,210148.38482907845,2024-07-01,2070,34,1,0,1,1,0,0,0,1,1,611,,7,12,14,28,27853.847076966314,40774.83129085783,49983.367053644826,138821.4776293213,3979.121010995188,3570.2405038317734,15983.2239486472,0.9569276186316864,2,7,14,26,2,5,2,1,0.7770192905663003,0.1422046583526541,0.0807760510810456,8,7,-1,-0.125,28877.939905379804,27853.847076966314,-1024.0928284134898,-0.0354628076576441,4,5,9,14,18,1,13,18,43,2,1,5,0,1,5,4,-1,-0.2,0,1,0,0,0,0,3.799610888333348,3.0,22.0,,0,0,0,,,0,0,0,0,,6917.852614813668,13786.43606765408,2387.457843273801,4530.394771539867,519794.8397969447,520916.1261346332,low_value,0,8,4,0,moderate_activity,no_recent_complaints,medium_digital_engagement
441,F,North_KZ,large_city,low,employee,medium,55,48,mass,1,187453.64344113803,2024-07-01,1830,48,2,0,2,1,0,0,0,1,1,257,,9,15,20,43,35198.436512529806,66015.74694737607,81190.76870038705,177081.7214379077,3910.9373902810894,4059.5384350193526,17661.62496882446,0.983614293659191,0,9,20,31,1,7,2,4,0.590244485403459,0.1208997367622831,0.2888557778342579,11,9,-2,-0.1818181818181818,49175.804926517856,35198.436512529806,-13977.36841398805,-0.2842326309630126,0,2,2,7,17,3,17,61,61,2,2,6,1,0,1,0,-1,-1.0,2,2,2,0,0,0,2.1897714560083155,1.0,70.0,59.0,0,1,1,0.2081523900165021,0.0531164728394981,0,0,0,0,85.0,6617.306813192156,12160.726085225166,3714.0074621223225,2903.299351069834,250950.72647773425,238487.91273001808,low_value,0,6,3,0,activity_drop,complaint_risk,medium_digital_engagement
1037,M,Almaty,rural,low,employee,high,44,50,mass,1,157778.57155929276,2024-07-01,1500,50,3,0,2,1,0,0,0,1,1,853,,3,9,13,35,21367.113399942784,57354.0138713849,84266.98481035962,236033.7061156412,7122.371133314261,6482.075754643048,10441.651745722564,0.9618030291272136,1,3,13,72,1,5,2,2,0.5376422917276009,0.4276727346469548,0.0346849736254442,11,3,-8,-0.7272727272727273,73144.90126707734,21367.113399942784,-51777.78786713455,-0.7078796603754504,3,6,11,12,40,8,40,27,48,3,2,16,2,1,11,3,-8,-0.7272727272727273,0,0,0,0,0,0,,,,,0,0,0,,,0,0,0,0,,6727.463469484086,15247.685011473097,4831.4317785475405,1896.0316909365456,171078.16933300524,158522.6634282016,low_value,0,6,3,0,activity_drop,no_recent_complaints,medium_digital_engagement
842,F,East_KZ,large_city,medium,self_employed,low,61,33,mass,0,277719.2684879161,2024-07-01,2010,33,1,0,1,0,0,0,0,1,0,240,,4,7,11,20,30400.60649406902,62459.466112163806,70187.05829647488,166836.31132998408,7600.151623517255,6380.641663315898,20183.670079862964,0.9808446490494668,0,4,11,24,1,5,2,2,0.5191380341665077,0.2929759083100243,0.187886057523468,6,4,-2,-0.3333333333333333,54363.61913752271,30400.60649406902,-23963.012643453687,-0.4407913421443644,3,5,6,6,13,5,13,20,27,1,1,2,0,0,6,3,-3,-0.5,0,0,0,0,0,0,,,,,0,0,0,,,0,0,0,0,,7230.950069861492,16209.307577934054,2929.9977898013344,4300.952280060157,426153.9385371763,462408.8072829513,low_value,0,5,4,0,moderate_activity,no_recent_complaints,low_digital_engagement
1104,F,Almaty,small_city,premium,self_employed,low,42,53,premium,0,1237296.9084998162,2024-07-01,1440,53,5,0,1,1,0,0,0,1,0,427,,8,20,26,55,392870.270364198,897166.5816481133,945172.342045464,1685714.990464496,49108.78379552475,36352.782386364,140456.7274297766,1.0,0,4,26,60,3,5,5,2,0.7251685747128714,0.0995116342678115,0.1753197910193171,8,8,0,0.0,271130.9572339416,392870.270364198,121739.31313025644,0.4490055815545081,1,4,5,6,17,4,17,74,60,2,1,5,1,1,4,1,-3,-0.75,0,1,0,0,0,0,2.8399969562196405,1.0,5.0,,0,2,1,0.2408633510495132,0.1144609102560647,2,0,0,0,84.0,29123.26965437941,56245.63869101401,4618.793564795519,24504.47608958389,1857967.461892252,1958755.7386046173,high_value,0,15,3,0,activity_drop,no_recent_complaints,low_digital_engagement
621,F,Almaty,medium_city,medium,employee,low,38,39,mass,0,269628.13303642254,2024-07-01,1320,39,1,2,1,1,1,0,0,0,0,149,252.0,4,8,11,19,47752.13854993752,77231.44858616243,149737.8858863854,204136.0794001321,11938.03463748438,13612.53508058049,45699.58929196251,0.9592679367128136,0,4,11,55,1,4,2,2,0.4268322336013807,0.4748120957916874,0.0983556706069319,4,4,0,0.0,43291.824191396765,47752.13854993752,4460.314358540752,0.1030290231897212,2,4,5,3,13,6,13,3,30,1,1,5,1,0,4,2,-2,-0.5,0,0,0,0,0,0,,,,,1,1,0,0.0521070401061857,0.0028353219338966,1,0,0,0,61.0,10739.178602993932,21457.154129352344,2839.277003270873,7899.901599723059,325060.1855407189,361855.83800243126,medium_value,0,3,4,0,moderate_activity,no_recent_complaints,low_digital_engagement
1431,F,Shymkent,large_city,medium,employee,high,64,22,mass,1,520617.3728402275,2024-07-01,2100,22,2,1,2,0,0,0,0,1,1,374,203.0,6,12,21,36,300708.6424157513,685515.6690735349,1299599.941455491,2043720.400022935,50118.10706929188,61885.7114978805,84206.19143653565,1.0,0,6,21,47,2,5,2,2,0.4708774537587428,0.3200575282827079,0.2090650179585492,10,6,-4,-0.4,620462.8910985518,300708.6424157513,-319754.2486828005,-0.5153479011720816,5,14,20,10,48,6,9,79,51,2,7,17,2,2,6,5,-1,-0.1666666666666666,0,0,0,0,0,0,,,,,3,5,0,0.2806973184885199,0.0727353292693307,2,3,0,0,39.0,13234.390632033228,29248.80889507621,4455.315017002529,8779.075615030699,653691.4220218123,660554.0253123128,medium_value,0,12,11,0,digital_active,no_recent_complaints,digital_power_user
2145,M,Astana,small_city,high,employee,low,32,31,affluent,1,736415.8555020891,2024-08-01,1170,31,3,0,1,1,0,0,0,0,1,434,,6,17,26,59,135035.76859083853,315660.6372222537,661933.6072170167,1161267.5150215842,22505.961431806423,25458.984892962184,55254.53870195239,1.0,0,6,26,2,5,11,4,2,0.6697367941510304,0.1664706042310759,0.1637926016178937,8,6,-2,-0.25,152791.80720700702,135035.76859083853,-17756.038616168487,-0.1162106721606614,0,3,4,3,12,2,12,14,54,1,2,1,0,1,1,0,-1,-1.0,0,0,0,0,0,0,,,,,1,2,0,0.2791578526817294,0.0271259106390198,1,1,0,0,20.0,17410.31626654614,39284.57277712229,3961.228641759312,13449.087624786827,768231.1874526821,826472.7754582501,medium_value,0,13,2,0,activity_drop,no_recent_complaints,low_digital_engagement
2296,M,Almaty,rural,medium,entrepreneur,medium,31,19,sme_owner,0,197384.01694432303,2024-08-01,1140,19,6,1,3,0,0,0,1,1,0,862,204.0,4,14,27,48,22965.85368887745,91450.15739243434,212883.1521720184,201818.1177730025,5741.463422219363,7884.561191556237,33681.167836485605,1.0,0,4,15,34,3,6,5,2,0.4422434586969971,0.5565852825518202,0.0011712587511826,6,4,-2,-0.3333333333333333,43062.95332885311,22965.85368887745,-20097.09963997566,-0.4666911599514046,3,5,8,9,22,2,22,2,38,3,3,7,1,1,7,3,-4,-0.5714285714285714,0,0,0,0,0,0,,,,,2,2,0,0.4002514960225732,0.0352319264924169,2,0,0,1,25.0,14520.401333897376,26286.58453957517,5304.255098600791,9216.146235296585,272870.17320028093,262905.6864923485,medium_value,0,9,3,0,activity_drop,no_recent_complaints,medium_digital_engagement
1834,M,Shymkent,rural,medium,employee,low,71,30,mass,1,331803.07617840124,2024-08-01,2340,30,2,3,1,1,0,0,0,1,1,699,103.0,7,13,19,35,71629.19290601349,152403.12864219712,237993.7518672923,389510.4764981127,10232.741843716212,12525.986940383806,20741.021143668942,0.986735003730384,0,7,19,38,2,6,3,3,0.7183973177863964,0.2202694787865869,0.0613332034270165,9,7,-2,-0.2222222222222222,127994.50512325484,71629.19290601349,-56365.31221724136,-0.4403729063444033,2,4,4,7,17,1,17,44,14,2,2,2,0,0,2,2,0,0.0,0,0,0,0,0,0,,,,,0,2,0,0.3897187072477339,0.1556370993549903,1,0,0,0,75.0,8271.817683089128,17552.544143111256,3634.9223219659902,4636.895361123137,405523.9147885466,434703.4079430401,low_value,0,9,4,0,transaction_active,no_recent_complaints,low_digital_engagement
1356,M,Almaty,medium_city,low,employee,medium,19,40,mass,0,75610.2975314457,2024-08-01,780,40,0,0,0,1,0,0,0,1,0,554,,4,7,8,10,9545.536057466965,17261.84092037595,17883.39557243218,19357.79018028526,2386.384014366741,2235.4244465540223,6896.702617105065,0.9659497913771302,1,2,8,21,1,3,2,1,0.7953255793225069,0.104673627841161,0.1000007928363322,14,4,-10,-0.7142857142857143,34011.9506475518,9545.536057466965,-24466.414590084834,-0.7193475859005442,0,1,2,3,12,2,12,73,76,1,1,4,1,0,8,0,-8,-1.0,0,0,0,0,0,0,,,,,0,1,0,0.274455942992589,0.1195744007708117,1,1,0,0,26.0,4624.980307727894,9633.685854431453,2720.635117879354,1904.34518984854,91097.6913081437,97035.17418757196,low_value,0,2,1,1,activity_drop,no_recent_complaints,medium_digital_engagement
811,M,South_KZ,medium_city,high,employee,medium,68,43,affluent,0,473528.60727199423,2024-08-01,2250,43,2,1,2,1,1,0,0,1,0,804,28.0,3,8,10,19,36039.93154559489,119768.19204427468,103477.63195118768,231805.3321106848,12013.310515198296,10347.763195118769,35466.72605534433,0.9612996044543984,1,3,10,70,1,2,2,1,0.6046309279541032,0.2321007789268162,0.1632682931190806,7,3,-4,-0.5714285714285714,92747.7618759695,36039.93154559489,-56707.83033037461,-0.6114199327657021,6,7,13,15,28,1,28,76,75,3,2,4,1,0,10,6,-4,-0.4,0,0,0,0,0,0,,,,,1,3,0,0.1984261462475358,0.0832208426011822,3,1,1,0,11.0,10633.588307334194,20034.51122864837,3573.849352616654,7059.73895471754,1002655.9329555082,909218.7396150368,medium_value,0,6,2,0,activity_drop,no_recent_complaints,medium_digital_engagement
2248,F,Karaganda,large_city,high,entrepreneur,medium,30,55,affluent,0,574188.047502215,2024-08-01,1110,55,3,2,2,1,0,0,0,1,0,693,523.0,6,14,22,39,73604.27848773952,127139.90449044168,221415.9946625881,391001.1203383944,12267.379747956586,10064.363393754007,35875.99019877238,0.9966001147375272,2,6,22,68,2,8,4,2,0.6441917950816999,0.3400535168435431,0.015754688074757,7,6,-1,-0.1428571428571428,52364.47831808988,73604.27848773952,21239.80016964964,0.4056146619207722,0,3,6,5,15,3,15,58,72,2,2,6,0,0,3,0,-3,-1.0,0,0,0,0,0,0,,,,,0,0,0,,,0,0,0,0,,15389.804349813854,30228.913392836894,4036.643283345298,11353.161066468556,1728350.7773142236,1892694.7188876013,medium_value,1,0,0,0,activity_drop,no_recent_complaints,medium_digital_engagement
1289,M,Astana,large_city,medium,employee,low,49,49,mass,0,537154.2616269069,2024-08-01,1680,49,2,2,1,1,1,0,1,0,1,697,534.0,2,5,10,24,64646.54998883449,182656.2391614128,350156.0174539135,690574.38091028,32323.274994417246,35015.60174539135,87554.36678943405,0.9641004223186092,0,2,10,9,1,3,2,1,0.8429730270889612,0.1203592975437076,0.0366676753673311,3,2,-1,-0.3333333333333333,99083.92337599532,64646.54998883449,-34437.37338716083,-0.3475576280571852,1,4,4,3,13,7,13,30,38,1,2,5,0,1,3,1,-2,-0.6666666666666666,0,1,0,0,0,1,4.273647248029208,3.0,76.0,,0,1,0,0.5255645137657166,0.2230471443543016,1,0,1,0,54.0,12528.292406767026,24458.898776633225,3828.949423331576,8699.34298343545,379277.3710293428,375996.1259588389,medium_value,0,5,4,0,activity_drop,no_recent_complaints,low_digital_engagement
663,M,Almaty,medium_city,low,unemployed,high,49,61,mass,0,156772.7464252187,2024-08-01,1680,61,1,0,1,0,0,0,0,1,0,518,,4,6,9,23,14247.662697016944,20933.74422745408,32500.31948990893,109322.55483722105,3561.9156742542364,3611.1466099898807,10642.879536465083,1.0,0,4,9,71,2,2,1,1,0.6028837689201961,0.1551678510542767,0.2419483800255271,6,4,-2,-0.3333333333333333,20008.418039928933,14247.662697016944,-5760.755342911987,-0.2879165824812229,7,12,22,16,47,2,47,61,9,6,5,18,2,2,8,7,-1,-0.125,1,1,0,0,0,0,3.8087287426486194,2.0,21.0,,1,2,0,0.4142594024738748,0.0549186460245577,1,0,1,0,8.0,2684.9144318118388,4701.603313093981,2789.311049403579,-104.39661759174032,192880.3557684389,187858.90841590945,low_value,0,2,4,0,digital_active,no_recent_complaints,digital_power_user
508,F,Almaty,large_city,high,employee,medium,33,41,affluent,1,648914.0656545828,2024-08-01,1200,41,5,0,3,1,0,0,1,1,1,426,,7,16,25,52,116162.01274924784,316213.615281147,399628.4866218392,793819.1774532138,16594.573249892546,15985.13946487357,42500.54001548136,0.9920687708624588,0,7,25,50,3,12,5,2,0.7822548737361302,0.1876571915837863,0.0300879346800833,11,7,-4,-0.3636363636363636,285220.1568939429,116162.01274924784,-169058.14414469508,-0.5927285994992217,3,5,7,9,20,6,20,22,78,3,1,8,1,1,3,3,0,0.0,0,1,0,0,0,0,4.239445049375066,3.0,40.0,,1,2,0,0.4981703096836393,0.1553390106892274,1,1,0,0,7.0,18340.24132153232,38970.45107929293,5512.968872358199,12827.27244917412,1340108.9006303134,1295392.6676876177,medium_value,0,15,3,0,transaction_active,no_recent_complaints,medium_digital_engagement
319,M,Shymkent,large_city,premium,unemployed,medium,30,50,premium,0,1352087.7038520952,2024-08-01,1110,50,5,1,1,1,1,0,0,1,0,464,362.0,4,13,24,45,671174.0637178259,3086182.3929629144,3688231.274799929,7480222.166567475,167793.51592945648,153676.3031166637,666241.4407545525,0.9664831291520364,1,4,14,22,2,8,3,3,0.6696172242268805,0.2537632024075462,0.0766195733655733,6,4,-2,-0.3333333333333333,920069.5157632348,671174.0637178259,-248895.4520454088,-0.270518094319145,3,6,6,4,19,1,19,53,47,1,2,7,0,0,3,3,0,0.0,0,0,0,0,0,0,,,,,0,0,0,,,0,0,0,0,,33817.07366751969,79310.69135950616,5838.901646467708,27978.17202105198,2746508.038358188,2605244.121111931,high_value,0,8,6,1,transaction_active,no_recent_complaints,medium_digital_engagement
2019,F,Atyrau,large_city,medium,self_employed,low,71,44,mass,0,412920.7074952388,2024-08-01,2340,44,1,0,1,1,1,0,0,0,0,590,,2,7,7,10,14173.092448396088,67735.12125205208,57652.83857878173,69524.43658528884,7086.546224198044,8236.119796968818,19479.353665088744,0.930253887707484,0,2,7,34,1,2,2,1,0.7410179083894302,0.1477366892591695,0.1112454023514002,6,2,-4,-0.6666666666666666,54834.837323275984,14173.092448396088,-40661.74487487989,-0.7415312392587334,1,3,4,3,10,5,10,49,79,1,2,1,0,0,4,1,-3,-0.75,0,0,0,0,0,0,,,,,0,0,0,,,0,0,0,0,,8968.122063551735,20066.52778200794,2875.1410361987946,6092.98102735294,850180.4297435398,911834.0175867385,medium_value,0,5,1,0,activity_drop,no_recent_complaints,low_digital_engagement
219,F,Almaty,large_city,high,employee,medium,79,19,affluent,0,1050920.147270744,2024-08-01,2580,19,5,0,2,1,0,0,0,1,0,63,,11,20,28,53,765117.1073933385,1269894.4939635436,1478765.7933232554,2587357.306231972,69556.10067212168,52813.06404725912,150559.53261064555,0.9495269692459568,0,4,28,37,3,10,4,2,0.6316066442042472,0.3503445668740277,0.018048788921725,13,11,-2,-0.1538461538461538,657509.8903716147,765117.1073933385,107607.21702172374,0.1636587047548528,3,6,9,18,28,7,28,65,19,3,1,4,1,1,5,3,-2,-0.4,0,0,0,0,0,0,,,,,0,2,1,0.408928692977478,0.2039823793985347,2,0,1,0,57.0,25796.550338227004,50106.33735997822,5249.611246538623,20546.93909168838,1156548.0673758176,1149926.363204932,high_value,0,15,3,0,transaction_active,no_recent_complaints,medium_digital_engagement
2096,M,North_KZ,large_city,medium,employee,medium,39,74,mass,0,298338.14520662744,2024-08-01,1380,74,1,2,1,1,1,0,0,1,0,316,832.0,4,8,14,27,49893.451621616405,88277.41307529424,175886.42600685035,415252.7086950181,12473.3629054041,12563.316143346454,19442.81234044009,1.0,0,4,14,6,1,6,2,3,0.8141431347624949,0.0770029070860608,0.1088539581514443,5,4,-1,-0.2,76711.03034600904,49893.451621616405,-26817.57872439263,-0.3495922112299961,3,6,6,6,22,8,22,18,4,2,3,4,0,1,6,3,-3,-0.5,0,0,0,0,0,0,,,,,1,2,0,0.3745087123401778,0.1563539802604418,2,0,2,0,49.0,7595.862546290865,14099.605673073884,2582.883862616328,5012.978683674537,644077.3735193098,661901.0782500481,medium_value,0,3,6,0,moderate_activity,no_recent_complaints,medium_digital_engagement
49,F,Astana,large_city,low,unemployed,low,75,37,mass,0,120524.18382246804,2024-08-01,2460,37,1,0,1,1,0,0,0,0,0,821,,8,10,12,23,17008.52027755385,28859.92085133684,46528.15793863812,54507.72442043924,2126.065034694231,3877.34649488651,5268.816936114893,0.9586759508477264,1,8,12,58,2,2,3,2,0.6441214007019993,0.2658316599232478,0.0900469393747528,12,8,-4,-0.3333333333333333,35278.84051870579,17008.52027755385,-18270.320241151938,-0.5178832402800915,1,1,1,2,6,5,6,33,40,1,0,1,0,0,3,1,-2,-0.6666666666666666,0,0,0,0,0,0,,,,,0,0,0,,,0,0,0,0,,2087.2348273437715,3941.231238457369,2281.277362762208,-194.04253541843627,138909.43777270065,158431.957322072,low_value,0,7,0,0,activity_drop,no_recent_complaints,low_digital_engagement
669,M,Almaty,medium_city,low,employee,medium,19,54,mass,1,168830.48312857313,2024-08-01,780,54,2,1,2,1,0,0,0,1,1,116,861.0,3,10,12,39,21000.11572253503,69004.94150756688,79374.27290713569,263751.92869973887,7000.038574178343,6614.522742261307,14319.012698159268,0.9435290599414122,0,1,12,40,2,2,1,1,0.5370511361820425,0.2713162887846487,0.1916325750333087,5,3,-2,-0.4,34808.484853066366,21000.11572253503,-13808.369130531337,-0.3966954950443619,2,6,9,8,26,1,26,75,12,4,4,11,1,0,4,2,-2,-0.5,0,0,0,0,0,0,,,,,0,0,0,,,0,0,0,0,,4395.775977712844,7683.466987528282,3371.8943029708366,1023.8816747420074,185217.0146382636,171722.0368716654,low_value,0,10,3,0,moderate_activity,no_recent_complaints,medium_digital_engagement
2138,F,Aktobe,large_city,high,entrepreneur,medium,36,42,affluent,0,780263.1747363383,2024-08-01,1290,42,6,1,1,1,0,0,0,1,0,651,255.0,8,16,24,39,270107.4500087448,520508.1211338665,688189.0543067493,1376595.0865030386,33763.4312510931,28674.54392944789,88458.96053065847,0.9600508723757948,0,4,24,45,4,6,4,2,0.7046625504591645,0.2448222668021566,0.0505151827386789,14,8,-6,-0.4285714285714285,481846.39265695127,270107.4500087448,-211738.9426482065,-0.4394324537341784,1,3,8,4,20,1,20,20,33,1,2,8,1,0,7,1,-6,-0.8571428571428571,0,0,0,0,0,0,,,,,0,1,0,0.2235696419367974,0.0117930293176097,1,0,0,0,69.0,22440.654218916887,51790.00293250726,6071.609858213398,16369.044360703489,1954580.9457772512,2093831.7746758407,high_value,0,14,0,0,activity_drop,no_recent_complaints,medium_digital_engagement
2311,F,Shymkent,large_city,medium,retired,high,22,35,pensioner,0,389420.298814792,2024-08-01,870,35,0,2,0,1,0,0,0,1,0,753,741.0,2,7,11,20,24536.71112781512,102406.87246849715,147729.64347220433,291681.9854719404,12268.355563907557,13429.967588382213,34535.90022030311,0.93722845685537,1,2,11,57,1,3,2,2,0.75004373178546,0.1930610977637331,0.0568951704508067,5,2,-3,-0.6,63780.386666443614,24536.71112781512,-39243.6755386285,-0.6152937852801625,7,10,17,21,41,6,2,10,11,2,2,17,1,1,8,7,-1,-0.125,0,0,0,0,0,0,,,,,0,0,0,,,0,0,0,0,,7778.669014944568,14392.5576641469,3331.7878707829805,4446.881144161587,1336782.218977861,1403753.3909562945,low_value,0,1,7,0,activity_drop,no_recent_complaints,digital_power_user
1937,M,East_KZ,rural,low,retired,low,32,30,pensioner,0,138142.87299492772,2024-08-01,1170,30,2,1,2,0,0,0,0,0,0,179,104.0,2,6,12,24,6269.0519647634455,11573.980614865406,31532.12822365039,46883.30424798035,3134.5259823817228,2627.677351970866,11615.69419853203,0.996991443256932,0,2,12,3,2,3,2,2,0.5670581671129584,0.314738710164794,0.1182031227222475,4,2,-2,-0.5,11608.086300742005,6269.0519647634455,-5339.034335978559,-0.4599409581954332,0,4,4,4,9,3,9,63,22,0,1,1,0,0,4,0,-4,-1.0,0,0,0,0,0,0,,,,,0,2,0,0.2097764479493301,0.0397059602683004,1,1,1,0,49.0,3963.749103155433,9093.854497044087,3211.6871402426136,752.0619629128196,192213.0216520087,196173.97702152943,low_value,0,3,6,0,activity_drop,no_recent_complaints,low_digital_engagement
867,F,Aktobe,small_city,low,employee,medium,65,56,mass,1,166994.81124456407,2024-08-01,2160,56,1,2,1,1,0,0,0,1,1,448,108.0,5,12,18,33,20919.35728795955,71930.96903791894,101956.37682534808,185995.16218218667,4183.871457591909,5664.243156963781,15102.971752059617,1.0,0,5,13,15,3,6,2,2,0.7534793609638168,0.1850669668873345,0.0614536721488485,11,5,-6,-0.5454545454545454,67419.62708867119,20919.35728795955,-46500.26980071164,-0.6897141353148375,5,7,8,10,17,7,17,5,44,3,1,5,1,1,8,5,-3,-0.375,0,0,0,0,0,0,,,,,0,0,0,,,0,0,0,0,,3405.6548879745496,6425.65213078061,2767.9084131474906,637.746474827059,370893.1534860249,333174.88963217364,low_value,0,10,3,0,activity_drop,no_recent_complaints,medium_digital_engagement
2257,F,Astana,medium_city,medium,entrepreneur,medium,65,39,sme_owner,0,353691.0152182327,2024-08-01,2160,39,2,0,2,1,1,0,1,1,0,775,,7,12,17,32,119303.71070534336,176844.07176116575,260712.49295629692,568770.7016093786,17043.38724362048,15336.028997429234,46579.092288092645,0.891226060356933,1,7,17,56,2,4,1,2,0.4794312148960329,0.4355978057363173,0.0849709793676498,10,7,-3,-0.3,138034.34127491747,119303.71070534336,-18730.63056957412,-0.135695439240508,1,8,11,8,24,4,24,53,49,3,4,8,1,0,2,1,-1,-0.5,0,0,0,0,0,0,,,,,1,3,1,0.3842971179335233,0.0649250990364294,2,1,0,0,46.0,9654.842267267222,22062.571588759216,3290.773886343592,6364.068380923631,763777.4259587778,694704.3938379525,medium_value,0,17,1,0,transaction_active,no_recent_complaints,medium_digital_engagement
169,M,Karaganda,large_city,medium,retired,medium,59,48,pensioner,0,411783.1472947229,2024-08-01,1980,48,2,0,1,1,0,0,1,1,1,634,,9,13,17,34,395840.1321875194,530715.1380570926,591756.3882364761,1691532.6474492983,43982.23690972438,34809.19930802801,61123.95518286881,0.9492992803974384,0,9,17,8,3,4,4,1,0.431742943087677,0.4973191598726229,0.0709378970397,12,9,-3,-0.25,554938.4992707347,395840.1321875194,-159098.36708321533,-0.2866954938111023,6,8,11,13,32,3,32,49,49,1,2,13,1,1,7,6,-1,-0.1428571428571428,0,0,0,0,0,0,,,,,1,1,0,0.3097882504623492,0.0257785180601969,0,0,0,0,57.0,10849.947568268452,24631.734512439376,2770.2455345824105,8079.702033686042,616155.7116105362,695505.1391232029,medium_value,0,13,8,0,transaction_active,no_recent_complaints,medium_digital_engagement
1259,F,South_KZ,medium_city,medium,employee,low,50,29,mass,1,268011.4894821782,2024-08-01,1710,29,0,1,0,1,1,0,0,0,1,377,119.0,5,12,18,31,64725.409902735366,151917.86688093274,216117.8801448341,374500.1760325074,12945.081980547073,12006.548896935228,44071.10368154514,0.9833546824651986,2,5,18,23,2,9,2,3,0.6387182110278811,0.1606155101334719,0.200666278838647,6,5,-1,-0.1666666666666666,96560.74908302457,64725.409902735366,-31835.339180289186,-0.3296923385807273,0,1,1,8,5,2,5,78,5,0,0,1,0,0,4,0,-4,-1.0,0,0,0,0,0,0,,,,,0,0,0,,,0,0,0,0,,5081.258552309225,11571.447859573294,2357.416769785282,2723.8417825239426,896885.6704994051,818723.207756269,low_value,0,7,1,0,activity_drop,no_recent_complaints,low_digital_engagement
510,M,Atyrau,medium_city,medium,entrepreneur,medium,28,42,sme_owner,0,349285.4338628823,2024-08-01,1050,42,1,0,1,1,0,0,0,1,0,621,,3,3,7,13,85395.46544089487,114252.26622005716,203151.8088120705,351520.2464899806,28465.15514696496,29021.686973152937,57336.66700629465,0.9500419060836436,0,3,7,11,1,1,1,1,0.6897563820358809,0.2965726767873664,0.0136709411767528,7,3,-4,-0.5714285714285714,180180.41307997963,85395.46544089487,-94784.94763908478,-0.5260557794204358,1,4,4,2,12,8,12,32,41,2,1,3,0,1,6,1,-5,-0.8333333333333334,0,0,0,0,0,0,,,,,1,1,0,0.0761135819739672,0.0223981287733316,1,0,0,0,82.0,6521.575081235709,12984.402198158155,2861.1598799623125,3660.4152012733966,714083.5495051827,621674.4306465812,low_value,0,2,4,0,activity_drop,no_recent_complaints,medium_digital_engagement
368,F,Karaganda,small_city,low,employee,medium,57,39,mass,1,119100.44738999072,2024-08-01,1920,39,2,1,2,1,0,0,0,1,1,503,138.0,8,17,23,42,71669.26206234816,135583.55592864082,238919.3844576277,389390.0229619201,8958.65775779352,10387.79932424468,20178.682756606984,0.9907592253540236,0,8,10,55,4,4,4,2,0.7110853872417386,0.2589116494716581,0.0300029632866032,9,8,-1,-0.1111111111111111,109343.69192477404,71669.26206234816,-37674.429862425866,-0.3445505561340019,1,5,11,5,26,6,26,45,15,1,4,3,0,1,2,1,-1,-0.5,0,1,1,0,0,0,5.0,4.0,24.0,37.0,0,2,0,0.2467754843365323,0.1153566524589496,2,1,0,0,9.0,6681.284396435296,13363.728930501202,3986.7416478077257,2694.5427486275703,134208.72743919562,142977.24948861808,low_value,0,13,6,1,transaction_active,complaint_risk,medium_digital_engagement
1628,M,Shymkent,medium_city,medium,unemployed,medium,82,36,mass,0,330273.15195860475,2024-08-01,2670,36,2,0,2,1,0,0,0,1,0,561,,3,6,9,28,51318.53501872861,108726.39186205124,158727.07605970805,468266.2653957343,17106.178339576203,17636.341784412005,73434.029057127,0.942751161306764,0,3,9,55,1,4,2,1,0.9823302060170838,0.0062199831328119,0.0114498108501042,4,3,-1,-0.25,67613.87464466406,51318.53501872861,-16295.339625935449,-0.2410058543689958,2,8,9,7,17,2,17,24,40,2,2,2,0,0,4,2,-2,-0.5,0,0,0,0,0,0,,,,,0,0,0,,,0,0,0,0,,7230.943308058706,16144.209196858998,4576.704926553669,2654.238381505037,532736.8226295407,515755.92265870166,low_value,0,3,5,0,moderate_activity,no_recent_complaints,medium_digital_engagement
1421,F,Almaty,large_city,medium,entrepreneur,high,57,26,sme_owner,0,360592.068946488,2024-08-01,1920,26,3,2,1,1,0,0,0,1,0,179,29.0,7,10,15,32,140481.5106153717,177316.61326330827,221105.75051007708,438629.6617249156,20068.787230767382,14740.383367338472,65234.15907766732,0.9035323049175754,0,7,15,67,3,7,2,2,0.4348631044345807,0.2923047521540781,0.2728321434113411,9,7,-2,-0.2222222222222222,151634.46080643416,140481.5106153717,-11152.950191062468,-0.0735515537282751,2,8,10,11,41,5,41,16,53,5,5,6,1,2,2,2,0,0.0,0,0,0,0,0,0,,,,,0,0,0,,,0,0,0,0,,11664.085576942298,25326.880400942995,4691.466242651126,6972.619334291172,818035.3574430002,756624.9010491851,medium_value,0,7,10,0,transaction_active,no_recent_complaints,medium_digital_engagement
1881,F,Shymkent,large_city,medium,self_employed,medium,65,56,mass,0,301334.37401896063,2024-08-01,2160,56,1,0,1,0,0,0,0,1,0,618,,4,6,9,14,44168.07635325903,70698.84664905738,116546.48146279508,185557.21640010487,11042.019088314755,12949.609051421674,47345.73402251864,0.9589784309313532,1,4,9,16,1,3,1,1,0.5264921174096293,0.4085408412808321,0.0649670413095386,5,4,-1,-0.2,58817.61566974836,44168.07635325903,-14649.539316489332,-0.2490672080069376,5,7,12,10,26,7,4,77,11,3,2,5,1,1,9,5,-4,-0.4444444444444444,0,0,0,0,0,0,,,,,1,2,0,0.414408481339111,0.1602856679737925,1,0,0,0,34.0,5572.722384755294,11779.75398635071,3209.533233912576,2363.1891508427184,307326.52147381083,289656.2849809206,low_value,0,5,7,0,moderate_activity,no_recent_complaints,medium_digital_engagement
1991,M,Shymkent,large_city,medium,retired,high,79,46,pensioner,0,308335.34065219254,2024-08-01,2580,46,0,1,0,1,0,0,0,1,0,250,661.0,0,4,7,17,0.0,87156.07691078012,117419.77172558768,465739.8169036927,0.0,16774.25310365538,20167.016555773265,0.9731281685786078,0,0,7,57,1,3,1,1,0.8467210960073736,0.0329072232454497,0.1203716807471766,10,0,-10,-1.0,171223.96682795466,0.0,-171223.96682795466,-1.0,6,13,16,11,27,7,18,1,46,2,3,6,1,1,12,6,-6,-0.5,0,0,0,0,0,0,,,,,1,2,0,0.276865129502177,0.0508590154548322,1,0,0,0,85.0,5222.320571978881,9774.333250408024,2469.408332777355,2752.912239201526,412994.25280987937,463093.761952076,low_value,0,2,10,1,activity_drop,no_recent_complaints,digital_power_user
1058,M,South_KZ,medium_city,medium,employee,high,51,20,mass,1,237840.17711516708,2024-08-01,1740,20,0,3,0,1,1,0,0,1,1,720,271.0,6,11,22,37,101968.70443846128,149008.40620252464,390363.557206777,685589.6571392135,16994.784073076877,17743.7980548535,24083.39866025271,0.9253419075969788,2,6,22,23,2,10,2,3,0.5936543563168603,0.2724095252034015,0.1339361184797383,6,6,0,0.0,84984.31334067216,101968.70443846128,16984.391097789106,0.1998532485601745,5,10,14,12,49,6,49,70,17,5,3,12,2,3,6,5,-1,-0.1666666666666666,0,1,0,0,0,0,4.537133888639022,4.0,12.0,,0,1,0,0.0886381293326408,0.0087650510747969,1,0,1,0,13.0,4524.297219898775,9053.13068419078,2279.3094528136826,2244.987767085092,369235.1412879602,339902.49880196224,low_value,0,11,5,0,transaction_active,no_recent_complaints,medium_digital_engagement
839,M,Astana,medium_city,medium,employee,high,26,39,mass,1,379911.54762423504,2024-08-01,990,39,1,0,1,0,0,0,0,1,1,307,,7,8,17,36,112434.77058846936,125870.99774294753,188733.9038866944,415058.2812189843,16062.110084067052,11101.994346276138,34931.37489521911,0.917456372326852,3,5,17,70,1,5,3,3,0.3708512420233287,0.3230481468876994,0.3061006110889718,8,7,-1,-0.125,106191.05128474395,112434.77058846936,6243.719303725389,0.0587970382455607,9,14,17,18,39,2,17,14,28,6,4,5,1,1,9,9,0,0.0,0,0,0,0,0,0,,,,,0,2,1,0.236662615867472,0.0244498718393083,1,0,0,0,59.0,6965.92493533516,13217.205638552274,3601.974535093001,3363.9504002421586,547647.4787656532,622707.3886544836,low_value,0,3,7,0,digital_active,no_recent_complaints,digital_power_user
1848,F,South_KZ,large_city,high,employee,high,58,46,affluent,1,693622.1015536094,2024-08-01,1950,46,4,0,1,1,1,0,0,1,1,120,,8,20,35,73,491395.8063250936,1137800.7901642765,2284070.9534550468,4318373.927978474,61424.4757906367,65259.17009871562,182533.2763592605,0.9190378418044398,1,5,35,22,5,11,7,3,0.8873110265847591,0.0902090979877917,0.0224798754274493,9,8,-1,-0.1111111111111111,444610.1124346722,491395.8063250936,46785.69389042142,0.1052285869842777,3,7,11,10,35,4,2,61,24,3,5,9,1,1,6,3,-3,-0.5,0,0,0,0,0,0,,,,,0,0,0,,,0,0,0,0,,16345.042373650129,34399.931966382086,4180.584453359516,12164.457920290612,1057417.1875776434,1151990.3526132542,medium_value,0,11,1,0,transaction_active,no_recent_complaints,medium_digital_engagement
600,F,Almaty,medium_city,high,retired,medium,82,24,affluent,0,806475.9524271833,2024-08-01,2670,24,6,0,1,1,1,0,1,1,1,311,,6,8,21,48,110906.58668786948,104098.70245835788,371955.1283609472,1132978.0681610687,18484.431114644914,17712.148969568912,66111.60171351476,0.96396676968828,1,6,20,26,3,10,3,3,0.794487779567303,0.1907314291441149,0.014780791288582,10,6,-4,-0.4,178623.81453904518,110906.58668786948,-67717.2278511757,-0.379105261109366,2,7,12,5,29,8,29,74,14,1,2,3,1,2,2,2,0,0.0,0,0,0,0,0,0,,,,,0,1,0,0.4428017037981892,0.1429891200742622,1,1,1,0,24.0,25390.290703116407,57440.09902228097,5714.022985072513,19676.26771804389,1577859.0314677362,1603879.550170994,high_value,0,8,2,0,transaction_active,no_recent_complaints,medium_digital_engagement
1921,F,Astana,small_city,low,entrepreneur,high,26,37,sme_owner,0,120351.47734187637,2024-08-01,990,37,3,1,1,1,0,0,1,1,0,578,19.0,9,15,20,42,47947.00803203546,69316.70006526717,105103.89572476804,255785.7332722821,5327.445336892829,5255.194786238402,14836.836522825448,0.977278156816503,0,9,20,2,2,6,2,3,0.5688876987270767,0.3774847673578533,0.05362753391507,11,9,-2,-0.1818181818181818,54449.00932374757,47947.00803203546,-6502.001291712106,-0.1194145012455957,5,12,21,15,49,2,15,40,67,8,5,7,1,3,9,5,-4,-0.4444444444444444,0,1,0,0,0,0,3.936769185408685,3.0,29.0,,0,2,1,0.2072940858746132,0.0177825795913819,1,1,1,1,29.0,6230.036604167266,14384.679353640327,3966.344917538752,2263.6916866285146,129863.38046928708,124666.31359528068,low_value,0,12,12,1,digital_active,no_recent_complaints,digital_power_user
1312,F,Almaty,small_city,premium,self_employed,high,58,27,premium,0,1653209.184610446,2024-08-01,1950,27,7,0,1,1,0,0,0,1,0,253,,8,15,27,56,569293.7108437226,685090.4694958765,1648844.105057479,3797960.872563394,71161.71385546532,61068.30018731404,234628.41227288704,0.9370508175955008,2,8,1,63,2,8,2,3,0.7315936488298836,0.2347054391757393,0.0337009119943769,10,8,-2,-0.2,859156.1222054382,569293.7108437226,-289862.41136171564,-0.3373803711223567,5,11,14,16,48,8,36,58,39,7,6,7,2,1,10,5,-5,-0.5,0,0,0,0,0,0,,,,,0,1,0,0.0858965186503393,0.0118509409103438,0,0,0,0,2.0,39913.97321267069,71538.02277665326,6000.638837600123,33913.33437507057,4215913.733773133,4123788.681257095,high_value,0,10,6,1,transaction_active,no_recent_complaints,medium_digital_engagement
1337,M,Aktobe,medium_city,medium,employee,high,37,60,mass,0,291143.28505737154,2024-08-01,1320,60,3,0,2,1,1,0,0,1,0,804,,6,11,17,41,64622.51173038513,121267.85207481192,148020.4231785767,491688.0574522471,10770.418621730854,8707.083716386864,29327.18930798664,0.9323199828077636,2,6,17,46,1,5,3,2,0.8319348347109581,0.1418919933691806,0.0261731719198611,10,6,-4,-0.4,87508.67259233967,64622.51173038513,-22886.160861954544,-0.2615302024814161,2,5,9,13,39,8,24,76,69,2,4,14,1,1,6,2,-4,-0.6666666666666666,0,0,0,0,0,0,,,,,0,1,0,0.1098805911037894,0.022500530798739,0,0,0,0,71.0,10464.80674678336,20764.63234745828,4261.417443467852,6203.389303315509,265849.8065951413,244115.1032732796,medium_value,0,10,3,1,activity_drop,no_recent_complaints,medium_digital_engagement
1134,F,Astana,large_city,medium,unemployed,low,65,49,mass,0,299139.3144326869,2024-08-01,2160,49,0,1,0,1,0,0,0,0,0,25,345.0,6,7,10,23,93402.64342649792,100368.99743964744,121487.37484268977,409809.48947771935,15567.107237749657,12148.737484268975,52959.69428467503,0.949114015242165,0,6,10,6,1,3,1,1,0.6365374949783315,0.2116304585747928,0.1518320464468758,8,6,-2,-0.25,129686.30486982984,93402.64342649792,-36283.66144333192,-0.2797802087101714,0,1,2,5,5,3,5,38,22,0,0,2,0,0,1,0,-1,-1.0,0,0,0,0,0,0,,,,,1,3,0,0.1500926276040795,0.0361133325388409,0,1,0,0,61.0,7522.2393472994945,16301.67522806212,2720.359184773975,4801.88016252552,560914.9038127578,512893.6194705898,low_value,0,3,1,0,activity_drop,no_recent_complaints,low_digital_engagement
820,M,Astana,large_city,medium,employee,low,27,59,mass,0,333390.6184288646,2024-08-01,1020,59,0,1,0,1,0,0,0,0,0,223,147.0,3,4,8,12,30708.219514268683,46202.94822281842,88172.28086451885,169148.2576636549,10236.073171422897,11021.535108064856,38739.56219849821,0.9734452490924888,0,3,8,21,1,2,2,1,0.6191791275810393,0.1698340821063637,0.2109867903125968,11,3,-8,-0.7272727272727273,141073.619919611,30708.219514268683,-110365.40040534233,-0.7823248632042804,0,0,1,0,1,1,1,63,39,0,0,0,0,0,5,0,-5,-1.0,0,0,0,0,0,0,,,,,2,4,2,0.3030624725118226,0.1236634577961299,1,2,0,1,4.0,5166.813313325914,10051.506886814655,2052.179363780445,3114.633949545469,354972.7229535569,341471.4759268741,low_value,0,3,0,0,activity_drop,no_recent_complaints,low_digital_engagement
2174,M,Astana,medium_city,medium,self_employed,medium,38,25,mass,0,381295.3295497526,2024-08-01,1350,25,2,0,2,1,1,0,0,1,0,724,,4,6,13,28,31017.569247103023,59443.87667615622,112445.27772525985,244923.4119890441,7754.392311775756,8649.636748096911,38190.95622911844,0.9747510215034952,0,4,13,55,2,6,2,1,0.8952642287532093,0.0296762032307174,0.0750595680160732,8,4,-4,-0.5,74232.95970873685,31017.569247103023,-43215.39046163383,-0.5821590656117621,4,6,7,7,24,4,8,36,42,2,3,7,1,2,8,4,-4,-0.5,0,0,0,0,0,0,,,,,2,3,0,0.4483710364797552,0.1657014361946282,1,0,1,0,75.0,8939.642195878372,16670.46810278245,3979.0667172304784,4960.575478647894,1037425.7596711176,910929.691753188,low_value,0,4,0,0,moderate_activity,no_recent_complaints,medium_digital_engagement
528,F,South_KZ,large_city,medium,self_employed,medium,35,43,mass,0,345670.56704115454,2024-08-01,1260,43,2,2,2,1,1,0,0,1,0,438,494.0,2,13,17,33,28445.62103814308,156116.02886433693,263703.56868074933,356063.7405458255,14222.81051907154,15511.974628279371,28816.637392524684,0.9263497112414022,3,2,17,25,3,8,2,2,0.6478698422258823,0.3135599355541672,0.0385702222199505,5,2,-3,-0.6,64720.88082779422,28445.62103814308,-36275.25978965114,-0.5604877332583029,2,6,10,6,26,1,10,32,78,4,1,3,1,1,2,2,0,0.0,0,0,0,0,0,0,,,,,0,0,0,,,0,0,0,0,,9293.1840860591,18883.816947447765,2904.5960119814195,6388.588074077681,781035.3464439195,692935.0193982972,medium_value,0,8,3,1,activity_drop,no_recent_complaints,medium_digital_engagement
2055,M,Astana,large_city,low,retired,medium,34,35,pensioner,0,177097.85565578466,2024-08-01,1230,35,1,1,1,1,0,0,1,1,1,445,113.0,1,2,6,11,2280.1418080571702,3183.944162303927,11829.25283778315,19076.2257886902,2280.1418080571702,1971.5421396305248,5335.9012498001175,0.9409729067755126,0,1,6,67,0,1,1,1,0.5627537326910153,0.1970419829786186,0.2402042843303661,5,1,-4,-0.8,12709.21378849857,2280.1418080571702,-10429.0719804414,-0.8205914350012253,2,4,5,3,13,8,13,2,33,1,2,4,0,1,6,2,-4,-0.6666666666666666,0,0,0,0,0,0,,,,,1,2,0,0.0464490142636865,0.0157145823901609,1,0,1,0,77.0,4968.877467077059,11085.194122937555,2914.074785575133,2054.802681501926,430322.5929928666,377394.2341212888,low_value,0,1,3,0,activity_drop,no_recent_complaints,medium_digital_engagement
1367,M,Karaganda,medium_city,low,employee,medium,18,35,mass,0,141715.4644743408,2024-08-01,750,35,4,2,4,1,0,0,0,1,0,444,572.0,9,10,15,40,58016.11949577922,53733.589315173565,99287.18597588912,199716.13908323584,6446.235499531024,6619.14573172594,9027.65252430317,0.9872123501380484,0,4,13,69,1,4,3,1,0.2948377981971541,0.5949018680123896,0.1102603337904561,11,9,-2,-0.1818181818181818,71226.1720764943,58016.11949577922,-13210.052580715084,-0.1854662716750799,2,4,4,6,13,4,13,69,8,2,1,4,0,1,5,2,-3,-0.6,0,0,0,0,0,0,,,,,1,1,0,0.050493696580481,0.0138949885066881,0,0,0,0,5.0,9615.443221419238,21173.189971920416,3986.740264622529,5628.702956796709,297698.7514498355,305119.4825483467,medium_value,0,8,1,0,activity_drop,no_recent_complaints,medium_digital_engagement
618,M,Aktobe,small_city,medium,self_employed,high,60,51,mass,0,363639.5312133668,2024-08-01,2010,51,2,1,2,1,1,0,0,1,0,108,338.0,5,5,10,20,39791.99025748757,25019.11970888231,55698.37981233118,150361.71857282642,7958.398051497515,5569.837981233118,23765.272716373507,0.9508878993472188,0,5,10,59,1,2,2,2,0.7678707623784314,0.1736336789288822,0.0584955586926862,5,5,0,0.0,31411.84981514824,39791.99025748757,8380.140442339332,0.2667827743878376,9,13,17,19,47,4,47,11,39,6,1,10,1,1,10,9,-1,-0.1,0,0,0,0,0,0,,,,,0,0,0,,,0,0,0,0,,7912.320002971967,18635.918275628705,3213.4364438115044,4698.883559160463,509878.1452916122,500070.30424971896,low_value,0,6,8,0,digital_active,no_recent_complaints,digital_power_user
439,F,Almaty,rural,low,retired,high,59,27,pensioner,0,160295.52080671184,2024-08-01,1980,27,2,1,2,1,0,0,0,1,0,330,832.0,3,6,11,31,24386.85624369804,53171.41191438825,104204.59621786124,328334.0739936063,8128.95208123268,9473.14511071466,12324.870602621928,0.9363056166382776,0,3,11,12,2,5,2,1,0.40672934893966,0.4562963869785907,0.1369742640817491,4,3,-1,-0.25,35105.80017108456,24386.85624369804,-10718.943927386515,-0.3053325625722482,10,14,17,16,46,8,46,11,22,4,7,14,1,2,12,10,-2,-0.1666666666666666,0,0,0,0,0,0,,,,,1,1,0,0.1197351916943327,0.023764781129125,0,0,0,0,12.0,4448.519696017412,9899.906907283546,3719.217482874096,729.3022131433163,171101.14623902552,172522.14634601568,low_value,0,3,12,0,digital_active,no_recent_complaints,digital_power_user
1969,M,North_KZ,medium_city,medium,employee,medium,63,34,mass,1,210148.38482907845,2024-08-01,2100,34,0,0,0,0,1,0,0,1,1,271,,7,19,21,35,34180.74902438204,90073.92019100762,100088.15240506265,172148.40350464522,4882.96414634029,4766.102495479174,17143.26098195442,0.9544130022422574,1,7,21,34,2,6,3,2,0.7770436591776545,0.0898626023770526,0.1330937384452926,9,7,-2,-0.2222222222222222,47665.78258984847,34180.74902438204,-13485.03356546643,-0.2829080491870153,2,6,9,11,21,7,21,50,17,1,1,4,1,1,3,2,-1,-0.3333333333333333,0,0,0,0,0,0,,,,,1,1,0,0.2082684455847031,0.065109325050047,0,0,1,0,40.0,4735.367154338697,10461.124664991385,2258.7693052838586,2476.5978490548387,474769.71058251057,529273.9245260698,low_value,0,15,2,0,transaction_active,no_recent_complaints,medium_digital_engagement
441,F,North_KZ,large_city,low,employee,medium,55,48,mass,1,187453.64344113803,2024-08-01,1860,48,1,0,1,1,0,0,1,1,1,318,,8,12,16,33,124102.9304991216,181510.60308961527,263742.84798068256,540168.6646033109,15512.8663123902,16483.92799879266,31469.03992885671,0.9775665877869362,0,8,16,5,3,8,2,1,0.7946306590344333,0.1569199333790439,0.0484494075865227,10,8,-2,-0.2,175389.72452381652,124102.9304991216,-51286.79402469493,-0.2924161843798927,5,10,14,12,27,3,27,33,63,2,1,6,0,1,5,5,0,0.0,0,0,0,0,0,0,,,,,4,5,1,0.3560239033622676,0.113203999748323,2,0,2,0,4.0,4147.807310558594,7966.446691510616,2926.640918099743,1221.1663924588506,325807.53948753263,348473.4454588597,low_value,0,7,7,0,transaction_active,no_recent_complaints,medium_digital_engagement
1037,M,Almaty,rural,low,employee,high,44,50,mass,1,157778.57155929276,2024-08-01,1530,50,3,1,1,1,0,0,0,1,1,371,104.0,9,17,27,55,59027.7491353014,140034.41793227714,215429.6170690721,435845.8622163542,6558.638792811266,7978.87470626193,16169.4336191782,0.9585638463406532,1,9,27,56,2,9,3,3,0.6217352472687013,0.2962255934824515,0.0820391592488472,10,9,-1,-0.1,77312.92534778135,59027.7491353014,-18285.17621247995,-0.2365086579019827,1,6,11,10,56,6,1,67,50,7,2,7,3,3,3,1,-2,-0.6666666666666666,0,0,0,0,0,0,,,,,0,1,0,0.194901221766172,0.0102719501101172,1,1,0,0,42.0,7410.247889777003,16226.493228765428,3726.962878490811,3683.285011286193,182627.11531264623,203245.6058261355,low_value,0,10,4,0,activity_drop,no_recent_complaints,medium_digital_engagement
842,F,East_KZ,large_city,medium,self_employed,low,61,33,mass,0,277719.2684879161,2024-08-01,2040,33,4,0,3,1,0,0,0,0,0,869,,8,13,23,47,113960.4180166612,262405.8966463482,357216.87888811843,891948.6581967211,14245.052252082647,15531.168647309498,53347.03313858634,0.960488450153549,0,6,4,45,4,11,4,2,0.6837860833075353,0.1973684645847017,0.1188454521077631,9,8,-1,-0.1111111111111111,127916.20841563374,113960.4180166612,-13955.790398972546,-0.1091010324010423,0,0,0,0,2,2,2,131,30,0,0,0,0,0,3,0,-3,-1.0,0,0,0,0,0,0,,,,,0,1,0,0.3005009890945728,0.1166315317640558,0,0,1,0,81.0,7806.870517617845,16481.5619967835,4084.823653554592,3722.046864063254,290226.188681816,258148.98061482387,low_value,0,5,0,0,activity_drop,no_recent_complaints,low_digital_engagement
1104,F,Almaty,small_city,premium,self_employed,low,42,53,premium,0,1237296.9084998162,2024-08-01,1470,53,4,0,2,1,1,0,0,0,0,634,,6,22,31,47,153421.12296154155,634785.0875445053,865085.302154788,1215420.6174763294,25570.187160256926,27905.97748886413,125057.38332727794,0.9657913691772456,1,6,6,45,4,6,4,2,0.4036271494705984,0.4053315438758454,0.191041306653556,7,6,-1,-0.1428571428571428,185238.5449071405,153421.12296154155,-31817.421945598995,-0.1717645858293097,1,3,4,2,10,3,10,56,78,1,0,1,0,1,2,1,-1,-0.5,0,0,0,0,0,0,,,,,2,4,0,0.3278700523504805,0.1608972480409249,2,2,1,1,58.0,27431.234162032808,47948.58735833478,4819.815604747718,22611.41855728509,1635000.057149661,1625065.026091179,high_value,0,10,0,0,transaction_active,no_recent_complaints,low_digital_engagement
621,F,Almaty,medium_city,medium,employee,low,38,39,mass,0,269628.13303642254,2024-08-01,1350,39,0,1,0,0,1,0,0,0,0,206,884.0,2,5,12,26,74336.30556847961,156499.31417010326,465123.9625440537,1154482.340300261,37168.152784239806,38760.33021200448,155738.01518760688,0.9697044991941643,0,2,12,2,2,3,1,1,0.7038192082063806,0.1844942497185372,0.1116865420750822,2,2,0,0.0,67336.40545742151,74336.30556847961,6999.900111058101,0.1039541695685599,2,3,3,5,17,3,13,71,74,2,1,2,0,1,4,2,-2,-0.5,0,0,0,0,0,0,,,,,2,5,0,0.1394108083005601,0.0518779928467726,2,1,1,1,84.0,3015.434269205004,5593.2404881046,2069.133987960362,946.300281244642,931440.2758862268,1016594.8622187008,low_value,0,4,3,0,moderate_activity,no_recent_complaints,low_digital_engagement
1431,F,Shymkent,large_city,medium,employee,high,64,22,mass,1,520617.3728402275,2024-08-01,2130,22,3,4,3,1,1,0,0,1,1,108,784.0,7,10,16,43,175115.07292435938,285455.98639916815,386449.47414240654,919906.37613241,25016.4389891942,24153.09213390041,80575.86639118813,0.9916410437604531,0,4,16,47,2,8,4,1,0.6893148698824563,0.2723530569122062,0.0383320732053374,7,7,0,0.0,156454.0543065908,175115.07292435938,18661.01861776857,0.1192747525813554,3,6,13,10,38,4,16,51,20,5,6,12,0,1,3,3,0,0.0,0,0,0,0,0,0,,,,,0,0,0,,,0,0,0,0,,15418.353004032431,29144.485522754647,3727.453524228807,11690.899479803626,711248.530408217,774289.4298250533,medium_value,0,9,3,0,transaction_active,no_recent_complaints,medium_digital_engagement
2145,M,Astana,small_city,high,employee,low,32,31,affluent,1,736415.8555020891,2024-09-01,1200,31,5,1,2,1,0,0,0,0,1,411,183.0,12,23,34,61,412074.807916057,859643.6076154762,1141769.21402384,2181082.1297333767,34339.56732633808,33581.44747128941,128973.39520511296,0.947508414988813,1,12,34,6,6,9,7,6,0.1851426920327638,0.7044050102714674,0.1104522976957689,12,12,0,0.0,420520.5898644881,412074.807916057,-8445.781948431104,-0.0200841103907724,1,1,2,1,14,5,14,77,37,2,1,2,1,0,1,1,0,0.0,0,0,0,0,0,0,,,,,2,2,1,0.4508459244684553,0.0368596540129284,0,1,0,0,9.0,24364.307455381266,50129.826590869845,4964.761170424111,19399.546284957152,2152831.156115796,1924331.4752207096,high_value,0,17,0,0,transaction_active,no_recent_complaints,low_digital_engagement
2296,M,Almaty,rural,medium,entrepreneur,medium,31,19,sme_owner,0,197384.01694432303,2024-09-01,1170,19,1,0,1,1,1,0,1,1,0,438,,0,4,7,15,0.0,27237.78054260295,39601.38772641252,97769.50390780502,0.0,5657.341103773217,17736.47834811902,0.9275763847975848,0,0,7,35,1,2,1,0,0.7757650911888482,0.1037713606826086,0.120463548128543,2,0,-2,-1.0,13875.736550183752,0.0,-13875.736550183752,-1.0,3,5,8,8,18,7,18,45,66,1,2,6,0,1,4,3,-1,-0.25,0,0,0,0,0,0,,,,,1,2,1,0.2602868084032042,0.0913039546621413,0,0,0,0,28.0,4777.910353138627,8353.613025793566,2993.8562075852788,1784.0541455533485,315445.0989742939,348376.96546327503,low_value,0,6,3,0,activity_drop,no_recent_complaints,medium_digital_engagement
1834,M,Shymkent,rural,medium,employee,low,71,30,mass,1,331803.07617840124,2024-09-01,2370,30,2,0,2,1,1,0,0,0,1,454,,6,11,20,39,52902.4228639089,88358.36213912048,165497.55332339153,337908.8243553669,8817.07047731815,8274.877666169577,26068.881969697795,0.9227202786977466,1,6,20,43,4,7,4,2,0.722956313343701,0.2385383170522985,0.0385053696040003,10,6,-4,-0.4,84843.01305776883,52902.4228639089,-31940.590193859927,-0.376466948104635,0,0,0,4,3,3,3,280,40,0,0,1,0,0,3,0,-3,-1.0,0,0,0,0,0,0,,,,,1,1,0,0.3423155891909521,0.0936110715636971,0,0,0,0,4.0,8247.295679012115,15771.015282469372,3858.4187513436937,4388.876927668422,429222.62281224434,398542.0607726941,low_value,1,0,0,0,activity_drop,no_recent_complaints,low_digital_engagement
1356,M,Almaty,medium_city,low,employee,medium,19,40,mass,0,75610.2975314457,2024-09-01,810,40,2,1,1,1,0,0,0,1,1,368,469.0,2,8,11,28,10471.874380479556,45836.18851478792,57112.48535675699,139388.36628861196,5235.937190239778,5192.044123341544,16135.541897880034,1.0,0,2,11,56,1,4,1,1,0.6516140107867231,0.0735910410336662,0.2747949481796107,4,2,-2,-0.5,18807.323840165824,10471.874380479556,-8335.449459686268,-0.4432023147219213,2,3,5,12,17,4,2,36,44,3,1,2,1,1,2,2,0,0.0,0,0,0,0,0,0,,,,,0,1,0,0.3690788901676452,0.1148610135031304,0,0,0,0,77.0,2984.8629485064325,6508.131189834241,2581.974641637299,402.88830686913343,246721.30704099804,243350.23276977407,low_value,0,3,0,0,moderate_activity,no_recent_complaints,medium_digital_engagement
811,M,South_KZ,medium_city,high,employee,medium,68,43,affluent,0,473528.60727199423,2024-09-01,2280,43,5,1,5,1,1,1,1,1,1,81,872.0,8,14,19,37,106623.0570320819,191520.19761514064,168663.40358171854,344227.9970250285,13327.882129010237,8877.02124114308,35798.064343293765,0.9794239649343512,0,8,19,65,3,9,3,2,0.7013669119794083,0.2174712326965293,0.0811618553240624,9,8,-1,-0.1111111111111111,84369.66827667346,106623.0570320819,22253.38875540844,0.2637605339685928,4,4,6,9,20,2,20,24,75,1,1,8,1,1,5,4,-1,-0.2,0,0,0,0,0,0,,,,,1,1,0,0.259897454658511,0.0328198200809402,0,0,0,0,71.0,17910.57182172149,35508.27535734522,4090.353769720488,13820.218052001,1105188.5970593318,1018946.7159342509,medium_value,0,4,0,0,transaction_active,no_recent_complaints,medium_digital_engagement
2248,F,Karaganda,large_city,high,entrepreneur,medium,30,55,affluent,0,574188.047502215,2024-09-01,1140,55,1,0,1,1,0,0,0,1,0,175,,1,3,5,13,22129.871300251987,60937.171840055176,128248.4905362262,246967.07671466505,22129.871300251987,25649.69810724524,37023.35858023055,0.9315435231376268,0,1,5,24,1,1,1,0,0.3415715237007429,0.3623796804702556,0.2960487958290015,2,1,-1,-0.5,44729.309626222734,22129.871300251987,-22599.438325970747,-0.5052489858399634,1,2,2,11,20,7,7,28,69,1,1,3,1,1,3,1,-2,-0.6666666666666666,0,0,0,0,0,0,,,,,0,1,1,0.2639283333377604,0.1082655409050652,1,1,1,0,71.0,8447.29665892056,19236.35334951911,2487.248186452044,5960.0484724685175,1262958.912701562,1437452.0281402038,medium_value,1,0,0,0,activity_drop,no_recent_complaints,medium_digital_engagement
1289,M,Astana,large_city,medium,employee,low,49,49,mass,0,537154.2616269069,2024-09-01,1710,49,0,0,0,0,0,0,0,1,1,730,,5,9,11,21,66248.95805842365,139000.72888739608,147739.30308500378,282348.79955593566,13249.79161168473,13430.845735000345,36963.747024632925,0.9754761936493394,0,5,11,49,2,4,2,1,0.639345409660583,0.2389671696774921,0.1216874206619248,6,5,-1,-0.1666666666666666,113484.26791869302,66248.95805842365,-47235.30986026936,-0.4162278237025029,2,4,6,8,13,6,13,66,15,1,1,1,0,1,5,2,-3,-0.6,0,0,0,0,0,0,,,,,0,1,0,0.3923235559175748,0.1179528796791915,0,0,0,0,73.0,8430.397675625536,18243.614731313977,2416.84521358726,6013.552462038277,1253053.778135418,1366713.2131344625,medium_value,0,6,3,0,activity_drop,no_recent_complaints,low_digital_engagement
663,M,Almaty,medium_city,low,unemployed,high,49,61,mass,0,156772.7464252187,2024-09-01,1710,61,3,1,3,1,0,0,0,1,0,5,657.0,2,4,8,28,12115.1838301565,16205.775478936055,44531.35278403946,201448.6118277208,6057.59191507825,5566.4190980049325,23844.446305465022,0.9749171819594772,1,2,8,18,1,2,2,1,0.8820685177277774,0.0857511889455675,0.032180293326655,11,2,-9,-0.8181818181818182,63701.41227434862,12115.1838301565,-51586.22844419212,-0.8098129476630919,6,7,12,16,33,6,33,25,18,2,4,12,0,1,11,6,-5,-0.4545454545454545,0,1,0,0,0,0,2.5954471008829065,2.0,60.0,,0,0,0,,,0,0,0,0,,6536.156957631517,12517.73621797087,3497.308623446998,3038.848334184519,331050.1139919487,303148.1492479445,low_value,0,1,8,0,activity_drop,no_recent_complaints,medium_digital_engagement
508,F,Almaty,large_city,high,employee,medium,33,41,affluent,1,648914.0656545828,2024-09-01,1230,41,0,0,0,1,0,1,0,1,1,822,,5,12,18,30,188189.204833498,564970.7067369267,1050527.7671823746,1474753.0751660403,37637.8409666996,58362.65373235414,133902.44648827144,0.9970325130684364,0,5,18,48,2,7,2,2,0.8369704232297701,0.1304431124752564,0.0325864642949735,13,5,-8,-0.6153846153846154,622837.3106233166,188189.204833498,-434648.10578981857,-0.6978517477619252,1,7,10,10,29,3,29,41,32,1,3,3,0,2,7,1,-6,-0.8571428571428571,0,1,0,0,0,0,1.9397375556986425,1.0,79.0,,0,0,0,,,0,0,0,0,,10912.475308007077,22599.748934350235,3034.9265673082136,7877.548740698863,887947.3400377068,818798.0288567726,medium_value,1,0,0,0,activity_drop,complaint_risk,medium_digital_engagement
319,M,Shymkent,large_city,premium,unemployed,medium,30,50,premium,0,1352087.7038520952,2024-09-01,1140,50,4,0,3,0,1,0,0,1,1,446,,6,12,19,40,221280.5606240112,369242.04754217487,696381.7893627955,1668906.9120797273,36880.0934373352,36651.67312435766,45221.14508339732,0.9255791519788836,0,6,19,26,3,9,3,3,0.1303717405746229,0.5710173177578476,0.2986109416675294,9,6,-3,-0.3333333333333333,325570.39970051264,221280.5606240112,-104289.83907650143,-0.3203296097324453,0,3,3,3,15,6,15,51,62,1,1,6,1,0,1,0,-1,-1.0,0,0,0,0,0,0,,,,,2,5,2,0.2784962106408833,0.0996228925689738,1,2,1,1,19.0,28297.491525183552,64452.20067192642,4821.326898366831,23476.16462681672,1954610.2731990376,1826440.394633607,high_value,0,4,6,0,activity_drop,no_recent_complaints,medium_digital_engagement
2019,F,Atyrau,large_city,medium,self_employed,low,71,44,mass,0,412920.7074952388,2024-09-01,2370,44,2,1,2,1,1,0,0,1,0,840,156.0,4,9,9,25,123121.765504097,286524.1494179213,269837.46940757736,884532.8075817085,30780.441376024253,29981.94104528637,65737.12176463458,0.918576669050966,0,4,9,63,1,4,2,1,0.3949512805426667,0.2435825856261551,0.3614661338311781,6,4,-2,-0.3333333333333333,196641.97745984537,123121.765504097,-73520.21195574835,-0.3738785223046351,3,5,7,5,20,7,20,34,15,1,3,2,0,1,7,3,-4,-0.5714285714285714,0,0,0,0,0,0,,,,,0,1,0,0.3021521064868231,0.07900977750232,0,0,1,0,2.0,9286.841232107505,20566.564705963705,3000.1363555700045,6286.7048765375,611749.2835118289,633425.4202109308,medium_value,0,4,6,0,activity_drop,no_recent_complaints,low_digital_engagement
219,F,Almaty,large_city,high,employee,medium,79,19,affluent,0,1050920.147270744,2024-09-01,2610,19,3,1,3,1,0,0,0,1,0,512,532.0,5,7,11,19,119740.2185322303,169380.60728508787,319695.1451140596,454038.8777862621,23948.04370644606,29063.19501036905,53212.915080258455,0.9600212524427378,0,5,11,73,1,4,1,1,0.7422886047160585,0.2432224089208991,0.0144889863630423,11,5,-6,-0.5454545454545454,285076.63917709666,119740.2185322303,-165336.42064486636,-0.5799718318629233,0,4,6,4,16,6,14,8,71,1,1,6,1,1,3,0,-3,-1.0,0,0,0,0,0,0,,,,,2,3,0,0.3927991286262158,0.1739907461537562,2,3,1,1,24.0,24003.488373501008,48124.57132485024,4306.802205537261,19696.686167963748,3099345.153644341,3484225.9299328392,high_value,0,5,2,0,activity_drop,no_recent_complaints,medium_digital_engagement
2096,M,North_KZ,large_city,medium,employee,medium,39,74,mass,0,298338.14520662744,2024-09-01,1410,74,2,1,2,1,1,0,0,1,0,355,606.0,1,6,10,27,10734.001149221816,60394.39145274294,93714.72191838275,331764.4931578568,10734.001149221816,9371.472191838277,29949.947952631483,1.0,0,1,10,12,1,4,2,1,0.772650766006657,0.1082725722456792,0.1190766617476637,2,1,-1,-0.5,18894.79147525084,10734.001149221816,-8160.790326029019,-0.4319068742684117,2,4,7,9,32,7,22,43,6,2,5,10,0,1,4,2,-2,-0.5,0,0,0,0,0,0,,,,,1,1,0,0.1576643848340667,0.0705293737127072,1,1,0,0,46.0,11389.636337722568,22681.28955439441,3610.980160723256,7778.656176999312,277096.69621661154,271036.64431913634,medium_value,0,2,3,0,moderate_activity,no_recent_complaints,medium_digital_engagement
49,F,Astana,large_city,low,unemployed,low,75,37,mass,0,120524.18382246804,2024-09-01,2490,37,2,2,2,0,0,0,0,0,1,272,401.0,3,6,10,28,20799.68452044993,40302.85378341718,68024.7684234302,182719.4272250012,6933.22817348331,6802.47684234302,21023.22738770107,0.9517523353663772,0,3,10,50,1,4,1,1,0.7105707037769227,0.1184452371073488,0.1709840591157285,5,3,-2,-0.4,38322.21570380917,20799.68452044993,-17522.53118335924,-0.4572421208311691,1,3,3,3,8,5,8,69,69,1,0,1,0,1,3,1,-2,-0.6666666666666666,0,0,0,0,0,0,,,,,0,1,0,0.0894326102752305,0.0122039981104372,1,1,0,0,65.0,6716.983337101168,11802.650249813376,3672.3098561500815,3044.6734809510867,222952.00677014395,241188.93618397508,low_value,0,6,3,0,activity_drop,no_recent_complaints,low_digital_engagement
669,M,Almaty,medium_city,low,employee,medium,19,54,mass,1,168830.48312857313,2024-09-01,810,54,3,1,3,1,0,0,0,1,1,697,621.0,9,16,24,45,77950.6854197534,173889.80934043406,260152.9689132082,405765.22052393487,8661.18726886149,10839.70703805034,15638.056795794648,0.9511398377979798,2,2,17,28,3,7,2,3,0.480600682382802,0.1016942700627784,0.4177050475544195,11,9,-2,-0.1818181818181818,102094.37697238116,77950.6854197534,-24143.691552627773,-0.2364840480799367,5,7,11,8,29,6,29,66,64,5,1,3,1,1,6,5,-1,-0.1666666666666666,0,0,0,0,0,0,,,,,1,1,0,0.2197934057748012,0.0227956289311478,0,1,0,0,72.0,9065.048740438431,20106.953635640308,3262.772403442405,5802.276336996026,169489.05283863682,156690.82485817512,medium_value,0,15,7,0,transaction_active,no_recent_complaints,medium_digital_engagement
2138,F,Aktobe,large_city,high,entrepreneur,medium,36,42,affluent,0,780263.1747363383,2024-09-01,1320,42,5,0,1,1,0,0,1,1,0,102,,4,11,20,43,136671.78746885684,427235.614536198,809398.3393778069,1453611.198555075,34167.94686721421,40469.91696889034,128842.4071075399,0.9661557581950666,1,4,19,64,2,10,4,3,0.640555085838293,0.3172327852021099,0.042212128959597,6,4,-2,-0.3333333333333333,283087.4057499202,136671.78746885684,-146415.61828106333,-0.517209933423909,3,5,8,13,23,7,23,20,61,2,3,4,1,1,5,3,-2,-0.4,0,0,0,0,0,0,,,,,0,0,0,,,0,0,0,0,,22988.56473003684,49501.74633977979,5586.956511790394,17401.60821824644,1674952.529732061,1871697.3233846503,high_value,0,4,4,0,transaction_active,no_recent_complaints,medium_digital_engagement
2311,F,Shymkent,large_city,medium,retired,high,22,35,pensioner,0,389420.298814792,2024-09-01,900,35,1,2,1,1,1,0,0,1,0,451,267.0,4,10,16,35,74276.0077460286,172863.68634686773,274582.48511808383,817347.7526036032,18569.00193650715,17161.40531988024,72158.3849208993,0.9679564200714152,0,4,1,48,2,5,2,1,0.6819771240426878,0.2651852970403441,0.052837578916968,6,4,-2,-0.3333333333333333,123073.15845215136,74276.0077460286,-48797.150706122775,-0.3964889771240756,4,6,14,13,38,5,8,36,29,6,6,12,1,2,5,4,-1,-0.2,0,1,0,0,0,0,3.0408824859295183,2.0,33.0,,1,2,0,0.0747923916822169,0.0172352334478734,0,0,1,1,25.0,6205.0168719650455,12344.645002437792,2845.03932455573,3359.977547409316,553311.4081320956,590282.2115251938,low_value,0,6,5,0,transaction_active,no_recent_complaints,medium_digital_engagement
1937,M,East_KZ,rural,low,retired,low,32,30,pensioner,0,138142.87299492772,2024-09-01,1200,30,1,0,1,1,0,0,0,0,0,590,,1,6,11,25,3725.9075996525926,18970.67759056703,43478.92738393361,93472.27648903482,3725.9075996525926,3952.629762175783,12029.9865150272,1.0,0,1,11,27,1,5,1,1,0.4866703072816726,0.450306120144965,0.0630235725733623,2,1,-1,-0.5,7857.13251151415,3725.9075996525926,-4131.224911861557,-0.525792953829848,0,0,0,4,10,5,10,128,36,1,0,2,1,1,1,0,-1,-1.0,0,0,0,0,0,0,,,,,0,0,0,,,0,0,0,0,,3640.740051434109,7144.862104673699,2722.878679615809,917.8613718183,196579.05773488572,186781.58006645227,low_value,0,5,0,1,activity_drop,no_recent_complaints,low_digital_engagement
867,F,Aktobe,small_city,low,employee,medium,65,56,mass,1,166994.81124456407,2024-09-01,2190,56,1,3,1,0,0,0,0,1,1,742,654.0,4,8,16,33,39364.851724756576,97509.87156965784,173955.69020470104,368353.7524024056,9841.212931189144,10872.230637793817,15177.916518175432,0.9085878132280084,3,4,16,56,1,6,3,1,0.5247756517568937,0.3599818760156572,0.115242472227449,4,4,0,0.0,45197.79875731064,39364.851724756576,-5832.947032554061,-0.1290537856472622,1,3,4,5,24,7,24,30,39,2,2,4,1,0,4,1,-3,-0.75,0,0,0,0,0,0,,,,,0,2,0,0.0148299768453585,0.0045035128621292,1,0,0,0,66.0,3314.217002094765,7047.152172307236,2998.6125378598226,315.6044642349425,257504.4645040508,248328.21854534023,low_value,0,7,2,0,activity_drop,no_recent_complaints,medium_digital_engagement
2257,F,Astana,medium_city,medium,entrepreneur,medium,65,39,sme_owner,0,353691.0152182327,2024-09-01,2190,39,2,2,2,1,0,0,0,1,1,693,866.0,4,9,16,29,33675.214705757455,81804.63213906898,153457.33497335142,245851.8474299409,8418.803676439364,9591.083435834464,36146.17272759259,0.8671550442033431,3,4,16,58,3,8,2,2,0.7371682085377175,0.1965617761799505,0.066270015282332,5,4,-1,-0.2,56938.10362754935,33675.214705757455,-23262.88892179189,-0.4085645190075527,5,11,12,10,27,4,27,17,32,3,2,2,1,0,9,5,-4,-0.4444444444444444,0,0,0,0,0,0,,,,,1,2,0,0.3871368896620287,0.0664589062403226,1,1,0,0,55.0,12877.347677251402,28366.901928508312,3181.201256672878,9696.146420578523,1073118.047944652,982568.563524436,medium_value,0,5,9,0,transaction_active,no_recent_complaints,medium_digital_engagement
169,M,Karaganda,large_city,medium,retired,medium,59,48,pensioner,0,411783.1472947229,2024-09-01,2010,48,2,1,2,0,0,0,0,1,0,142,98.0,6,11,16,29,170730.9485968443,234441.1294901852,339376.90476514964,632844.4012807186,28455.15809947405,21211.05654782185,40814.32907813449,0.9031299623840232,3,6,16,22,2,7,4,1,0.7425014277601139,0.2089570910247214,0.0485414812151646,8,6,-2,-0.25,179216.48423135496,170730.9485968443,-8485.535634510656,-0.0473479639493232,3,4,6,12,26,3,26,49,59,4,4,4,1,2,7,3,-4,-0.5714285714285714,0,0,0,0,0,0,,,,,0,1,0,0.2305985758491652,0.0815899926039187,1,0,0,0,32.0,13116.467000125336,26287.83196394734,3629.33735032691,9487.129649798426,976937.6748351556,1113485.9743978973,medium_value,0,8,5,0,activity_drop,no_recent_complaints,medium_digital_engagement
1259,F,South_KZ,medium_city,medium,employee,low,50,29,mass,1,268011.4894821782,2024-09-01,1740,29,1,2,1,1,1,0,0,0,1,639,610.0,4,9,11,24,36271.75272580982,69667.82874189338,99261.823820271,245297.81445644112,9067.938181452457,9023.802165479185,34026.85216822734,0.9955251586775444,0,4,11,69,1,2,2,2,0.7404490477148328,0.2274804313931046,0.0320705208920627,5,4,-1,-0.2,47987.41561925793,36271.75272580982,-11715.662893448112,-0.2441403176700033,3,4,4,4,6,1,6,72,25,1,1,1,0,0,5,3,-2,-0.4,0,0,0,0,0,0,,,,,0,0,0,,,0,0,0,0,,6753.406541136322,15774.254134719264,4294.712076339934,2458.694464796388,527672.1190136082,594294.7576405946,low_value,0,5,4,0,moderate_activity,no_recent_complaints,low_digital_engagement
510,M,Atyrau,medium_city,medium,entrepreneur,medium,28,42,sme_owner,0,349285.4338628823,2024-09-01,1080,42,2,0,2,1,1,0,0,1,0,137,,7,12,17,29,181191.64459891943,290590.8271738957,509337.5957426979,746119.7724778622,25884.52065698849,29961.03504368812,61352.75279565008,0.950237384704087,0,7,17,46,1,5,3,1,0.6441250330238226,0.1803131419352258,0.1755618250409513,9,7,-2,-0.2222222222222222,184118.5926725865,181191.64459891943,-2926.948073667037,-0.0158970804152949,4,9,12,15,34,6,23,76,44,4,2,4,0,2,6,4,-2,-0.3333333333333333,0,0,0,0,0,0,,,,,2,2,0,0.2250989867633136,0.045823694538232,0,0,1,0,29.0,8925.510033648483,19555.630459736243,4212.764109407444,4712.745924241039,724865.176984268,698117.5958964333,low_value,0,14,7,0,transaction_active,no_recent_complaints,medium_digital_engagement
368,F,Karaganda,small_city,low,employee,medium,57,39,mass,1,119100.44738999072,2024-09-01,1950,39,1,0,1,1,0,0,0,1,1,700,,6,11,17,32,34563.04679252414,54116.86065629505,89628.88357139456,148771.07492148565,5760.507798754024,5272.287268905562,18369.45709128573,0.9995242216411918,0,6,17,20,1,8,2,1,0.6239236825714554,0.2928361892650559,0.0832401281634886,10,6,-4,-0.4,57554.36521934212,34563.04679252414,-22991.318426817976,-0.3994713231428596,3,6,9,10,20,4,20,74,6,3,1,2,1,1,4,3,-1,-0.25,0,0,0,0,0,0,,,,,2,3,0,0.1941177121636907,0.0687907964846398,2,0,2,0,25.0,3619.4210036817967,8219.468328284423,2477.396921645116,1142.0240820366807,170274.5436856955,178964.13975605753,low_value,0,10,5,0,transaction_active,no_recent_complaints,medium_digital_engagement
1628,M,Shymkent,medium_city,medium,unemployed,medium,82,36,mass,0,330273.15195860475,2024-09-01,2700,36,1,0,1,0,0,0,1,1,0,256,,1,5,8,15,10121.064316786697,58676.29055172203,91591.53988242125,167193.51031612756,10121.064316786697,11448.942485302654,30176.42829119106,0.934179541483806,0,1,8,60,1,2,1,1,0.5584058901303327,0.4135408900726799,0.0280532197969873,6,1,-5,-0.8333333333333334,47237.840369475445,10121.064316786697,-37116.77605268875,-0.7857424421264014,2,3,4,8,18,2,18,63,68,2,3,6,1,0,9,2,-7,-0.7777777777777778,0,0,0,0,0,0,,,,,2,5,0,0.345421477514525,0.052391010374218,3,2,0,0,61.0,7144.884140631481,15236.663947582088,3417.6534246356487,3727.2307159958327,518526.46775390266,564730.7522077302,low_value,0,2,1,0,activity_drop,no_recent_complaints,medium_digital_engagement
1421,F,Almaty,large_city,medium,entrepreneur,high,57,26,sme_owner,0,360592.068946488,2024-09-01,1950,26,0,1,0,1,0,0,0,1,0,572,110.0,0,6,11,20,0.0,85441.55594274988,129520.45396283462,267838.95997987554,0.0,11774.586723894055,50070.0442370098,0.9871913806867,0,0,11,39,2,3,2,1,0.4587199800590665,0.4380111810522831,0.1032688388886504,2,0,-2,-1.0,39482.10945993428,0.0,-39482.10945993428,-1.0,3,8,11,12,27,2,27,60,37,3,1,10,1,1,5,3,-2,-0.4,0,0,0,0,0,0,,,,,1,3,1,0.14360397228971,0.0371074778800788,0,0,0,0,56.0,6712.619692218361,14944.007577867567,2635.637665494803,4076.9820267235577,872275.8043642581,816245.2899277536,low_value,0,2,10,1,activity_drop,no_recent_complaints,medium_digital_engagement
1881,F,Shymkent,large_city,medium,self_employed,medium,65,56,mass,0,301334.37401896063,2024-09-01,2190,56,2,0,2,0,0,0,0,1,0,415,,3,8,14,27,22572.2964974265,50606.29592223434,75238.54267066928,153891.64285926014,7524.098832475501,5374.18161933352,11706.584676056404,1.0,0,3,8,29,3,6,1,2,0.6772105178905866,0.2571412099514905,0.0656482721579227,7,3,-4,-0.5714285714285714,47418.15122416016,22572.2964974265,-24845.85472673365,-0.5239735013978017,2,3,7,6,18,7,18,10,29,3,3,4,0,1,4,2,-2,-0.5,0,0,0,0,0,0,,,,,0,0,0,,,0,0,0,0,,9106.689719965632,17303.68952083168,3137.807138404197,5968.882581561436,798390.6099997642,852133.9548173593,medium_value,0,6,1,0,activity_drop,no_recent_complaints,medium_digital_engagement
1991,M,Shymkent,large_city,medium,retired,high,79,46,pensioner,0,308335.34065219254,2024-09-01,2610,46,3,0,1,1,0,0,0,1,0,797,,2,4,5,19,14528.764214564098,34619.95923419223,58452.4593548075,198253.96884155867,7264.382107282049,11690.4918709615,21645.27141461862,0.9485375730685536,0,2,5,65,0,2,1,1,0.8690546854994712,0.113816518189338,0.0171287963111909,8,2,-6,-0.75,58311.10248284655,14528.764214564098,-43782.33826828245,-0.7508405158547972,4,8,11,12,28,5,28,61,53,2,4,12,1,1,11,4,-7,-0.6363636363636364,1,1,0,0,0,0,4.816530704498091,4.0,81.0,,1,1,0,0.3806716003857498,0.1632197131395592,0,1,1,1,35.0,10906.632198472633,20149.56986707004,3732.845727448767,7173.786471023865,458597.6428244629,512504.8518358482,medium_value,0,3,7,0,activity_drop,no_recent_complaints,medium_digital_engagement
1058,M,South_KZ,medium_city,medium,employee,high,51,20,mass,1,237840.17711516708,2024-09-01,1770,20,4,0,1,1,0,0,0,1,1,130,,7,21,26,54,27576.04894334012,77833.3027682483,77201.40787363143,189099.4516272692,3939.4355633343016,2969.2849182165933,10831.464675159144,0.9856682889914326,0,1,26,8,5,11,5,4,0.8555134702470508,0.1199361979659855,0.0245503317869637,9,7,-2,-0.2222222222222222,35164.73929900782,27576.04894334012,-7588.69035566771,-0.2158039703107318,5,7,11,15,36,6,7,10,27,2,2,3,1,1,8,5,-3,-0.375,0,0,0,0,0,0,,,,,1,2,0,0.0,0.0,2,0,2,0,70.0,9798.4206755202,19660.84703519517,3652.670483185087,6145.750192335115,451674.73587665526,396768.980804427,medium_value,0,18,4,0,transaction_active,no_recent_complaints,medium_digital_engagement
839,M,Astana,medium_city,medium,employee,high,26,39,mass,1,379911.54762423504,2024-09-01,1020,39,2,0,2,1,1,0,0,1,1,305,,10,18,21,36,129956.26494312011,268958.166668948,205094.30370023104,445647.7808104332,12995.626494312011,9766.395414296716,20316.934783200377,0.8870205320063043,2,9,21,56,1,4,3,3,0.8745964249241607,0.0721500639188092,0.0532535111570299,10,10,0,0.0,144686.6876358368,129956.26494312011,-14730.422692716676,-0.1018091085877355,3,7,11,17,41,6,22,68,20,6,3,16,1,2,6,3,-3,-0.5,0,0,0,0,0,0,,,,,0,1,1,0.3240001964177405,0.039018677443761,0,1,0,0,32.0,11028.357082583145,25717.90559111987,3228.18440742879,7800.172675154353,315279.81102003047,318013.5842780941,medium_value,0,6,1,0,transaction_active,no_recent_complaints,medium_digital_engagement
1848,F,South_KZ,large_city,high,employee,high,58,46,affluent,1,693622.1015536094,2024-09-01,1980,46,1,0,1,0,1,1,0,1,1,503,,7,11,16,30,151059.63186549017,258501.9362621476,348968.7476042125,767519.2945378227,21579.94740935574,21810.54672526328,87577.07069172319,1.0,0,7,16,44,2,3,4,2,0.6338559288829344,0.2035787782608204,0.1625652928562451,11,7,-4,-0.3636363636363636,249305.8917871765,151059.63186549017,-98246.25992168632,-0.3940791740515929,7,10,14,14,34,7,28,45,49,4,3,7,1,2,8,7,-1,-0.125,0,0,0,0,0,0,,,,,0,1,0,0.0970164596145802,0.0374591823777951,1,0,0,0,40.0,12858.397924033532,29548.23625822603,3318.085537804296,9540.312386229236,1365113.067990899,1512399.8109310616,medium_value,0,4,7,0,transaction_active,no_recent_complaints,medium_digital_engagement
600,F,Almaty,medium_city,high,retired,medium,82,24,affluent,0,806475.9524271833,2024-09-01,2700,24,5,0,2,1,0,0,0,1,0,260,,5,11,18,34,173928.4020252532,496779.8260270617,778061.2480593505,1370096.102280727,34785.68040505064,43225.62489218614,72165.80268409818,0.9768040763149016,1,1,18,62,1,4,3,1,0.8221844591039321,0.0772500619741823,0.1005654789218856,5,5,0,0.0,137415.11387652115,173928.4020252532,36513.28814873204,0.2657152267947923,6,9,11,10,34,3,34,13,15,2,1,11,2,1,6,6,0,0.0,0,0,0,0,0,0,,,,,0,0,0,,,0,0,0,0,,24422.58224215904,51914.14576806723,5093.394141696364,19329.18810046268,1519622.7222491966,1584699.1976746642,high_value,0,4,6,0,transaction_active,no_recent_complaints,medium_digital_engagement
1921,F,Astana,small_city,low,entrepreneur,high,26,37,sme_owner,0,120351.47734187637,2024-09-01,1020,37,3,0,3,1,0,0,0,1,0,547,,8,17,22,45,50494.55486334952,88934.31785844745,132468.84768784785,292619.1258271518,6311.81935791869,6021.311258538538,12840.358398730556,0.944282789756914,1,8,22,72,2,5,2,3,0.7896476440526976,0.1795753354624309,0.0307770204848714,13,8,-5,-0.3846153846153846,47881.91486670354,50494.55486334952,2612.6399966459794,0.0545642337805244,5,10,12,13,37,5,37,70,23,5,4,10,0,1,7,5,-2,-0.2857142857142857,0,0,0,0,0,0,,,,,0,1,0,0.4020536593117266,0.1472531208230391,1,0,1,0,78.0,6003.068516860514,12268.146478271452,3906.183285644016,2096.885231216498,226693.27962390092,231538.64701991607,low_value,0,13,2,0,transaction_active,no_recent_complaints,medium_digital_engagement
1312,F,Almaty,small_city,premium,self_employed,high,58,27,premium,0,1653209.184610446,2024-09-01,1980,27,4,1,2,1,1,1,0,1,0,290,275.0,7,13,22,40,266903.8258143597,520660.2193682225,740013.3743518116,1288288.5374641889,38129.11797347996,33636.97156144598,100145.46365171674,0.9770875302427164,0,7,10,3,2,8,3,4,0.7156416922127887,0.2799273154291252,0.0044309923580859,8,7,-1,-0.125,368137.7488199031,266903.8258143597,-101233.92300554336,-0.2749892488071579,2,7,15,12,34,5,34,43,63,5,4,7,0,1,2,2,0,0.0,0,0,0,0,0,0,,,,,0,1,0,0.2774600022477279,0.0851423943187018,0,1,1,0,72.0,36052.75441048824,65886.1588852452,5408.785255549786,30643.96915493845,3663130.616617901,4209532.83131325,high_value,0,5,5,0,digital_active,no_recent_complaints,digital_power_user
1337,M,Aktobe,medium_city,medium,employee,high,37,60,mass,0,291143.28505737154,2024-09-01,1350,60,3,0,3,1,0,0,0,1,1,389,,5,10,16,30,113975.32578518764,231485.393527264,499204.7581568658,729048.6178559323,22795.065157037527,31200.29738480411,55669.87313750637,0.9488842427774624,0,5,16,45,2,6,4,1,0.2870824616123779,0.1450398132169349,0.5678777251706871,8,5,-3,-0.375,204052.55317126628,113975.32578518764,-90077.22738607864,-0.4414413149267219,4,7,12,12,32,7,32,68,31,4,2,13,1,1,8,4,-4,-0.5,0,0,0,0,0,0,,,,,0,0,0,,,0,0,0,0,,9637.18608764458,18174.42925177447,3873.349722807215,5763.836364837366,498546.8125002546,552868.1267215313,medium_value,0,9,3,0,transaction_active,no_recent_complaints,medium_digital_engagement
1134,F,Astana,large_city,medium,unemployed,low,65,49,mass,0,299139.3144326869,2024-09-01,2190,49,3,0,2,1,0,0,0,0,1,404,,4,12,17,32,26286.84095316644,97970.37753565672,111478.38905135408,302747.7635119545,6571.710238291609,6557.552297138474,11835.559136581103,0.9688212318072736,0,1,17,61,3,6,4,2,0.5893428596560215,0.1831456578217248,0.2275114825222537,9,4,-5,-0.5555555555555556,58691.600994462206,26286.84095316644,-32404.76004129577,-0.5521192043194271,0,0,0,0,0,1,0,240,161,0,0,0,0,0,8,0,-8,-1.0,0,0,0,0,0,0,,,,,0,3,1,0.3317057331229018,0.0700748827263781,0,2,1,0,69.0,11893.076413609257,23098.35720607873,4169.970796232414,7723.105617376841,480065.96925826056,488688.8693680667,medium_value,0,9,0,1,activity_drop,no_recent_complaints,low_digital_engagement
820,M,Astana,large_city,medium,employee,low,27,59,mass,0,333390.6184288646,2024-09-01,1050,59,1,1,1,1,1,0,0,0,0,277,346.0,5,5,6,15,66586.2919916424,64140.71573213384,120304.9901661387,228260.1231910854,13317.25839832848,20050.83169435645,58408.49373871669,1.0,0,5,6,19,1,2,1,1,0.5393566943028512,0.386566761743136,0.0740765439540127,6,5,-1,-0.1666666666666666,104054.7250723569,66586.2919916424,-37468.4330807145,-0.3600839179062742,4,4,5,7,10,2,10,42,60,1,1,4,0,1,6,4,-2,-0.3333333333333333,0,0,0,0,0,0,,,,,0,1,0,0.1105836906315318,0.0174201681426227,1,1,1,0,76.0,8752.447883684259,17040.50696523663,3087.119978531432,5665.327905152827,472426.0258148194,442000.7220127538,medium_value,0,1,3,0,moderate_activity,no_recent_complaints,low_digital_engagement
2174,M,Astana,medium_city,medium,self_employed,medium,38,25,mass,0,381295.3295497526,2024-09-01,1380,25,2,0,2,1,1,0,0,1,0,596,,2,6,11,33,30947.44283894185,99631.73051771936,169593.3057468595,460432.563836245,15473.721419470923,15417.5732497145,54879.10095341059,1.0,0,2,11,66,2,6,2,1,0.5523066116662365,0.203342876313467,0.2443505120202963,3,2,-1,-0.3333333333333333,56105.87614868031,30947.44283894185,-25158.433309738462,-0.4484099534078878,5,7,11,10,22,7,22,70,56,3,2,8,1,0,5,5,0,0.0,0,0,0,0,0,0,,,,,0,0,0,,,0,0,0,0,,8019.004919408975,15629.852751248329,3090.7215770247226,4928.283342384253,343143.4677698015,351770.8341799091,low_value,0,1,5,0,moderate_activity,no_recent_complaints,medium_digital_engagement
528,F,South_KZ,large_city,medium,self_employed,medium,35,43,mass,0,345670.56704115454,2024-09-01,1290,43,1,5,1,1,0,0,0,1,0,776,760.0,4,9,11,25,13346.693817107056,51059.251730740696,42544.02405504141,92748.68822229296,3336.673454276764,3867.63855045831,11750.654369974984,0.9400667623950656,0,4,11,15,1,6,2,2,0.6279522784322702,0.1077240780996898,0.2643236434680399,6,4,-2,-0.3333333333333333,19461.52135458556,13346.693817107056,-6114.827537478503,-0.314200900642216,1,4,7,9,24,2,24,63,18,2,3,10,0,1,2,1,-1,-0.5,0,0,0,0,0,0,,,,,0,2,1,0.2089992680879763,0.0342031119851663,1,1,1,0,25.0,6834.982729692977,14008.620571375268,2405.5558534514053,4429.426876241572,1118751.5451116988,1248936.780929645,low_value,0,6,3,0,moderate_activity,no_recent_complaints,medium_digital_engagement
2055,M,Astana,large_city,low,retired,medium,34,35,pensioner,0,177097.85565578466,2024-09-01,1260,35,2,4,2,0,0,0,0,1,0,325,633.0,2,7,9,20,14578.122795080244,66925.8076435905,68529.16383204778,159544.65572024934,7289.061397540122,7614.351536894198,31647.160100226865,0.9153118499048916,0,2,9,1,2,4,2,1,0.6042638251868335,0.3667398717621966,0.0289963030509698,7,2,-5,-0.7142857142857143,82928.36476519448,14578.122795080244,-68350.24197011424,-0.8242082448344771,3,6,9,7,26,6,26,72,19,4,2,7,1,0,8,3,-5,-0.625,0,0,0,0,0,0,,,,,0,0,0,,,0,0,0,0,,5614.23750783766,13194.508518694798,2829.555686631539,2784.6818212061207,238858.9287775068,263197.664661109,low_value,0,2,2,0,activity_drop,no_recent_complaints,medium_digital_engagement
1367,M,Karaganda,medium_city,low,employee,medium,18,35,mass,0,141715.4644743408,2024-09-01,780,35,2,2,2,1,0,0,0,1,0,512,161.0,4,6,10,22,19105.764714424007,43516.72114643393,61077.38576725044,95200.29872540083,4776.441178606002,6107.738576725044,21119.14419728425,0.932312189183377,1,4,10,31,2,2,1,1,0.4572548283934701,0.1783595624864959,0.3643856091200338,13,4,-9,-0.6923076923076923,86233.34722350542,19105.764714424007,-67127.58250908142,-0.7784411097379255,0,1,6,2,14,3,14,43,51,1,2,3,1,1,2,0,-2,-1.0,0,0,0,0,0,0,,,,,1,2,0,0.0506708521607887,0.0111582619399418,1,0,0,1,48.0,4794.9185661690935,10030.619784285767,3355.226461856026,1439.6921043130674,110775.16601244285,122947.35234168483,low_value,1,0,0,0,activity_drop,no_recent_complaints,medium_digital_engagement
618,M,Aktobe,small_city,medium,self_employed,high,60,51,mass,0,363639.5312133668,2024-09-01,2040,51,2,3,2,1,1,0,0,1,0,372,886.0,8,13,21,34,155598.8638965716,218627.49179054383,256022.20197417025,521682.8381635541,19449.85798707145,12191.53342734144,36731.58088480628,0.9607773174906432,0,8,21,60,3,5,3,4,0.5482088922615436,0.3066422314957537,0.1451488762427026,8,8,0,0.0,143000.26074161983,155598.8638965716,12598.603154951765,0.0881019593224068,3,9,11,14,30,6,30,42,57,2,2,8,0,2,3,3,0,0.0,0,1,0,0,0,0,2.427122893915504,1.0,62.0,,0,1,0,0.1835189708120638,0.0720935349146792,0,0,0,0,57.0,6669.355937146349,13363.572939086,3611.314927840592,3058.0410093057567,1377126.9539147126,1481433.0119929072,low_value,0,7,2,0,transaction_active,no_recent_complaints,medium_digital_engagement
439,F,Almaty,rural,low,retired,high,59,27,pensioner,0,160295.52080671184,2024-09-01,2010,27,1,0,1,1,0,0,0,1,0,484,,4,5,10,22,33401.80241858709,44876.266297498,114299.14682425276,174246.41702980266,8350.450604646772,11429.914682425277,29924.98222070457,1.0,0,4,10,46,2,4,2,1,0.4640287967342636,0.309243277812405,0.2267279254533314,5,4,-1,-0.2,47573.34155915335,33401.80241858709,-14171.53914056626,-0.2978882432074941,2,8,13,12,39,3,39,35,10,2,5,12,2,2,9,2,-7,-0.7777777777777778,0,0,0,0,0,0,,,,,2,3,1,0.0907625098284462,0.0323062405099114,1,1,1,0,72.0,5780.063739602056,12914.428038178596,2859.1088778003664,2920.9548618016893,243950.6595761759,258189.06505528413,low_value,0,4,5,0,activity_drop,no_recent_complaints,medium_digital_engagement
1969,M,North_KZ,medium_city,medium,employee,medium,63,34,mass,1,210148.38482907845,2024-09-01,2130,34,2,0,2,1,0,0,0,1,1,165,,7,13,22,43,37754.29115697137,66622.10921538473,111364.89851815936,215763.91076639463,5393.470165281624,5062.040841734516,22369.59018570123,0.9883699122824038,1,7,22,67,3,7,3,2,0.8642576300088074,0.0537584339480432,0.0819839360431492,8,7,-1,-0.125,37382.02997323812,37754.29115697137,372.2611837332515,0.0099582923666733,4,7,9,12,25,8,25,8,60,1,3,4,1,1,5,4,-1,-0.2,0,0,0,0,0,0,,,,,1,2,0,0.3626943735673434,0.0245752452450659,1,1,0,0,38.0,7932.854243339041,18237.19858878952,3102.1098573083787,4830.744386030663,410292.1946879165,468634.14899755904,low_value,1,0,0,0,transaction_active,no_recent_complaints,medium_digital_engagement
441,F,North_KZ,large_city,low,employee,medium,55,48,mass,1,187453.64344113803,2024-09-01,1890,48,2,0,2,0,0,0,0,1,1,721,,7,14,19,32,20159.375754652847,63338.81732990878,80620.8859285753,124124.48921965796,2879.910822093264,4243.204522556594,12351.453043464331,0.954556634007893,1,7,19,6,2,5,4,3,0.4955966478339617,0.2678866846634081,0.2365166675026302,12,7,-5,-0.4166666666666667,34825.83193338452,20159.375754652847,-14666.456178731674,-0.4211372812797677,0,2,4,1,11,8,11,70,30,2,2,2,0,1,5,0,-5,-1.0,0,0,0,0,0,0,,,,,1,1,1,0.1855883823255744,0.0236234960437719,1,0,0,0,29.0,7919.608852697901,18015.485364470755,3501.3759632699016,4418.232889428,260336.35217726056,276345.6266052824,low_value,0,4,3,0,activity_drop,no_recent_complaints,medium_digital_engagement
1037,M,Almaty,rural,low,employee,high,44,50,mass,1,157778.57155929276,2024-09-01,1560,50,1,0,1,1,0,0,0,1,1,187,,3,10,16,29,26350.07427560161,83600.82691699192,129063.4229328862,250651.7060326232,8783.358091867205,8066.463933305388,34124.08766385748,0.9750669993072212,1,3,12,16,2,4,2,1,0.9693869068696808,0.0249330025209968,0.0056800906093224,5,3,-2,-0.4,41568.90736535494,26350.07427560161,-15218.833089753329,-0.3661109722224083,2,3,11,16,29,7,29,22,61,4,2,12,1,2,4,2,-2,-0.5,0,0,0,0,0,0,,,,,0,1,0,0.2351901268324693,0.0939998972271557,1,0,0,0,46.0,774.7391496174941,1689.8669061096434,3110.712798869991,-2335.9736492524967,233369.59849019235,205957.6546731513,low_value,0,5,1,0,transaction_active,no_recent_complaints,medium_digital_engagement
842,F,East_KZ,large_city,medium,self_employed,low,61,33,mass,0,277719.2684879161,2024-09-01,2070,33,2,0,1,1,1,0,0,1,0,197,,3,11,14,33,100285.9299060561,360772.063870922,550130.8235061939,738649.7511670376,33428.6433020187,39295.058821871,63884.03188291111,0.907956939139553,2,3,6,16,2,5,3,2,0.3537309050523309,0.3793731389530009,0.2668959559946681,6,3,-3,-0.5,194029.93517143032,100285.9299060561,-93744.00526537422,-0.4831419707611046,2,4,6,8,17,1,17,42,28,1,3,4,0,1,4,2,-2,-0.5,0,1,0,0,0,0,3.695382804088245,3.0,89.0,,0,1,0,0.1852921322107469,0.0454291978831949,0,1,1,0,4.0,6448.705939150331,13742.838254071074,3840.436006791741,2608.2699323585903,355766.5928948588,335320.36438728427,low_value,0,9,3,0,moderate_activity,no_recent_complaints,low_digital_engagement
1104,F,Almaty,small_city,premium,self_employed,low,42,53,premium,0,1237296.9084998162,2024-09-01,1500,53,3,2,3,1,1,1,0,0,0,167,824.0,8,17,21,48,240964.47569280936,551871.4029065488,653202.8785986195,1242654.7171331488,30120.559461601173,31104.898980886643,43777.48208619141,0.9557823123907224,2,7,21,68,4,4,2,2,0.500835528443993,0.2399195479739405,0.2592449235820664,10,8,-2,-0.2,294934.3150642555,240964.47569280936,-53969.83937144611,-0.182989352594282,3,3,3,7,14,2,14,66,15,1,2,5,1,0,4,3,-1,-0.25,0,0,0,0,0,0,,,,,2,4,2,0.0,0.0,1,0,1,0,3.0,26960.79855345379,58765.668306982974,3585.747996771747,23375.050556682043,2827865.448181472,3155516.842536616,high_value,0,6,1,0,transaction_active,no_recent_complaints,low_digital_engagement
621,F,Almaty,medium_city,medium,employee,low,38,39,mass,0,269628.13303642254,2024-09-01,1380,39,3,0,3,1,0,0,0,0,0,324,,9,14,21,39,106869.5440038483,155976.90454626494,229171.02936119903,422379.4863041844,11874.393778205367,10912.9061600571,26110.102845789865,0.9324004894706877,0,9,21,20,1,9,3,2,0.5497588031247952,0.4312564242598135,0.0189847726153911,12,9,-3,-0.25,124991.69994672526,106869.5440038483,-18122.155942876954,-0.144986874733291,2,2,2,2,10,3,1,33,33,0,1,2,0,1,4,2,-2,-0.5,0,1,0,0,0,0,3.5511815177470702,3.0,81.0,,4,8,2,0.4640686810847236,0.1859519453232698,3,2,1,0,9.0,7868.162022833874,15871.68137738653,4007.4929484142617,3860.669074419613,1112893.8958407177,1254329.097688543,low_value,0,6,2,1,transaction_active,no_recent_complaints,low_digital_engagement
1431,F,Shymkent,large_city,medium,employee,high,64,22,mass,1,520617.3728402275,2024-09-01,2160,22,4,3,4,1,0,0,0,1,1,95,408.0,10,20,34,52,188016.7132804504,389347.10503777646,575388.8607103113,901426.6257147704,18801.67132804504,16923.201785597394,33782.79922671963,0.9888779660777444,0,10,34,67,2,16,3,2,0.5956884414094299,0.3298559150916478,0.0744556434989223,16,10,-6,-0.375,261478.49332107173,188016.7132804504,-73461.78004062135,-0.2809476951911949,2,4,8,8,28,6,28,69,41,3,4,3,1,1,10,2,-8,-0.8,0,0,0,0,0,0,,,,,1,1,0,0.255627104178079,0.111383686836095,1,1,0,0,23.0,12642.60387789041,23636.09323905861,4514.576359843146,8128.027518047264,2142871.038650457,2082921.7824215817,medium_value,0,13,1,0,activity_drop,no_recent_complaints,medium_digital_engagement
2145,M,Astana,small_city,high,employee,low,32,31,affluent,1,736415.8555020891,2024-10-01,1230,31,4,0,3,1,0,0,0,0,1,201,,7,14,22,46,198549.254315478,352870.3345551361,797738.6685341259,1223056.059793863,28364.179187925423,36260.848569733,44461.362630725,0.9515489960510826,0,7,4,6,3,6,5,2,0.5841195148295643,0.2904011863175078,0.1254792988529278,10,7,-3,-0.3,402210.1636150352,198549.254315478,-203660.90929955727,-0.5063544577518083,0,0,0,0,0,1,0,136,119,0,0,0,0,0,8,0,-8,-1.0,0,0,0,0,0,0,,,,,0,1,1,0.3770046615278714,0.1562903267915803,0,0,1,0,49.0,17913.40535166186,41847.139095168975,4324.586259251904,13588.819092409954,1699051.5140806427,1455503.6288181625,medium_value,0,10,0,0,activity_drop,no_recent_complaints,low_digital_engagement
2296,M,Almaty,rural,medium,entrepreneur,medium,31,19,sme_owner,0,197384.01694432303,2024-10-01,1200,19,3,1,3,1,0,0,0,1,0,772,850.0,5,9,12,27,82524.39485720733,149687.37261918455,262652.8765745855,316196.2754010147,16504.878971441467,21887.739714548792,77750.28200705236,0.9840052751611192,0,1,12,14,1,6,2,1,0.5225676185469744,0.2903232301431068,0.1871091513099188,10,5,-5,-0.5,171121.95232449973,82524.39485720733,-88597.5574672924,-0.51774513008877,3,6,11,7,21,1,21,73,22,3,2,4,0,0,5,3,-2,-0.4,0,0,0,0,0,0,,,,,0,4,0,0.1485684605134007,0.0331449795327346,0,1,1,0,12.0,8081.007432704309,17630.52441481515,3705.570657574124,4375.436775130185,398859.7452047923,435673.2091276366,low_value,0,5,4,1,moderate_activity,no_recent_complaints,medium_digital_engagement
1834,M,Shymkent,rural,medium,employee,low,71,30,mass,1,331803.07617840124,2024-10-01,2400,30,2,3,2,1,0,0,0,0,1,368,226.0,6,14,19,51,70332.71358605869,180382.3978066373,200223.3126892057,631979.9053806309,11722.118931009782,10538.069088905564,25674.446477708432,0.9953971753798344,0,6,19,34,2,6,4,3,0.3845618994785374,0.5524981707299363,0.0629399297915262,8,6,-2,-0.25,89627.58110277777,70332.71358605869,-19294.86751671908,-0.2152782355533311,0,1,2,3,5,5,5,70,32,1,0,0,0,0,1,0,-1,-1.0,0,0,0,0,0,0,,,,,0,2,0,0.40023145122247,0.1716324011084826,1,0,0,0,47.0,6092.544562436344,12845.205591336153,3329.972288010398,2762.572274425945,624443.0158206199,685104.109174995,low_value,0,11,1,0,activity_drop,no_recent_complaints,low_digital_engagement
1356,M,Almaty,medium_city,low,employee,medium,19,40,mass,0,75610.2975314457,2024-10-01,840,40,0,4,0,1,0,0,0,1,0,350,374.0,3,7,12,26,4920.284629319271,13458.950290968163,30606.847963128123,49740.80568437524,1640.094876439757,2550.57066359401,9831.95266297538,0.9533769223386024,1,3,12,35,2,3,2,1,0.7046017511503392,0.1347521462625941,0.1606461025870666,4,3,-1,-0.25,7581.640981457909,4920.284629319271,-2661.3563521386386,-0.3510264280051512,1,6,7,6,21,5,21,19,2,2,2,2,0,0,5,1,-4,-0.8,0,1,0,0,0,0,4.328278941371536,3.0,71.0,,0,1,0,0.4468111071680195,0.1947490424948361,1,0,0,0,6.0,-1600.0679595427464,-3530.629639186581,1907.6160863206164,-3507.684045863363,173182.61658457253,191204.0401777777,low_value,0,4,1,0,activity_drop,no_recent_complaints,medium_digital_engagement
811,M,South_KZ,medium_city,high,employee,medium,68,43,affluent,0,473528.60727199423,2024-10-01,2310,43,1,2,1,1,0,0,1,1,0,738,635.0,1,2,5,15,13747.22115346266,31685.543433561583,82978.58763294196,287887.3977514858,13747.22115346266,16595.717526588393,49714.67121558656,0.956211629359177,0,1,5,24,1,1,0,0,0.4288163754457174,0.4093426368201248,0.1618409877341576,8,1,-7,-0.875,119111.90410295493,13747.22115346266,-105364.68294949226,-0.8845856654127519,1,2,4,4,13,3,13,72,42,2,2,3,1,1,9,1,-8,-0.8888888888888888,0,0,0,0,0,0,,,,,1,1,0,0.1123162883798341,0.0542259957970199,1,0,0,0,11.0,9991.568401925935,21395.021745341863,3569.53490043846,6422.0335014874745,775119.6576060809,745654.9515765589,medium_value,1,0,0,0,activity_drop,no_recent_complaints,medium_digital_engagement
2248,F,Karaganda,large_city,high,entrepreneur,medium,30,55,affluent,0,574188.047502215,2024-10-01,1170,55,4,1,2,1,0,1,1,1,0,139,845.0,14,20,23,48,187534.8711069385,281110.3704393649,282069.37867921614,542569.5485653332,13395.347936209891,12263.886029531135,38728.04905485768,0.9301310432302528,2,1,23,43,4,10,2,3,0.5782872972864461,0.3988108638025467,0.0229018389110071,16,14,-2,-0.125,205663.68373562023,187534.8711069385,-18128.81262868177,-0.088147855272233,6,12,16,9,31,1,31,32,43,4,1,5,1,2,10,6,-4,-0.4,0,0,0,0,0,0,,,,,0,1,0,0.3480283414001585,0.1601560025775633,0,1,1,0,54.0,18030.08508612092,35369.03423673977,4233.607647417375,13796.477438703549,2021929.7238714409,2068976.1748332672,medium_value,0,14,8,0,digital_active,no_recent_complaints,medium_digital_engagement
1289,M,Astana,large_city,medium,employee,low,49,49,mass,0,537154.2616269069,2024-10-01,1740,49,1,0,1,1,0,0,0,1,0,113,,4,8,16,28,80481.20637597959,176403.71926024085,426242.4163273154,674915.3979847344,20120.301593994896,26640.15102045721,34639.14347457699,0.9859850507142502,0,4,16,21,3,6,1,2,0.8226909609306648,0.0451346857432988,0.1321743533260362,6,4,-2,-0.3333333333333333,120955.79752132716,80481.20637597959,-40474.59114534759,-0.3346229943067509,3,5,7,10,10,6,10,4,48,1,0,3,0,0,4,3,-1,-0.25,0,0,0,0,0,0,,,,,0,0,0,,,0,0,0,0,,14275.195379314942,27435.785232335005,3224.1793219399087,11051.016057375033,930336.0442356988,875138.0187738695,medium_value,0,4,1,0,transaction_active,no_recent_complaints,low_digital_engagement
663,M,Almaty,medium_city,low,unemployed,high,49,61,mass,0,156772.7464252187,2024-10-01,1740,61,2,0,2,1,0,0,0,1,1,749,,4,9,14,30,30129.09540570593,55424.141280479285,84629.05530866665,250929.00638799588,7532.273851426484,6044.932522047618,23775.429304833066,0.9496600037047856,2,2,14,45,1,3,2,2,0.599109206773202,0.1372144323821753,0.2636763608446226,6,4,-2,-0.3333333333333333,36717.05492185701,30129.09540570593,-6587.959516151073,-0.1794250527492437,5,8,12,15,38,2,38,22,19,2,6,16,1,0,7,5,-2,-0.2857142857142857,0,0,0,0,0,0,,,,,0,1,0,0.3436779953221759,0.0718606847653799,0,1,0,0,49.0,7456.273598309037,14835.091501575214,3772.860133750413,3683.413464558624,397813.5465324184,357173.39369438804,low_value,0,1,4,1,moderate_activity,no_recent_complaints,medium_digital_engagement
508,F,Almaty,large_city,high,employee,medium,33,41,affluent,1,648914.0656545828,2024-10-01,1260,41,2,0,2,1,1,0,1,1,1,639,,9,15,20,37,327816.0368479789,338426.6222806274,635951.9485405387,1338812.7853482368,36424.00409421988,31797.597427026933,70316.00897683222,1.0,0,9,14,54,3,8,4,2,0.3442903315049897,0.3526559059758672,0.3030537625191431,13,9,-4,-0.3076923076923077,466651.9546588102,327816.0368479789,-138835.91781083134,-0.297514917541362,5,7,8,6,24,2,24,79,40,1,3,9,1,0,6,5,-1,-0.1666666666666666,0,0,0,0,0,0,,,,,1,2,1,0.2609288170026161,0.0681103401076472,1,1,1,0,25.0,12273.8409807181,23336.862807405563,2292.694642948627,9981.146337769474,2429051.6383086094,2402061.5737867025,medium_value,0,12,5,1,transaction_active,no_recent_complaints,medium_digital_engagement
319,M,Shymkent,large_city,premium,unemployed,medium,30,50,premium,0,1352087.7038520952,2024-10-01,1170,50,3,0,3,1,0,0,0,1,0,694,,0,5,9,31,0.0,460131.56385118095,529904.8444689234,2422850.808448998,0.0,58878.3160521026,195471.46683659984,0.9625587447685626,0,0,9,64,1,4,1,1,0.7269566294578556,0.1790876262319714,0.093955744310173,1,0,-1,-1.0,80023.49447070555,0.0,-80023.49447070555,-1.0,3,5,5,13,17,3,17,4,40,3,3,7,1,1,6,3,-3,-0.5,0,0,0,0,0,0,,,,,1,1,1,0.1892140168995559,0.0447782286962334,1,0,0,0,51.0,26724.607566081377,50208.3061307301,3394.7931047295137,23329.814461351863,3005479.811708736,3341950.464641332,high_value,0,6,3,0,activity_drop,no_recent_complaints,medium_digital_engagement
2019,F,Atyrau,large_city,medium,self_employed,low,71,44,mass,0,412920.7074952388,2024-10-01,2400,44,2,0,2,1,0,0,0,0,0,692,,2,5,7,30,56512.568175811655,194688.1745437536,226179.46929079812,1248235.8459426267,28256.284087905828,32311.35275582832,107288.39688553428,0.9893805351286472,0,1,1,24,1,2,1,1,0.8220492962585351,0.0654848707820606,0.1124658329594043,7,2,-5,-0.7142857142857143,344728.0967658492,56512.568175811655,-288215.5285900375,-0.8360662542276126,0,0,0,0,1,1,1,171,77,0,0,0,0,0,7,0,-7,-1.0,0,0,0,0,0,0,,,,,0,1,0,0.2645920455030053,0.0699281106911217,1,0,1,0,40.0,10055.372399148331,19435.44846035312,2675.661027736456,7379.711371411877,292406.6039293747,260657.9523826652,medium_value,1,0,0,0,activity_drop,no_recent_complaints,low_digital_engagement
219,F,Almaty,large_city,high,employee,medium,79,19,affluent,0,1050920.147270744,2024-10-01,2640,19,2,1,2,1,0,0,0,1,0,650,351.0,2,5,10,23,134359.06403060313,461169.6021292632,780660.9853113332,1698337.7442098465,67179.53201530156,78066.09853113332,150033.87891584946,0.967862980762295,0,2,10,53,2,4,1,1,0.875816939962914,0.0497271126304157,0.0744559474066702,4,2,-2,-0.5,238329.123386771,134359.06403060313,-103970.05935616788,-0.4362457171775884,3,4,8,9,24,5,24,12,55,1,3,2,1,1,3,3,0,0.0,0,0,0,0,0,0,,,,,0,1,0,0.2329708528944176,0.0281680783075764,0,0,1,0,10.0,23682.23708863246,44027.16994179408,2581.448241822578,21100.788846809883,1005878.631891154,1012543.7003142284,high_value,0,1,4,0,moderate_activity,no_recent_complaints,medium_digital_engagement
2096,M,North_KZ,large_city,medium,employee,medium,39,74,mass,0,298338.14520662744,2024-10-01,1440,74,2,2,1,1,0,0,0,1,0,226,390.0,5,8,12,22,96960.51284737536,161274.87105827968,233384.0146610187,619930.0840227902,19392.10256947507,19448.667888418226,57015.10103983185,0.9284482256724036,2,5,12,45,1,6,2,2,0.6856001540838031,0.2456812867679071,0.0687185591482896,7,5,-2,-0.2857142857142857,120709.56431287392,96960.51284737536,-23749.05146549857,-0.1967453995935406,5,11,16,16,34,6,34,77,27,2,3,13,1,1,7,5,-2,-0.2857142857142857,0,0,0,0,0,0,,,,,1,2,0,0.3097712395302412,0.1390097315821754,1,0,0,0,52.0,8245.574062229845,18701.60237026369,2449.48115279196,5796.092909437885,532856.3235015466,607333.1634791158,medium_value,0,6,12,1,digital_active,no_recent_complaints,medium_digital_engagement
49,F,Astana,large_city,low,unemployed,low,75,37,mass,0,120524.18382246804,2024-10-01,2520,37,0,1,0,1,0,0,0,0,1,238,891.0,3,7,13,25,15721.777312602484,33953.7895005882,77674.5693503662,133766.2454563719,5240.592437534161,5974.966873105092,26114.66656494462,0.9710297788568856,1,3,13,27,1,4,3,2,0.3384862897983626,0.6428925056254973,0.0186212045761402,6,3,-3,-0.5,29646.451345142737,15721.777312602484,-13924.674032540252,-0.4696910895145522,4,5,8,5,14,1,7,24,56,1,1,5,1,0,6,4,-2,-0.3333333333333333,1,1,0,0,0,0,3.7098919989016617,2.0,19.0,,2,3,0,0.117270041436191,0.0459412997784758,1,2,1,1,64.0,3186.199581660149,6855.750873584359,2560.885927018076,625.3136546420733,538538.4038888123,600746.7462311661,low_value,0,6,1,1,moderate_activity,no_recent_complaints,low_digital_engagement
669,M,Almaty,medium_city,low,employee,medium,19,54,mass,1,168830.48312857313,2024-10-01,840,54,0,0,0,1,0,0,1,1,1,43,,6,11,15,23,29404.670007403525,64378.06907235691,85464.78791758567,154878.83258493486,4900.778334567254,5697.6525278390445,25430.903085606707,1.0,0,6,15,63,1,5,2,2,0.3853696428679818,0.5453972856216144,0.0692330715104037,15,6,-9,-0.6,111663.39132836615,29404.670007403525,-82258.72132096265,-0.7366668730225663,4,6,7,7,25,2,17,11,45,2,4,9,1,1,8,4,-4,-0.5,0,0,0,0,0,0,,,,,2,2,1,0.3580294081942998,0.1023084383070185,0,2,0,0,28.0,-1238.516424577304,-2243.49406097153,1943.8598561098647,-3182.3762806871687,457524.0366064198,474229.9945144172,low_value,0,5,2,1,activity_drop,no_recent_complaints,medium_digital_engagement
2138,F,Aktobe,large_city,high,entrepreneur,medium,36,42,affluent,0,780263.1747363383,2024-10-01,1350,42,2,0,1,1,0,0,0,1,0,638,,5,11,18,31,245263.7576500713,535217.9830849937,760193.6401905605,1366691.227872274,49052.751530014255,42232.980010586696,103156.34191566677,0.9522643202899576,0,5,18,2,2,8,2,2,0.5047875917075042,0.1264511082920703,0.3687613000004253,6,5,-1,-0.1666666666666666,304019.94766551565,245263.7576500713,-58756.19001544439,-0.1932642593573769,4,7,8,10,21,5,21,74,14,1,2,3,0,1,5,4,-1,-0.2,0,0,0,0,0,0,,,,,1,2,2,0.1308976651004485,0.0514215903777695,1,0,1,0,25.0,13947.161552743431,25871.149585123083,3220.6610125653715,10726.500540178062,3975018.044985714,3659958.7204987314,medium_value,0,12,8,0,transaction_active,no_recent_complaints,medium_digital_engagement
2311,F,Shymkent,large_city,medium,retired,high,22,35,pensioner,0,389420.298814792,2024-10-01,930,35,0,1,0,1,0,0,0,1,0,871,240.0,6,12,16,31,100919.12621647016,158916.53535555565,229053.3184338512,382292.16131659393,16819.854369411692,14315.8324021157,62197.94303711268,0.9530730276874222,0,5,16,19,3,6,3,1,0.7988401610998274,0.1102842191095573,0.0908756197906153,9,6,-3,-0.3333333333333333,114628.45355655272,100919.12621647016,-13709.327340082573,-0.1195979437454329,7,9,15,15,41,6,41,42,35,6,4,8,1,2,8,7,-1,-0.125,0,0,0,0,0,0,,,,,0,0,0,,,0,0,0,0,,6670.808285633189,11829.72103721357,2115.676181799154,4555.132103834036,832108.3140567616,903254.6623982122,low_value,0,9,9,0,digital_active,no_recent_complaints,digital_power_user
1937,M,East_KZ,rural,low,retired,low,32,30,pensioner,0,138142.87299492772,2024-10-01,1230,30,2,0,1,1,0,0,1,0,0,668,,9,13,21,39,61915.71965132294,84739.32659008913,149969.2969884536,270884.2540686224,6879.524405702549,7141.395094688267,30059.20724363945,0.9898675054391726,0,1,21,55,3,8,3,1,0.4641789966399933,0.2958514950047174,0.2399695083552892,11,9,-2,-0.1818181818181818,67324.7996032757,61915.71965132294,-5409.07995195275,-0.080343053136835,0,1,4,0,7,3,7,25,77,1,1,2,0,0,7,0,-7,-1.0,0,0,0,0,0,0,,,,,1,1,0,0.2486064100122373,0.1017222839455247,1,0,0,0,59.0,4001.0847752417,9049.75333873962,2980.5315704000764,1020.553204841624,260812.988035966,253887.3676702208,low_value,0,9,1,0,activity_drop,no_recent_complaints,low_digital_engagement
867,F,Aktobe,small_city,low,employee,medium,65,56,mass,1,166994.81124456407,2024-10-01,2220,56,2,2,2,1,0,0,0,1,1,293,799.0,9,12,20,46,91237.2145176282,84886.33476037056,200660.7246865465,373157.51438534656,10137.468279736468,10033.036234327326,40714.79040999591,0.9741635917494564,2,9,20,10,2,7,3,2,0.6681352730315194,0.235644631535838,0.0962200954326424,10,9,-1,-0.1,81839.49577038093,91237.2145176282,9397.718747247272,0.1148310929678095,2,3,8,9,27,8,27,28,60,2,2,11,1,2,2,2,0,0.0,0,0,0,0,0,0,,,,,1,3,0,0.3147099370967362,0.1503111766486879,2,2,1,1,66.0,5256.169144146846,11745.742661222816,2298.986821771119,2957.1823223757265,257337.8584010669,283701.8731142224,low_value,0,6,2,0,transaction_active,no_recent_complaints,medium_digital_engagement
2257,F,Astana,medium_city,medium,entrepreneur,medium,65,39,sme_owner,0,353691.0152182327,2024-10-01,2220,39,2,0,2,1,0,0,1,1,1,310,,4,11,16,28,132583.4735138392,413821.84748008574,571124.3602481629,806894.2033699506,33145.8683784598,35695.27251551018,50752.64716871024,0.9669042176938454,0,4,16,11,3,5,2,1,0.6578506279565942,0.2094031970060454,0.1327461750373602,7,4,-3,-0.4285714285714285,221754.5545410025,132583.4735138392,-89171.08102716334,-0.4021161198322786,4,5,7,9,22,4,22,56,32,3,3,8,0,0,4,4,0,0.0,0,0,0,0,0,0,,,,,0,1,0,0.2097572575849153,0.0986373977231386,0,1,0,0,88.0,7201.131821060134,15250.327544828666,3592.756413689068,3608.375407371066,832342.1684747912,827020.9900016155,low_value,0,9,2,0,transaction_active,no_recent_complaints,medium_digital_engagement
169,M,Karaganda,large_city,medium,retired,medium,59,48,pensioner,0,411783.1472947229,2024-10-01,2040,48,1,0,1,1,0,0,0,1,0,379,,3,3,5,22,21006.21938451501,24934.5776649415,30656.702254634387,227132.670930291,7002.07312817167,6131.340450926878,17451.175296798436,0.9929699057357452,0,3,5,74,1,1,1,1,0.6682612253207195,0.2302554632917195,0.1014833113875608,7,3,-4,-0.5714285714285714,56790.24006538966,21006.21938451501,-35784.02068087465,-0.6301086355625907,2,4,6,11,24,2,24,70,48,1,1,2,1,0,4,2,-2,-0.5,0,0,0,0,0,0,,,,,2,2,1,0.3459974282166185,0.1037471603833061,1,0,0,0,51.0,8379.55382601907,15940.9038762423,3479.3794071415064,4900.174418877563,1689161.5295196571,1699611.2184063415,low_value,0,3,0,0,activity_drop,no_recent_complaints,medium_digital_engagement
1259,F,South_KZ,medium_city,medium,employee,low,50,29,mass,1,268011.4894821782,2024-10-01,1770,29,2,1,2,1,1,0,0,1,1,737,220.0,6,10,17,41,65600.84632877247,147049.49330731263,170270.635451728,511244.9616153917,10933.474388128743,10015.91973245459,30776.2654795376,0.9568219296264284,1,6,17,10,2,6,3,3,0.7102965248135035,0.15622030383695,0.1334831713495465,6,6,0,0.0,92310.62417550996,65600.84632877247,-26709.77784673749,-0.2893467364704874,2,2,4,12,10,8,10,27,2,1,1,2,0,0,4,2,-2,-0.5,0,0,0,0,0,0,,,,,0,0,0,,,0,0,0,0,,9138.740555511928,19768.850718646623,3688.500780466988,5450.23977504494,327328.53021640814,329815.79978145513,medium_value,0,9,1,0,transaction_active,no_recent_complaints,low_digital_engagement
510,M,Atyrau,medium_city,medium,entrepreneur,medium,28,42,sme_owner,0,349285.4338628823,2024-10-01,1110,42,1,1,1,1,0,0,0,1,0,143,880.0,3,4,8,18,18305.930833210256,27918.01074292713,40024.89707693015,103042.69256446928,6101.976944403418,5003.112134616268,7719.769640978739,0.9660986820417602,0,3,8,46,1,2,1,1,0.8695300956824967,0.0708009472861415,0.0596689570313615,3,3,0,0.0,13790.140225086088,18305.930833210256,4515.790608124169,0.3274651696368794,4,6,9,15,18,6,18,33,64,1,1,5,1,1,5,4,-1,-0.2,0,0,0,0,0,0,,,,,0,3,1,0.1605009746681104,0.0494027153469947,1,1,1,0,35.0,5417.139146207849,10072.99034487516,3008.9953069639173,2408.143839243932,386410.1178773056,400602.4550699714,low_value,0,4,1,0,moderate_activity,no_recent_complaints,medium_digital_engagement
368,F,Karaganda,small_city,low,employee,medium,57,39,mass,1,119100.44738999072,2024-10-01,1980,39,2,0,2,0,0,0,0,1,1,700,,9,14,23,48,29746.014011078067,39096.76471458139,69846.4512480819,150926.6302127653,3305.112667897563,3036.802228177474,7694.823859788957,1.0,0,9,14,74,2,8,3,2,0.397370739542207,0.347632044995378,0.2549972154624152,10,9,-1,-0.1,30184.296645869406,29746.014011078067,-438.28263479133966,-0.0145202202301876,3,5,11,14,28,1,28,71,43,3,4,11,0,1,4,3,-1,-0.25,0,0,0,0,0,0,,,,,0,2,1,0.0726121379213447,0.0171536512797498,1,1,0,0,62.0,4174.192336780655,8260.833858562533,3220.009011473521,954.1833253071336,214497.9271293116,182399.71934681048,low_value,0,15,2,0,transaction_active,no_recent_complaints,medium_digital_engagement
1628,M,Shymkent,medium_city,medium,unemployed,medium,82,36,mass,0,330273.15195860475,2024-10-01,2730,36,2,1,2,1,0,0,0,1,0,68,251.0,4,12,16,28,68136.09928127665,171105.3462516431,248182.31225593723,324908.43560936337,17034.024820319162,15511.394515996077,20173.37982466715,0.9417027413977116,3,4,16,37,2,4,3,3,0.625533886869127,0.321513498221058,0.052952614909815,4,4,0,0.0,55939.93930848451,68136.09928127665,12196.159972792142,0.2180224026618193,3,7,10,12,22,4,22,8,68,3,1,9,1,1,4,3,-1,-0.25,0,0,0,0,0,0,,,,,0,0,0,,,0,0,0,0,,6877.560712929628,12441.571380753998,3777.62812511204,3099.932587817588,581866.0459239666,598805.6423059562,low_value,0,5,5,1,transaction_active,no_recent_complaints,medium_digital_engagement
1421,F,Almaty,large_city,medium,entrepreneur,high,57,26,sme_owner,0,360592.068946488,2024-10-01,1980,26,2,0,2,1,1,0,0,1,0,504,,7,12,15,26,133212.20730280047,157229.00023656787,340794.6787501822,312663.6883318492,19030.315328971494,22719.64525001215,95780.24723243316,0.9320773359050616,2,7,15,57,2,4,1,1,0.716109822652617,0.1364602129480568,0.1474299643993261,9,7,-2,-0.2222222222222222,150467.02803713357,133212.20730280047,-17254.8207343331,-0.1146750949987183,6,11,15,14,50,8,50,51,43,4,6,19,2,2,7,6,-1,-0.1428571428571428,0,0,0,0,0,0,,,,,1,1,1,0.4998449956682576,0.0651654979157355,1,0,0,1,49.0,10876.505727146496,22832.85808627423,2648.891109102556,8227.61461804394,943474.9336533888,867381.2410865184,medium_value,0,5,6,0,digital_active,no_recent_complaints,digital_power_user
1881,F,Shymkent,large_city,medium,self_employed,medium,65,56,mass,0,301334.37401896063,2024-10-01,2220,56,3,1,3,1,0,0,0,1,0,771,788.0,6,18,24,41,52554.14252593766,140685.1563064013,225034.8340070432,293913.5158755547,8759.023754322943,9376.45141696013,26475.994217146905,0.9454890795074568,0,6,24,39,4,10,5,4,0.5398654758525671,0.3335016691453492,0.1266328550020836,7,6,-1,-0.1428571428571428,50090.41941902569,52554.14252593766,2463.723106911973,0.0491855156232967,1,1,4,8,8,6,8,35,17,0,1,1,0,1,2,1,-1,-0.5,0,0,0,0,0,0,,,,,1,1,0,0.5217853134523017,0.1101174841472955,0,0,1,0,69.0,9547.142306530695,16655.19622265699,4056.471671452685,5490.670635078011,748704.4383501918,679709.0625586682,medium_value,0,11,1,0,transaction_active,no_recent_complaints,medium_digital_engagement
1991,M,Shymkent,large_city,medium,retired,high,79,46,pensioner,0,308335.34065219254,2024-10-01,2640,46,1,0,1,1,0,0,0,1,0,624,,4,11,16,27,33657.5625326047,77605.12895641428,111303.4871049614,201019.1232062564,8414.390633151175,6956.467944060087,19565.83112700466,0.990552131805176,0,4,16,38,2,7,3,3,0.4964144156356796,0.1372412305527407,0.3663443538115797,7,4,-3,-0.4285714285714285,67862.93223502865,33657.5625326047,-34205.36970242395,-0.5040361295318189,5,9,12,14,38,2,38,11,15,6,6,11,1,1,6,5,-1,-0.1666666666666666,0,1,0,0,0,0,3.123529366965472,2.0,74.0,,0,1,0,0.3442290324072603,0.1171043268651735,1,1,0,0,38.0,7850.327613906003,18403.97140301257,3075.5444724180365,4774.783141487966,246530.3299806105,226687.44038487785,low_value,0,6,8,0,transaction_active,no_recent_complaints,medium_digital_engagement
1058,M,South_KZ,medium_city,medium,employee,high,51,20,mass,1,237840.17711516708,2024-10-01,1800,20,1,1,1,1,0,0,1,1,1,472,565.0,4,9,16,27,80254.85508122496,171145.77116693632,360690.3363852502,713710.2733005764,20063.71377030624,22543.14602407813,34426.78259876002,1.0,0,4,16,62,1,3,2,3,0.4761060329720151,0.3449731988452974,0.1789207681826875,4,4,0,0.0,59551.29046496965,80254.85508122496,20703.56461625531,0.347659378236882,7,13,18,20,41,2,40,16,3,7,3,16,1,2,8,7,-1,-0.125,0,0,0,0,0,0,,,,,1,1,0,0.1033074423048865,0.019302088958171,0,1,0,0,67.0,8122.552918685466,16243.357934969512,2581.36749488253,5541.185423802936,450841.3698625562,501668.8961919198,medium_value,0,4,3,0,digital_active,no_recent_complaints,digital_power_user
839,M,Astana,medium_city,medium,employee,high,26,39,mass,1,379911.54762423504,2024-10-01,1050,39,0,0,0,1,0,0,1,1,1,400,,7,12,17,36,236858.42401946243,387280.228611645,560313.2015486355,1044959.1045213824,33836.91771706606,32959.6000910962,115131.725690552,0.9393626855216958,0,4,11,61,3,7,1,3,0.5683581368413296,0.3166927917691181,0.114949071389552,9,7,-2,-0.2222222222222222,281154.7001151191,236858.42401946243,-44296.27609565668,-0.1575512558656124,3,8,11,14,36,6,36,8,55,2,5,7,1,1,5,3,-2,-0.4,0,0,0,0,0,0,,,,,0,1,0,0.1813670917354053,0.0892599729737892,1,0,0,0,15.0,7345.66852864158,14569.87594159015,2661.2480986226005,4684.42043001898,422154.6121428013,384316.9585136703,low_value,0,9,3,0,transaction_active,no_recent_complaints,medium_digital_engagement
1848,F,South_KZ,large_city,high,employee,high,58,46,affluent,1,693622.1015536094,2024-10-01,2010,46,2,0,1,1,0,1,1,1,1,269,,8,11,26,41,285186.58237873454,498915.186009487,1113471.7864175702,1914710.3265819503,35648.32279734182,42825.83793913732,157334.65836699287,1.0,0,8,26,73,4,11,4,3,0.8626149754745371,0.1045921520958162,0.0327928724296466,10,8,-2,-0.2,407576.1367405111,285186.58237873454,-122389.55436177657,-0.3002863596003353,4,8,10,14,30,7,28,64,7,5,3,7,1,1,4,4,0,0.0,0,0,0,0,0,0,,,,,0,0,0,,,0,0,0,0,,15961.845074100083,36028.25856790261,2967.237954747832,12994.607119352251,1416029.9489212052,1393086.494910316,medium_value,0,1,4,0,transaction_active,no_recent_complaints,medium_digital_engagement
600,F,Almaty,medium_city,high,retired,medium,82,24,affluent,0,806475.9524271833,2024-10-01,2730,24,1,1,1,0,0,0,1,1,0,639,5.0,4,8,12,19,278892.1965730528,434662.9527191639,661536.0151721274,1625179.4423372585,69723.04914326318,55128.00126434395,183937.64826338025,0.928660590718281,0,1,11,38,1,6,2,2,0.696185939913771,0.2575615198052786,0.0462525402809503,10,4,-6,-0.6,627298.1995253717,278892.1965730528,-348406.00295231893,-0.5554073058330646,3,3,4,10,15,6,15,79,16,2,2,4,0,1,12,3,-9,-0.75,0,0,0,0,0,0,,,,,2,2,0,0.2404065314916249,0.0224325101591765,0,0,0,0,86.0,18770.865406806974,39574.93424070526,2871.9567388443493,15898.908667962623,3392849.21031526,3808579.6871481766,high_value,0,8,3,0,activity_drop,no_recent_complaints,medium_digital_engagement
1921,F,Astana,small_city,low,entrepreneur,high,26,37,sme_owner,0,120351.47734187637,2024-10-01,1050,37,3,1,2,1,0,0,0,1,1,313,248.0,9,19,30,47,57696.17773863243,136317.0831061045,200673.6001927759,303379.16959088447,6410.686415403604,6689.120006425863,26876.71796211209,0.9714396914816996,0,9,30,45,5,12,7,3,0.5057758491467166,0.3460489702271949,0.1481751806260885,11,9,-2,-0.1818181818181818,73863.57180521826,57696.17773863243,-16167.394066585832,-0.2188818340550876,2,9,14,10,40,7,40,57,36,3,5,11,1,2,4,2,-2,-0.5,0,0,0,0,0,0,,,,,0,1,0,0.1396399899326083,0.0244193686167034,1,1,0,0,43.0,7443.756343020392,15556.586771972958,4496.775181457138,2946.9811615632534,168847.67113919347,158579.35892252985,low_value,0,17,5,0,transaction_active,no_recent_complaints,medium_digital_engagement
1312,F,Almaty,small_city,premium,self_employed,high,58,27,premium,0,1653209.184610446,2024-10-01,2010,27,4,0,4,1,1,1,1,1,0,293,,4,13,24,52,350211.89476051816,1159361.0656190512,1879165.850204585,4376904.645613171,87552.97369012954,78298.57709185772,186188.9007147021,0.922293096311,0,4,24,29,3,10,2,3,0.7350172614341296,0.0970035757809676,0.1679791627849026,6,4,-2,-0.3333333333333333,540383.2062271903,350211.89476051816,-190171.31146667217,-0.3519193588460991,1,9,11,11,31,7,31,35,46,3,4,5,1,1,3,1,-2,-0.6666666666666666,0,0,0,0,0,0,,,,,0,1,0,0.1448459446288998,0.0419945368921064,0,1,1,0,66.0,33824.50980725174,69959.91480748,5079.259592926549,28745.250214325195,2872367.075607988,2525847.9945007903,high_value,0,5,4,0,activity_drop,no_recent_complaints,medium_digital_engagement
1337,M,Aktobe,medium_city,medium,employee,high,37,60,mass,0,291143.28505737154,2024-10-01,1380,60,1,0,1,1,1,0,0,1,0,727,,2,7,7,20,11663.98945085147,44656.13783945244,36901.24884755901,123756.380827401,5831.994725425735,5271.606978222716,6686.194163046418,0.9935193770987696,0,2,7,1,1,1,1,1,0.795621221549184,0.1873815690512038,0.0169972093996121,3,2,-1,-0.3333333333333333,16523.659606222773,11663.98945085147,-4859.670155371303,-0.2941037440362885,5,10,12,16,32,7,32,13,31,4,4,3,1,2,6,5,-1,-0.1666666666666666,0,0,0,0,0,0,,,,,1,2,1,0.3206948988926953,0.0929827380289062,1,0,0,0,58.0,5470.5561113711,11888.400131947605,2063.6211684199225,3406.9349429511776,338718.63071492774,306080.23163223313,low_value,0,4,3,0,moderate_activity,no_recent_complaints,medium_digital_engagement
1134,F,Astana,large_city,medium,unemployed,low,65,49,mass,0,299139.3144326869,2024-10-01,2220,49,1,3,1,1,0,0,0,0,1,401,353.0,4,9,15,29,63527.95057817047,132692.05810637336,258913.93505308527,374094.281430341,15881.987644542618,17260.92900353902,23878.35753579337,0.9495446296191647,0,4,15,45,1,7,3,2,0.8184486800481974,0.0759612447179365,0.1055900752338661,7,4,-3,-0.4285714285714285,132511.4955278526,63527.95057817047,-68983.54494968211,-0.5205853626124268,3,5,7,4,12,4,12,39,70,1,1,2,1,1,5,3,-2,-0.4,0,0,0,0,0,0,,,,,1,1,0,0.2525574508587668,0.0901231049345466,1,1,0,0,17.0,5305.179760208354,11180.719070057505,3099.1955980850094,2205.984162123345,767583.9683047995,693000.9132601353,low_value,0,5,7,0,transaction_active,no_recent_complaints,low_digital_engagement
820,M,Astana,large_city,medium,employee,low,27,59,mass,0,333390.6184288646,2024-10-01,1080,59,2,1,2,1,0,0,1,0,0,361,539.0,6,14,17,34,68019.1822722476,169777.44695270195,208360.22571007608,406508.6156785704,11336.530378707934,12256.483865298593,20192.485707943,0.959189562121147,0,6,17,37,2,3,4,2,0.7074094057013234,0.2015581956241369,0.0910323986745398,9,6,-3,-0.3333333333333333,123040.01252795216,68019.1822722476,-55020.83025570454,-0.4471783538156333,2,4,4,3,12,1,12,31,48,2,2,3,0,0,5,2,-3,-0.6,0,0,0,0,0,0,,,,,0,1,0,0.5049682183241037,0.1469138133602341,1,0,0,0,35.0,6889.548698768545,13940.581376486063,3396.81520334956,3492.733495418985,919759.7716318014,1025305.3670620568,low_value,0,13,4,0,activity_drop,no_recent_complaints,low_digital_engagement
2174,M,Astana,medium_city,medium,self_employed,medium,38,25,mass,0,381295.3295497526,2024-10-01,1410,25,2,0,2,1,0,0,0,1,0,196,,5,8,11,24,111881.60006072692,217269.00908409103,237797.0848093641,543874.4200914442,22376.32001214538,21617.91680085128,38275.706288565256,0.944407578964638,0,3,11,1,2,5,1,2,0.5186010283446291,0.0432733121183035,0.4381256595370673,5,5,0,0.0,128907.0064164238,111881.60006072692,-17025.40635569689,-0.1320751045967018,5,7,9,11,25,4,2,38,40,3,3,4,1,1,7,5,-2,-0.2857142857142857,0,0,0,0,0,0,,,,,4,4,0,0.3969814422803203,0.181887507591883,3,1,0,2,23.0,8093.486519043839,17341.583108673334,3856.440950719575,4237.045568324265,548142.7686455679,611523.2816949794,low_value,0,6,1,0,moderate_activity,no_recent_complaints,medium_digital_engagement
528,F,South_KZ,large_city,medium,self_employed,medium,35,43,mass,0,345670.56704115454,2024-10-01,1320,43,0,1,0,1,0,0,0,1,0,51,801.0,4,7,11,21,42893.112322012894,121342.46135568785,158733.2938210047,255809.14060492843,10723.278080503223,14430.299438273156,41816.55056974968,1.0,0,4,11,65,2,4,1,1,0.5628605388870536,0.2889679337005122,0.1481715274124341,5,4,-1,-0.2,57516.50902987542,42893.112322012894,-14623.396707862528,-0.2542469449991618,1,4,5,7,20,2,20,62,73,2,3,6,0,1,2,1,-1,-0.5,0,0,0,0,0,0,,,,,0,1,0,0.3595728192728488,0.0303590827886739,0,0,0,0,39.0,7311.770428779266,15445.42144200904,2444.36954400388,4867.400884775387,387869.7970017135,341578.83920146,low_value,0,2,3,0,moderate_activity,no_recent_complaints,medium_digital_engagement
2055,M,Astana,large_city,low,retired,medium,34,35,pensioner,0,177097.85565578466,2024-10-01,1290,35,0,0,0,1,0,0,0,1,0,107,,2,3,9,16,13455.128175060145,30303.643759045783,68357.63620700497,159927.6686815739,6727.564087530071,7595.292911889441,22064.27539375604,0.9759856194563936,0,2,9,11,1,3,2,1,0.8380411701158804,0.1268413105838253,0.0351175193002942,4,2,-2,-0.5,31437.28513939937,13455.128175060145,-17982.15696433923,-0.572000949973977,2,5,7,9,20,3,20,25,16,3,2,6,0,1,8,2,-6,-0.75,0,0,0,0,0,0,,,,,0,0,0,,,0,0,0,0,,1913.820187370704,3623.0549434575696,2764.386161068443,-850.5659736977389,258183.7709942353,234167.78836699884,low_value,0,2,2,0,activity_drop,no_recent_complaints,medium_digital_engagement
1367,M,Karaganda,medium_city,low,employee,medium,18,35,mass,0,141715.4644743408,2024-10-01,810,35,3,2,1,0,0,0,0,1,0,118,238.0,4,11,16,35,34377.699322316155,90462.78858958378,185065.52906476703,346473.4965335244,8594.424830579039,11566.59556654794,28173.67259095171,0.9764931955389556,0,4,16,25,2,4,2,1,0.3760925862871108,0.474865107998042,0.1490423057148474,5,4,-1,-0.2,41195.00333298005,34377.699322316155,-6817.304010663895,-0.1654886141302013,3,5,8,11,22,2,17,67,38,2,3,8,1,0,4,3,-1,-0.25,0,0,0,0,0,0,,,,,1,2,0,0.5168556655574157,0.192256518551778,1,1,0,0,13.0,4813.665533725648,10155.251703218735,3474.072767440838,1339.5927662848098,287148.7141694168,266850.7608962866,low_value,0,5,2,0,transaction_active,no_recent_complaints,medium_digital_engagement
618,M,Aktobe,small_city,medium,self_employed,high,60,51,mass,0,363639.5312133668,2024-10-01,2070,51,1,2,1,1,0,0,0,1,0,396,530.0,2,11,12,23,20568.10003669282,123872.02587380836,129125.93474573323,214377.7797545015,10284.05001834641,10760.494562144437,32926.592724932045,0.9217926097067168,1,2,12,70,2,5,2,1,0.5187689931399415,0.4595669302915273,0.021664076568531,3,2,-1,-0.3333333333333333,32917.86132755877,20568.10003669282,-12349.76129086595,-0.3751690053000726,4,11,18,20,41,6,41,75,52,6,3,7,2,2,6,4,-2,-0.3333333333333333,0,0,0,0,0,0,,,,,0,0,0,,,0,0,0,0,,9518.319688054464,21664.155736874647,3014.830765720254,6503.48892233421,2482839.9503168506,2585801.0574580217,medium_value,0,5,4,1,digital_active,no_recent_complaints,digital_power_user
439,F,Almaty,rural,low,retired,high,59,27,pensioner,0,160295.52080671184,2024-10-01,2040,27,2,0,2,1,0,0,0,1,1,32,,4,7,13,24,16797.31224896923,51310.34861237304,78525.59447572206,161446.2729642576,4199.328062242307,6040.430344286312,15965.995745884076,0.9999207640557852,0,4,13,11,2,3,3,1,0.3081995485972812,0.3943979622041428,0.2974024891985759,8,4,-4,-0.5,36678.24685874571,16797.31224896923,-19880.934609776483,-0.5420361198380449,3,8,9,16,27,3,27,55,10,2,2,4,1,1,8,3,-5,-0.625,0,0,0,0,0,0,,,,,0,1,0,0.2679932359821503,0.0846783813531605,0,0,0,0,58.0,6913.402459495216,14186.638565294812,3663.978483890306,3249.42397560491,451923.12392790505,516503.0633145362,low_value,0,8,6,0,activity_drop,no_recent_complaints,medium_digital_engagement
1969,M,North_KZ,medium_city,medium,employee,medium,63,34,mass,1,210148.38482907845,2024-10-01,2160,34,3,0,1,1,1,0,1,1,1,176,,7,17,28,59,66734.59515523011,128560.22552869956,267619.53535848163,463375.9976839327,9533.513593604304,9557.8405485172,28986.850633711183,0.9767395083169732,0,3,28,4,4,13,5,5,0.1962667885132025,0.5062809965326058,0.2974522149541915,10,7,-3,-0.3,107118.87383635897,66734.59515523011,-40384.27868112885,-0.3770043245863678,3,7,9,7,23,8,23,12,32,1,3,3,1,0,6,3,-3,-0.5,0,0,0,0,0,0,,,,,0,4,0,0.4844334333832615,0.1517961424147437,2,0,1,0,79.0,8590.976942379442,19588.55636184033,3459.6583301663213,5131.318612213121,351966.7865265595,377290.3469997956,medium_value,0,12,4,0,transaction_active,no_recent_complaints,medium_digital_engagement
441,F,North_KZ,large_city,low,employee,medium,55,48,mass,1,187453.64344113803,2024-10-01,1920,48,3,0,1,0,0,0,0,1,1,349,,9,16,26,51,76912.07396554762,205557.6244610017,372871.1159738996,644580.3160102774,8545.785996171959,14341.196768226906,36482.35165850358,0.9232131936218072,0,9,26,27,3,10,6,4,0.3711226257782256,0.2833113826181505,0.3455659916036239,10,9,-1,-0.1,125822.01446037243,76912.07396554762,-48909.94049482481,-0.3887232349965988,3,5,10,7,21,4,21,42,72,1,3,8,1,1,5,3,-2,-0.4,0,0,0,0,0,0,,,,,1,2,1,0.3090583544896608,0.0258322570440264,1,0,1,1,38.0,7082.606931122019,12716.63977881951,4578.379649643987,2504.227281478032,503456.2776152746,578556.9171236936,low_value,0,17,4,0,transaction_active,no_recent_complaints,medium_digital_engagement
1037,M,Almaty,rural,low,employee,high,44,50,mass,1,157778.57155929276,2024-10-01,1590,50,2,1,2,1,0,0,1,1,1,540,596.0,2,12,20,29,11870.537535313968,88474.51652513658,127432.91493112552,146445.07974650973,5935.268767656984,6371.645746556276,24898.572408013817,0.8902405598467253,3,2,12,49,2,5,4,4,0.7976540349093805,0.0510496699454049,0.1512962951452146,7,2,-5,-0.7142857142857143,52205.94837925472,11870.537535313968,-40335.41084394075,-0.7726209770373407,5,9,16,11,52,8,52,66,18,8,5,11,1,1,8,5,-3,-0.375,0,0,0,0,0,0,,,,,1,1,0,0.5558331264963453,0.2490756921550903,0,0,0,0,67.0,6202.080605940051,11165.704260594604,3055.770565286401,3146.31004065365,303440.05041563814,276752.32083840726,low_value,0,7,5,0,activity_drop,no_recent_complaints,digital_power_user
842,F,East_KZ,large_city,medium,self_employed,low,61,33,mass,0,277719.2684879161,2024-10-01,2100,33,1,0,1,1,0,0,0,1,0,302,,2,3,6,13,21782.07130325723,36288.07946815555,69460.24969312358,140758.6183050193,10891.035651628616,11576.708282187265,30205.236841016515,0.9505128581874748,0,2,6,33,0,3,1,1,0.855016338478696,0.1122864850610451,0.032697176460259,11,2,-9,-0.8181818181818182,103421.47492650106,21782.07130325723,-81639.40362324382,-0.789385412277893,0,1,3,1,5,5,2,74,59,0,0,0,0,0,3,0,-3,-1.0,0,1,0,0,0,1,3.7156459785409934,3.0,48.0,,0,2,0,0.2256587945843054,0.0791269540655597,1,1,1,0,37.0,3486.5855350718884,7850.50920099788,3042.056426442898,444.5291086289904,921100.6903389536,857678.9821901789,low_value,1,0,0,0,activity_drop,no_recent_complaints,low_digital_engagement
1104,F,Almaty,small_city,premium,self_employed,low,42,53,premium,0,1237296.9084998162,2024-10-01,1530,53,3,0,3,1,0,0,0,0,0,70,,8,16,25,42,170305.9702902952,401280.4437266716,665029.2472107064,1100271.7639778878,21288.2462862869,26601.16988842825,69201.38634091297,0.9912377322230964,1,8,25,57,2,7,4,4,0.90080167466281,0.0718095217714201,0.0273888035657696,8,8,0,0.0,177453.00829170633,170305.9702902952,-7147.038001411129,-0.0402756654858308,1,2,4,4,9,8,9,70,25,1,1,4,0,0,1,1,0,0.0,0,0,0,0,0,0,,,,,1,1,0,0.4271211922711187,0.1097964891426536,0,0,0,0,44.0,26628.79967639427,53331.43989524576,3808.375756253351,22820.42392014092,2054197.380079389,2126397.0868125507,high_value,0,9,2,0,transaction_active,no_recent_complaints,low_digital_engagement
621,F,Almaty,medium_city,medium,employee,low,38,39,mass,0,269628.13303642254,2024-10-01,1410,39,1,0,1,1,0,0,0,0,0,324,,3,3,4,9,24000.94973497754,24037.003644320463,31879.363977820885,96321.16880785071,8000.316578325847,7969.840994455221,11208.63497991639,0.9855811342446844,0,3,4,62,1,1,0,0,0.4111316129324413,0.536202265345076,0.0526661217224826,10,3,-7,-0.7,77668.84985500817,24000.94973497754,-53667.90012003063,-0.6909835824814916,0,0,0,0,0,1,0,112,94,0,0,0,0,0,6,0,-6,-1.0,0,0,0,0,0,0,,,,,3,5,0,0.4349143427913855,0.1951030964516438,3,2,1,0,48.0,6844.099291473564,15956.253531748873,3040.1116234279,3803.987668045664,693395.8627169643,602402.6518073836,low_value,0,4,0,0,activity_drop,no_recent_complaints,low_digital_engagement
1431,F,Shymkent,large_city,medium,employee,high,64,22,mass,1,520617.3728402275,2024-10-01,2190,22,2,1,2,0,1,0,0,1,1,836,230.0,8,11,14,43,113849.15880972512,126000.13310950973,199965.44098596656,552712.4961090975,14231.144851215638,14283.245784711897,19300.754541875034,1.0,0,8,14,1,2,6,2,2,0.547275680830894,0.1710153479316745,0.2817089712374314,16,8,-8,-0.5,211934.79082341783,113849.15880972512,-98085.63201369275,-0.4628104316077902,2,4,6,13,22,6,22,14,24,1,3,7,1,0,5,2,-3,-0.6,1,1,0,0,0,0,3.925267380375949,3.0,69.0,,0,0,0,,,0,0,0,0,,10527.381700789894,24499.52899894533,4044.980779534063,6482.400921255832,1262338.0169015196,1336110.443546088,medium_value,0,1,2,1,activity_drop,no_recent_complaints,medium_digital_engagement
2145,M,Astana,small_city,high,employee,low,32,31,affluent,1,736415.8555020891,2024-11-01,1260,31,2,0,2,1,0,0,0,0,1,781,,5,13,18,43,131030.3481096622,256269.11141214104,386581.0767280498,846810.7674838314,26206.06962193244,21476.726484891653,58196.66814342055,0.9127525965411706,2,5,18,37,1,4,2,2,0.8323161509750605,0.1547004600343282,0.0129833889906112,8,5,-3,-0.375,193207.2392554232,131030.3481096622,-62176.891145760994,-0.3218145002504906,2,2,3,7,13,2,13,41,26,2,2,2,1,0,4,2,-2,-0.5,0,1,0,0,0,0,3.4795489098147865,3.0,82.0,,1,2,0,0.2217192377750312,0.0199741266233873,1,1,2,0,84.0,16290.962099271572,31652.15086836192,3369.077521536303,12921.884577735267,874210.952318481,941977.0253757924,medium_value,0,13,2,0,transaction_active,no_recent_complaints,low_digital_engagement
2296,M,Almaty,rural,medium,entrepreneur,medium,31,19,sme_owner,0,197384.01694432303,2024-11-01,1230,19,3,1,2,1,0,0,0,1,0,111,671.0,7,13,18,35,18188.944674171264,35415.7519864018,45885.49253432535,106340.74031041832,2598.420667738752,2549.194029684741,10256.804414131137,0.9514410686396036,1,7,18,74,2,4,4,2,0.9756470366682752,0.0231366748670549,0.0012162884646699,9,7,-2,-0.2222222222222222,19646.70038648893,18188.944674171264,-1457.7557123176705,-0.0741985006968483,5,8,10,7,24,8,24,30,39,1,3,7,1,1,6,5,-1,-0.1666666666666666,0,0,0,0,0,0,,,,,0,0,0,,,0,0,0,0,,6592.8755587924325,13518.370214348406,3271.315964603481,3321.5595941889515,236297.67222059792,205885.84846110773,low_value,0,11,3,0,transaction_active,no_recent_complaints,medium_digital_engagement
1834,M,Shymkent,rural,medium,employee,low,71,30,mass,1,331803.07617840124,2024-11-01,2430,30,1,1,1,1,1,0,0,0,1,525,165.0,7,12,18,40,200085.33991466244,274921.31049919216,584937.925830367,1026489.6720438187,28583.61998780892,32496.55143502039,73603.60134971162,0.9918641714517552,0,7,18,70,3,5,3,3,0.538311022918852,0.4401166617743164,0.0215723153068315,8,7,-1,-0.125,176934.90023878534,200085.33991466244,23150.439675877104,0.1308415674049272,1,3,4,4,9,8,5,44,71,1,1,2,0,1,5,1,-4,-0.8,0,0,0,0,0,0,,,,,0,2,0,0.1998964997025555,0.0787018227379219,2,0,0,1,31.0,8851.877820570298,18464.827252752635,4119.946202939582,4731.931617630717,505418.0834318927,581061.2806559767,low_value,0,6,3,0,activity_drop,no_recent_complaints,low_digital_engagement
1356,M,Almaty,medium_city,low,employee,medium,19,40,mass,0,75610.2975314457,2024-11-01,870,40,2,2,2,1,0,0,1,1,1,750,156.0,5,12,14,35,11016.967723469956,35188.50742005131,27931.80124062628,89769.61535538037,2203.393544693992,1995.1286600447345,8607.20935147971,0.9530346583661145,1,5,14,2,1,5,3,2,0.792992370829583,0.2001880336298187,0.0068195955405983,7,5,-2,-0.2857142857142857,13453.80492837584,11016.967723469956,-2436.8372049058817,-0.1811262477699726,3,6,9,10,22,5,5,7,38,2,1,5,0,0,5,3,-2,-0.4,0,0,0,0,0,0,,,,,1,1,1,0.5594703161456214,0.1282934191635653,0,0,0,0,5.0,5060.150099775296,10378.22009440322,3263.6213213369547,1796.5287784383409,217360.923248638,243473.53433586733,low_value,0,5,6,0,moderate_activity,no_recent_complaints,medium_digital_engagement
811,M,South_KZ,medium_city,high,employee,medium,68,43,affluent,0,473528.60727199423,2024-11-01,2340,43,4,2,2,1,0,0,1,1,0,482,207.0,13,21,30,48,212528.49139676584,318501.64088247775,435546.6684868784,884592.1594545264,16348.345492058912,14518.222282895946,60220.54557198595,0.9754114346737192,0,13,30,60,5,12,7,3,0.6152357541939236,0.3232331173040339,0.0615311285020424,15,13,-2,-0.1333333333333333,261758.21913567864,212528.49139676584,-49229.7277389128,-0.1880732834348757,3,9,11,9,28,7,28,61,39,4,3,9,0,1,5,3,-2,-0.4,0,0,0,0,0,0,,,,,0,0,0,,,0,0,0,0,,15886.870574531771,33080.44259262018,3850.79921292487,12036.071361606902,695380.0846898056,672319.5187281463,medium_value,0,14,2,0,transaction_active,no_recent_complaints,medium_digital_engagement
2248,F,Karaganda,large_city,high,entrepreneur,medium,30,55,affluent,0,574188.047502215,2024-11-01,1200,55,5,0,4,1,0,0,0,1,0,431,,10,13,20,37,568924.501626993,740457.7595565821,869073.2937298074,1406859.3031320453,56892.45016269929,43453.66468649037,181839.731369098,0.9520513093984772,0,10,20,67,3,6,3,2,0.5922017911725026,0.3778934088902977,0.0299047999371995,13,10,-3,-0.2307692307692307,703878.8254205536,568924.501626993,-134954.32379356062,-0.1917294837118137,4,10,14,13,34,5,25,48,3,4,5,4,1,2,6,4,-2,-0.3333333333333333,0,1,0,0,1,0,4.409566162906801,3.0,44.0,,1,4,1,0.3267747260691395,0.1102402488853359,2,1,1,0,63.0,17047.312898397027,34916.584892140214,5734.841576066115,11312.471322330912,760965.7476670974,834315.6320809573,medium_value,0,11,5,0,transaction_active,no_recent_complaints,medium_digital_engagement
1289,M,Astana,large_city,medium,employee,low,49,49,mass,0,537154.2616269069,2024-11-01,1770,49,0,0,0,1,0,0,0,0,0,467,,7,9,11,26,227338.12512380097,272910.3560519832,232562.55517992016,681784.0169397185,32476.87501768585,21142.05047090183,65410.48820836688,0.9213003445650376,0,7,11,38,1,3,1,1,0.7664113220865254,0.2098017910601925,0.0237868868532821,11,7,-4,-0.3636363636363636,262252.02418619004,227338.12512380097,-34913.89906238907,-0.1331310946816616,1,3,4,1,9,5,9,69,42,1,0,3,0,0,4,1,-3,-0.75,0,1,0,0,0,0,3.36094081442244,2.0,84.0,,1,3,1,0.1740755629596709,0.0696839017620141,2,0,1,0,42.0,5953.820570273488,11511.033323366755,2373.2406950884183,3580.5798751850693,666209.8042491501,702949.7693040407,low_value,0,7,0,0,activity_drop,no_recent_complaints,low_digital_engagement
663,M,Almaty,medium_city,low,unemployed,high,49,61,mass,0,156772.7464252187,2024-11-01,1770,61,1,1,1,0,0,0,0,1,0,161,102.0,2,4,7,16,26316.833315259893,43642.98960813474,74593.52483063031,203952.04844536903,13158.416657629949,10656.217832947188,33074.751999385524,0.9409305674026812,1,2,7,19,1,3,1,1,0.4143381903665996,0.1333310312079033,0.452330778425497,10,2,-8,-0.8,140653.7244579456,26316.833315259893,-114336.8911426857,-0.8128962925320301,6,7,10,17,28,5,28,52,79,3,1,11,1,0,11,6,-5,-0.4545454545454545,0,0,0,0,0,0,,,,,0,1,0,0.1251892557384319,0.021272826123694,0,0,0,0,84.0,3310.2031812667005,7352.272112564054,2666.7818150835164,643.4213661831841,332190.4831619454,289044.6927813612,low_value,0,4,5,0,activity_drop,no_recent_complaints,medium_digital_engagement
508,F,Almaty,large_city,high,employee,medium,33,41,affluent,1,648914.0656545828,2024-11-01,1290,41,1,0,1,1,1,0,0,1,1,361,,1,12,16,29,48010.82788973214,564047.391794353,921179.4187015377,1179306.5247552746,48010.82788973214,57573.713668846096,224481.11274660457,0.903815185128696,3,1,16,19,3,5,3,2,0.7705857775386405,0.1427054308033514,0.086708791658008,4,1,-3,-0.75,205291.69301350784,48010.82788973214,-157280.8651237757,-0.7661336063579879,1,3,5,8,21,1,20,18,42,3,2,5,0,1,2,1,-1,-0.5,0,0,0,0,0,0,,,,,0,1,0,0.4514317567616697,0.0359942373711538,0,1,0,0,74.0,11150.540768169058,25268.31252632124,3370.7661292881967,7779.774638880861,845911.5148886205,828705.2385703017,medium_value,0,10,0,0,activity_drop,no_recent_complaints,medium_digital_engagement
319,M,Shymkent,large_city,premium,unemployed,medium,30,50,premium,0,1352087.7038520952,2024-11-01,1200,50,4,0,3,1,0,0,0,1,0,98,,3,13,21,33,140142.81106158506,673960.2363913466,806975.3184289287,1726537.5493947985,46714.27035386168,38427.39611566327,137523.28196622376,0.9755791654740884,1,3,21,38,3,9,3,2,0.4424326045447494,0.3907369144257669,0.1668304810294837,9,3,-6,-0.6666666666666666,397396.3867302589,140142.81106158506,-257253.57566867388,-0.647347545822781,3,6,8,8,21,5,21,13,12,3,1,6,0,0,7,3,-4,-0.5714285714285714,0,0,0,0,0,0,,,,,0,2,1,0.5431513958188453,0.2261843046236648,1,2,0,1,30.0,29036.67370350857,67196.29064043089,5529.624983474865,23507.04872003371,1342736.9833169316,1408604.4984964926,high_value,0,7,2,0,activity_drop,no_recent_complaints,medium_digital_engagement
2019,F,Atyrau,large_city,medium,self_employed,low,71,44,mass,0,412920.7074952388,2024-11-01,2430,44,1,0,1,1,0,0,0,0,0,183,,4,5,6,14,36206.09708708054,47660.58692488867,58227.45118832359,139268.6260211767,9051.524271770137,9704.575198053932,22817.76974908803,0.9985111053544418,0,2,6,59,1,1,1,0,0.5864543749557679,0.1815807332753371,0.2319648917688949,6,4,-2,-0.3333333333333333,64185.112637183614,36206.09708708054,-27979.015550103075,-0.4359112946994241,1,1,2,2,8,8,8,64,19,1,1,1,0,0,2,1,-1,-0.5,0,0,0,0,0,0,,,,,0,3,2,0.3370322459864133,0.0873418244684327,2,1,0,1,7.0,6465.633637998108,14376.731778766696,3071.4320675044246,3394.201570493683,259549.74826847424,251154.7008615704,low_value,0,2,0,0,moderate_activity,no_recent_complaints,low_digital_engagement
219,F,Almaty,large_city,high,employee,medium,79,19,affluent,0,1050920.147270744,2024-11-01,2670,19,3,0,2,0,0,0,0,1,0,885,,5,8,16,23,280618.3184651729,573408.8443896145,950057.6955299078,1799085.7743241666,56123.66369303458,59378.60597061924,256461.84111396203,0.9799254043979776,0,5,16,9,3,6,4,3,0.4828425382185174,0.4944876583276477,0.0226698034538349,7,5,-2,-0.2857142857142857,521385.84966305736,280618.3184651729,-240767.53119788447,-0.4617837851822774,4,5,11,9,26,6,26,59,16,3,2,9,1,1,6,4,-2,-0.3333333333333333,0,0,0,0,0,0,,,,,1,3,1,0.0547252312680508,0.0028537898346059,0,0,2,0,62.0,23678.698920465216,50985.96203255378,3729.3239156370128,19949.3750048282,443507.2855440682,452422.24902144814,high_value,0,6,5,0,transaction_active,no_recent_complaints,medium_digital_engagement
2096,M,North_KZ,large_city,medium,employee,medium,39,74,mass,0,298338.14520662744,2024-11-01,1470,74,0,1,0,1,0,0,0,1,0,463,734.0,2,3,8,16,13483.2159193762,13960.328093932723,40064.1871911891,100576.4268575529,6741.6079596881,5008.023398898637,12756.130872524856,1.0,0,2,8,22,1,1,2,1,0.6266189873452769,0.2042169664386135,0.1691640462161097,2,2,0,0.0,10088.053649324176,13483.2159193762,3395.162270052024,0.3365527571594025,3,6,9,10,30,8,30,74,71,2,3,3,1,1,6,3,-3,-0.5,0,3,1,0,0,0,3.1448646414346046,2.0,3.0,38.0,0,0,0,,,0,0,0,0,,6143.545320053876,11898.585334147465,2709.892634213568,3433.6526858403085,410048.8495707188,431663.45797278767,low_value,0,2,3,1,moderate_activity,complaint_risk,medium_digital_engagement
49,F,Astana,large_city,low,unemployed,low,75,37,mass,0,120524.18382246804,2024-11-01,2550,37,1,1,1,1,0,0,0,1,0,601,797.0,5,8,14,26,28120.816657746527,49441.31137122431,141420.61862952658,125525.97967997422,5624.163331549305,10101.4727592519,16268.738789447289,0.962916813074496,0,5,14,19,2,3,2,2,0.6900455844024769,0.2725035145775886,0.0374509010199345,7,5,-2,-0.2857142857142857,37720.84583662145,28120.816657746527,-9600.02917887492,-0.2545019594856139,1,1,3,2,18,5,10,9,45,3,2,3,0,0,6,1,-5,-0.8333333333333334,0,0,0,0,0,0,,,,,0,1,1,0.2375314455483245,0.103117916411966,0,0,1,0,61.0,6969.306194805854,16421.71920452057,3397.936832531386,3571.369362274468,715337.5401506299,677531.2077981074,low_value,0,6,0,0,activity_drop,no_recent_complaints,low_digital_engagement
669,M,Almaty,medium_city,low,employee,medium,19,54,mass,1,168830.48312857313,2024-11-01,870,54,2,0,2,1,0,0,0,1,1,108,,3,14,19,34,8079.339989746618,37438.38901157456,63711.60078067376,89416.84690561969,2693.1133299155395,3353.2421463512505,7028.664466526026,1.0,0,1,19,65,2,5,2,2,0.5163496564499617,0.4046394101461431,0.079010933403895,7,3,-4,-0.5714285714285714,19297.44130423581,8079.339989746618,-11218.101314489191,-0.5813258419926793,1,3,4,3,16,7,16,73,37,2,2,4,0,0,5,1,-4,-0.8,0,0,0,0,0,0,,,,,0,2,0,0.2497706880317366,0.0331141384967904,2,0,0,0,31.0,5713.7643194125385,10732.951379032194,2469.292052357764,3244.4722670547744,333104.10770048684,376646.20397421793,low_value,0,12,2,0,activity_drop,no_recent_complaints,medium_digital_engagement
2138,F,Aktobe,large_city,high,entrepreneur,medium,36,42,affluent,0,780263.1747363383,2024-11-01,1380,42,4,0,1,1,0,0,0,1,0,539,,5,14,22,40,96639.85120367887,380652.5603583717,365647.3621441032,959523.6021406646,19327.970240735776,16620.334642913782,51841.04143174007,0.9857264963252774,2,5,22,74,4,7,2,4,0.9540568535715832,0.0407840191830442,0.0051591272453725,10,5,-5,-0.5,176742.38405494255,96639.85120367887,-80102.53285126368,-0.4532163197841827,5,9,12,11,20,5,13,64,23,2,3,3,1,1,6,5,-1,-0.1666666666666666,0,0,0,0,0,0,,,,,1,2,0,0.4055933564768473,0.0760111206865157,2,0,0,0,12.0,17534.803915235832,35235.751116378466,3494.196294900617,14040.607620335217,647924.5501892407,722938.5797985722,medium_value,0,11,5,0,transaction_active,no_recent_complaints,medium_digital_engagement
2311,F,Shymkent,large_city,medium,retired,high,22,35,pensioner,0,389420.298814792,2024-11-01,960,35,1,0,1,0,1,0,0,1,0,554,,2,4,8,19,47929.87417835388,100918.26431402018,213141.67745423684,514560.6901729445,23964.93708917694,26642.709681779605,62790.39570159145,0.9427118545078916,1,2,8,56,1,2,1,1,0.813286372445491,0.1666755231842054,0.0200381043703035,4,2,-2,-0.5,124244.15328040942,47929.87417835388,-76314.27910205553,-0.6142283325785167,3,5,8,7,33,1,18,1,76,4,2,12,1,1,5,3,-2,-0.4,0,0,0,0,0,0,,,,,2,3,1,0.2185044434831436,0.057593017614811,3,0,0,0,52.0,7240.405916410926,15802.784393572863,2612.1810075351605,4628.224908875765,733032.5660859033,724033.756813008,low_value,0,2,4,0,moderate_activity,no_recent_complaints,medium_digital_engagement
1937,M,East_KZ,rural,low,retired,low,32,30,pensioner,0,138142.87299492772,2024-11-01,1260,30,2,0,1,1,0,0,0,0,0,775,,6,9,10,27,26837.86458695685,40274.99345725718,59727.87672116771,166182.67234871193,4472.977431159475,5972.787672116771,13299.85119637305,0.9735081038005552,0,6,10,31,1,4,2,1,0.5700567165596744,0.2681222524525763,0.1618210309877492,11,6,-5,-0.4545454545454545,61421.23814629447,26837.86458695685,-34583.37355933762,-0.5630523676023296,1,2,4,4,9,2,9,51,31,1,1,1,0,0,6,1,-5,-0.8333333333333334,0,0,0,0,0,0,,,,,2,2,1,0.0913923235741238,0.0075825195564221,2,1,0,0,4.0,3790.957934235442,6898.396852799559,2587.493365681722,1203.4645685537207,393802.7526231617,364034.422355001,low_value,0,4,1,0,activity_drop,no_recent_complaints,low_digital_engagement
867,F,Aktobe,small_city,low,employee,medium,65,56,mass,1,166994.81124456407,2024-11-01,2250,56,3,2,3,1,0,0,0,1,1,24,777.0,9,12,22,47,42114.748829614895,52612.15161520643,102042.75494350938,198277.0151414935,4679.416536623878,4638.30704288679,11637.228706243548,0.8753097198202983,9,9,3,20,2,8,2,2,0.4060487104306686,0.587349137968531,0.0066021516008002,9,9,0,0.0,37989.15329664006,42114.748829614895,4125.595532974832,0.1085993020365557,5,6,12,9,25,2,25,46,7,3,2,8,1,1,11,5,-6,-0.5454545454545454,1,1,0,0,0,0,4.007421336534813,3.0,49.0,,2,2,0,0.2736327547706297,0.0722789573795986,0,1,0,0,13.0,7754.483326460223,16791.345006123862,4232.9573336087615,3521.525992851461,308619.16046580474,354248.28106924566,low_value,0,6,6,0,activity_drop,no_recent_complaints,medium_digital_engagement
2257,F,Astana,medium_city,medium,entrepreneur,medium,65,39,sme_owner,0,353691.0152182327,2024-11-01,2250,39,2,1,2,1,0,0,0,1,0,589,620.0,1,4,6,15,8204.496847984885,44450.67589128229,61626.9293380313,148043.3601905703,8204.496847984885,10271.154889671883,24595.91035683708,0.996317003081674,0,1,6,2,1,2,1,0,0.6872850526712108,0.2365811977121457,0.0761337496166432,7,1,-6,-0.8571428571428571,73587.33900204128,8204.496847984885,-65382.8421540564,-0.8885066784687337,3,7,8,8,24,5,15,75,37,2,1,3,1,1,9,3,-6,-0.6666666666666666,0,0,0,0,0,0,,,,,0,1,0,0.3242213892204442,0.1160918261868228,0,0,0,0,82.0,12455.33823055128,22506.67726173916,3538.987678922191,8916.350551629088,417103.73826837447,407388.0105727574,medium_value,1,0,0,0,activity_drop,no_recent_complaints,medium_digital_engagement
169,M,Karaganda,large_city,medium,retired,medium,59,48,pensioner,0,411783.1472947229,2024-11-01,2070,48,1,1,1,1,0,0,0,1,1,735,852.0,5,12,16,32,66361.80753145197,186854.78006120204,194579.78014160524,409283.39841552987,13272.361506290394,12161.236258850327,52968.68050095234,0.923506287210766,1,5,16,55,1,7,4,2,0.5163282433297592,0.1748924532652685,0.3087793034049723,8,5,-3,-0.375,114902.72628421563,66361.80753145197,-48540.91875276368,-0.4224522804854615,0,3,5,4,18,6,18,50,56,3,2,2,1,0,5,0,-5,-1.0,2,2,0,0,0,0,1.242937547977991,1.0,71.0,,0,0,0,,,0,0,0,0,,6966.558124201769,13747.376099872612,2615.4468530816885,4351.11127112008,925957.4737377276,925645.6145562112,low_value,1,0,0,0,activity_drop,complaint_risk,medium_digital_engagement
1259,F,South_KZ,medium_city,medium,employee,low,50,29,mass,1,268011.4894821782,2024-11-01,1800,29,3,1,3,1,1,0,0,0,1,709,313.0,3,7,19,34,33359.84569763383,71423.99677921816,233256.98721748497,576094.4777165913,11119.948565877943,12276.683537762368,24592.452052589768,0.9784826192442538,0,3,19,49,2,7,3,3,0.7059649351542296,0.1822257685010256,0.1118092963447445,8,3,-5,-0.625,155875.39681595215,33359.84569763383,-122515.55111831833,-0.7859838923969313,0,0,0,0,1,1,1,204,60,0,0,0,0,0,6,0,-6,-1.0,0,0,0,0,0,0,,,,,0,0,0,,,0,0,0,0,,10393.686508527762,21154.15589490137,3481.130222603276,6912.556285924487,238176.4831406113,256697.642035895,medium_value,0,8,0,0,activity_drop,no_recent_complaints,low_digital_engagement
510,M,Atyrau,medium_city,medium,entrepreneur,medium,28,42,sme_owner,0,349285.4338628823,2024-11-01,1140,42,5,0,5,1,0,0,0,1,0,431,,4,14,20,43,81683.80921915913,250788.60507073405,345289.2348440855,718531.8299706039,20420.952304789786,17264.461742204276,35434.8192957084,0.9620338554803196,0,4,11,15,3,6,3,2,0.7705590384752744,0.1286260733985502,0.1008148881261752,6,4,-2,-0.3333333333333333,88727.00620812245,81683.80921915913,-7043.196988963318,-0.079380532376382,2,7,8,10,20,1,17,67,75,3,3,6,0,1,6,2,-4,-0.6666666666666666,0,0,0,0,0,0,,,,,0,2,1,0.3556316058095831,0.0881500118795828,1,1,1,0,63.0,13978.55544361073,26623.38553654718,5273.392812270841,8705.162631339888,1325260.924915929,1376374.2908568128,medium_value,0,5,5,0,activity_drop,no_recent_complaints,medium_digital_engagement
368,F,Karaganda,small_city,low,employee,medium,57,39,mass,1,119100.44738999072,2024-11-01,2010,39,0,0,0,1,0,0,0,1,1,808,,5,7,12,30,27202.96308079388,47705.459152954194,100868.51840260418,204762.0917925965,5440.592616158776,8405.709866883682,28437.77399907078,0.9667923475645928,1,5,12,42,2,4,3,1,0.6256603500129349,0.3306931302163731,0.043646519770692,8,5,-3,-0.375,55031.24691485512,27202.96308079388,-27828.283834061243,-0.5056815063107226,2,5,10,4,20,6,4,75,58,1,1,7,1,1,3,2,-1,-0.3333333333333333,0,0,0,0,0,0,,,,,0,0,0,,,0,0,0,0,,800.5203737545164,1589.321106715391,1806.96233255304,-1006.441958798523,122511.2299240716,120624.93402653855,low_value,0,5,4,0,moderate_activity,no_recent_complaints,medium_digital_engagement
1628,M,Shymkent,medium_city,medium,unemployed,medium,82,36,mass,0,330273.15195860475,2024-11-01,2760,36,2,1,2,1,1,0,0,1,0,178,147.0,6,14,21,39,65448.95920574024,135927.3743486405,170727.0371792514,332487.3143393703,10908.159867623372,8129.858913297686,28896.2995909536,0.9867649988081694,0,6,21,22,2,9,4,3,0.7108344503410371,0.0852944727292014,0.2038710769297613,9,6,-3,-0.3333333333333333,96406.4112033115,65448.95920574024,-30957.451997571254,-0.3211140380724792,5,7,9,10,19,2,19,56,44,1,1,2,1,0,5,5,0,0.0,0,0,0,0,0,0,,,,,0,0,0,,,0,0,0,0,,9246.835710300891,16315.00295238847,3838.5188783402696,5408.316831960621,417483.2727542373,470099.1763690606,medium_value,0,7,4,0,transaction_active,no_recent_complaints,medium_digital_engagement
1421,F,Almaty,large_city,medium,entrepreneur,high,57,26,sme_owner,0,360592.068946488,2024-11-01,2010,26,0,0,0,1,0,0,0,1,0,41,,7,11,17,27,83569.28362832169,121836.01744554818,252522.45522957825,342128.4200901739,11938.46908976024,14854.262072328132,64388.82630205218,1.0,0,7,17,13,3,8,2,3,0.5692431324700544,0.3692175891493922,0.0615392783805534,8,7,-1,-0.125,117616.90805711367,83569.28362832169,-34047.624428792,-0.2894789957601911,6,13,16,14,49,2,37,21,10,4,6,6,1,1,7,6,-1,-0.1428571428571428,1,1,0,0,0,1,4.965746515592141,3.0,89.0,,0,0,0,,,0,0,0,0,,5398.754455238748,12395.144817712991,3052.007608966216,2346.746846272532,2416907.248227268,2723011.4355991264,low_value,0,11,9,0,digital_active,no_recent_complaints,digital_power_user
1881,F,Shymkent,large_city,medium,self_employed,medium,65,56,mass,0,301334.37401896063,2024-11-01,2250,56,2,0,2,1,1,0,1,1,0,453,,3,6,8,20,36834.375753353874,70923.87075208979,133955.94850130542,220760.58598904943,12278.125251117955,16744.493562663178,29024.41577410811,0.9671883609553416,0,3,8,46,1,2,1,1,0.6448828621698097,0.2708638604310086,0.0842532773991816,5,3,-2,-0.4,60698.95685778014,36834.375753353874,-23864.581104426263,-0.3931629527067796,6,9,15,10,35,2,25,69,52,3,2,6,1,2,10,6,-4,-0.4,0,0,0,0,0,0,,,,,0,2,0,0.4796583123667175,0.1016071349202333,2,0,0,0,10.0,9454.592409795474,21473.47019530729,3906.297237351935,5548.295172443539,474805.6735723536,407244.6405392963,medium_value,0,6,7,0,digital_active,no_recent_complaints,medium_digital_engagement
1991,M,Shymkent,large_city,medium,retired,high,79,46,pensioner,0,308335.34065219254,2024-11-01,2670,46,0,2,0,0,1,0,1,1,1,854,368.0,3,5,8,18,14207.422464946188,19796.54395770952,28095.864429508827,82355.46166543655,4735.807488315396,3511.9830536886034,6546.282096512468,0.9513050534357744,1,3,8,35,1,2,1,1,0.7928128412848185,0.1274207988602243,0.0797663598549571,3,3,0,0.0,13912.554243999874,14207.422464946188,294.868220946315,0.0211943986542574,8,14,20,19,42,2,42,75,22,4,4,4,1,2,11,8,-3,-0.2727272727272727,0,0,0,0,0,0,,,,,2,3,1,0.2108541938046598,0.0915667806254194,0,1,0,0,55.0,4952.561921367558,10035.284456090943,2164.0250051994967,2788.536916168061,385059.6554863609,345816.9113573345,low_value,0,4,11,0,digital_active,no_recent_complaints,digital_power_user
1058,M,South_KZ,medium_city,medium,employee,high,51,20,mass,1,237840.17711516708,2024-11-01,1830,20,3,1,3,0,0,0,0,1,1,353,276.0,9,18,26,51,131571.53958721875,278465.56409000646,474819.9767222032,766385.4811600881,14619.059954135417,18262.30679700781,62533.6320583535,1.0,0,6,17,23,5,11,5,3,0.6871120624305996,0.3097144847929904,0.0031734527764099,11,9,-2,-0.1818181818181818,149393.68536146366,131571.53958721875,-17822.145774244913,-0.1192965133106098,3,5,7,18,30,3,13,51,5,4,2,3,0,2,6,3,-3,-0.5,1,1,0,0,0,0,3.1570350825610776,2.0,57.0,,2,3,0,0.1516239036889531,0.045554110823949,1,2,1,0,47.0,8982.719404029318,19925.00842667748,3447.0226909619582,5535.69671306736,345001.09226774046,357327.5482847753,medium_value,0,10,3,0,transaction_active,no_recent_complaints,medium_digital_engagement
839,M,Astana,medium_city,medium,employee,high,26,39,mass,1,379911.54762423504,2024-11-01,1080,39,1,0,1,1,0,0,0,1,1,85,,8,17,22,42,70414.09275274418,218240.36322089232,242624.1969173145,444609.3445963544,8801.761594093023,11028.37258715066,14369.648481273643,0.8965184562899481,2,8,9,31,3,6,4,3,0.484117063319028,0.4653440127476584,0.0505389239333135,12,8,-4,-0.3333333333333333,125352.925058864,70414.09275274418,-54938.83230611983,-0.438273237583577,3,7,13,11,32,1,32,15,63,1,5,13,1,2,4,3,-1,-0.25,0,0,0,0,0,0,,,,,0,1,1,0.5992239555101905,0.2534128527591334,0,0,0,0,47.0,9242.91484167594,19732.492812489003,2988.345924148934,6254.568917527005,662558.811702194,699668.9929138324,medium_value,0,7,7,0,transaction_active,no_recent_complaints,medium_digital_engagement
1848,F,South_KZ,large_city,high,employee,high,58,46,affluent,1,693622.1015536094,2024-11-01,2040,46,0,0,0,0,0,1,0,1,1,290,,4,4,10,18,61065.909134026806,69141.18255574806,156735.85912413098,220106.7131950963,15266.4772835067,15673.585912413098,28772.049899204165,0.9321730855156342,1,4,10,30,1,4,2,1,0.7150170641565471,0.2524040142188042,0.0325789216246487,12,4,-8,-0.6666666666666666,143651.93685999067,61065.909134026806,-82586.02772596387,-0.5749036840794965,3,5,9,6,23,8,23,79,57,2,1,4,1,0,12,3,-9,-0.75,0,0,0,0,0,0,,,,,0,2,0,0.1599514675521814,0.0244084541856413,1,1,0,1,15.0,11130.72344932539,21414.476806277704,2129.9600916681434,9000.763357657248,1909266.904031763,1982932.52043774,medium_value,0,2,3,0,activity_drop,no_recent_complaints,medium_digital_engagement
600,F,Almaty,medium_city,high,retired,medium,82,24,affluent,0,806475.9524271833,2024-11-01,2760,24,3,4,1,1,1,0,0,1,0,784,247.0,6,12,23,39,140701.15533842315,298866.5360245444,615192.3714361254,611969.5924936889,23450.192556403857,26747.49441026632,96207.20784141848,0.91650156907026,0,3,23,59,4,7,5,2,0.468735914221429,0.4923913642220398,0.0388727215565311,7,6,-1,-0.1428571428571428,155725.78660792814,140701.15533842315,-15024.631269504986,-0.0964813316842161,1,4,8,14,28,8,28,75,72,3,2,8,1,2,4,1,-3,-0.75,0,1,0,0,0,0,4.64348795569062,4.0,28.0,,1,1,0,0.4295658346704576,0.1711657886639575,0,0,1,0,13.0,19686.12396936725,36435.29815657945,3486.7546173845185,16199.369351982732,1356775.8695240377,1454499.610400103,high_value,0,7,4,0,activity_drop,no_recent_complaints,medium_digital_engagement
1921,F,Astana,small_city,low,entrepreneur,high,26,37,sme_owner,0,120351.47734187637,2024-11-01,1080,37,3,3,3,1,0,0,0,1,1,579,657.0,6,14,18,38,23273.259214726404,45098.20764503454,69858.12144245728,125663.8170086758,3878.876535787734,3881.006746803183,16627.580619542154,0.991088725745223,0,6,18,70,1,4,3,2,0.2885914996964246,0.2077269406130166,0.5036815596905587,7,6,-1,-0.1428571428571428,30565.8527080367,23273.259214726404,-7292.593493310294,-0.2385862931084807,9,14,21,19,49,3,49,6,38,7,2,12,1,3,12,9,-3,-0.25,0,0,0,0,0,0,,,,,2,2,0,0.2816209242698035,0.0257766383436982,1,1,1,0,4.0,6304.047725569694,13799.86943977898,3453.6879627911867,2850.3597627785075,537836.3581038839,477070.7751471603,low_value,0,6,6,0,digital_active,no_recent_complaints,digital_power_user
1312,F,Almaty,small_city,premium,self_employed,high,58,27,premium,0,1653209.184610446,2024-11-01,2040,27,1,0,1,1,1,1,0,1,0,257,,3,7,8,16,199124.8545218055,279818.2899534049,442204.6725544655,915244.0717303704,66374.9515072685,55275.584069308185,222610.026625906,0.9235684136773414,0,3,8,2,1,2,1,1,0.7461147240023153,0.1729887105735561,0.0808965654241285,7,3,-4,-0.5714285714285714,392505.08263264206,199124.8545218055,-193380.22811083656,-0.4926820993343091,4,9,15,11,45,4,45,43,75,4,6,16,1,3,6,4,-2,-0.3333333333333333,0,0,0,0,0,0,,,,,0,1,0,0.399348808813849,0.1544857725413239,0,0,0,0,71.0,29558.05883818178,59063.105737837126,3712.717740856235,25845.341097325545,6516095.239328114,6389101.527533802,high_value,0,8,12,0,activity_drop,no_recent_complaints,digital_power_user
1337,M,Aktobe,medium_city,medium,employee,high,37,60,mass,0,291143.28505737154,2024-11-01,1410,60,1,2,1,0,0,0,0,1,0,269,742.0,5,9,12,15,60594.61253668511,108111.46815400512,122226.48230087927,149091.62417800928,12118.922507337022,10185.54019173994,27512.92450533049,0.955560790330966,1,5,12,21,2,3,1,1,0.6447196243633073,0.3047061250791677,0.050574250557525,12,5,-7,-0.5833333333333334,113386.20832259946,60594.61253668511,-52791.595785914345,-0.4655909794224263,1,6,11,6,29,6,29,76,59,3,1,12,1,1,5,1,-4,-0.8,0,0,0,0,0,0,,,,,0,0,0,,,0,0,0,0,,2962.576668842265,6851.425829292377,3620.964087467905,-658.3874186256403,790210.5571379764,709827.9533506408,low_value,0,1,3,0,activity_drop,no_recent_complaints,medium_digital_engagement
1134,F,Astana,large_city,medium,unemployed,low,65,49,mass,0,299139.3144326869,2024-11-01,2250,49,1,1,1,1,0,0,1,0,1,73,139.0,1,5,11,26,13442.623076447597,73522.82918807547,135234.54903392756,499362.2021415729,13442.623076447597,12294.049912175233,46097.68613001045,0.9612053341383237,0,1,11,47,2,4,1,1,0.5156481166811454,0.4088475592538588,0.0755043240649958,4,1,-3,-0.75,53346.281029751146,13442.623076447597,-39903.65795330355,-0.7480119922708264,2,3,5,4,11,5,11,41,77,2,2,3,0,0,3,2,-1,-0.3333333333333333,0,0,0,0,0,0,,,,,0,2,1,0.355838188784387,0.1617099868218914,1,1,0,0,10.0,7129.719906353794,14819.867869054724,2750.396973223073,4379.322933130721,603948.4256301526,692290.1276685126,low_value,0,1,2,0,activity_drop,no_recent_complaints,low_digital_engagement
820,M,Astana,large_city,medium,employee,low,27,59,mass,0,333390.6184288646,2024-11-01,1110,59,1,2,1,1,0,0,0,0,0,80,81.0,4,8,11,15,104947.50889284756,222301.90342872083,319866.8464844179,534183.1748330476,26236.87722321189,29078.804225856173,56471.74463051799,0.9426682061497664,2,4,11,3,1,5,2,2,0.6718394266446565,0.3187694021470799,0.0093911712082635,5,4,-1,-0.2,121533.07913952712,104947.50889284756,-16585.57024667955,-0.1364695962951645,1,2,2,2,8,4,8,12,61,0,1,1,0,0,5,1,-4,-0.8,0,0,0,0,0,0,,,,,2,2,2,0.1954230272570339,0.0836714587202977,2,1,1,0,54.0,7069.430072922981,12737.65439147861,3147.037221831662,3922.392851091319,811623.1654772388,910836.75311033,low_value,0,6,4,0,activity_drop,no_recent_complaints,low_digital_engagement
2174,M,Astana,medium_city,medium,self_employed,medium,38,25,mass,0,381295.3295497526,2024-11-01,1440,25,2,1,2,1,0,0,0,1,0,41,224.0,8,15,21,43,93364.53049070136,213020.5564398343,319186.1311768298,587062.7394593005,11670.56631133767,15199.339579849038,49871.90633251694,0.9831793464396632,2,5,6,51,3,4,5,1,0.680263995694491,0.2116100489532286,0.1081259553522803,8,8,0,0.0,113445.88140389616,93364.53049070136,-20081.3509131948,-0.1770126042892653,3,5,8,12,24,1,9,65,40,3,2,4,0,1,6,3,-3,-0.5,0,0,0,0,0,0,,,,,0,1,0,0.3485608829680086,0.0390636580408278,1,0,0,0,79.0,9552.668844233112,18147.407493361203,3406.4399939934938,6146.228850239619,1135556.3951727075,1207374.7392530604,medium_value,0,13,4,0,transaction_active,no_recent_complaints,medium_digital_engagement
528,F,South_KZ,large_city,medium,self_employed,medium,35,43,mass,0,345670.56704115454,2024-11-01,1350,43,1,2,1,1,0,0,0,1,0,132,356.0,3,8,8,19,47048.56520389,148918.7011398115,146961.1848850004,340887.4617191504,15682.855067963334,18370.14811062505,25674.91739500928,0.9456954280471916,0,3,3,42,1,2,1,1,0.6443566045996989,0.1826595105572943,0.1729838848430067,8,3,-5,-0.625,129940.33716971292,47048.56520389,-82891.77196582292,-0.6379217860390753,2,6,9,15,24,5,24,55,54,1,3,4,1,2,4,2,-2,-0.5,0,0,0,0,0,0,,,,,0,2,0,0.3771557824111683,0.0654312457514311,2,0,0,0,70.0,6433.697484061988,13368.891075563512,3941.858153911303,2491.839330150685,1153717.688526689,1044971.2459543268,low_value,0,5,5,0,activity_drop,no_recent_complaints,medium_digital_engagement
2055,M,Astana,large_city,low,retired,medium,34,35,pensioner,0,177097.85565578466,2024-11-01,1320,35,4,0,4,1,0,0,0,1,0,836,,7,16,28,51,84076.24371590298,120989.57854926586,288834.49045278097,459307.7588424623,12010.891959414712,10315.517516170748,44529.38770390935,0.9365138567216608,1,7,12,37,4,8,4,3,0.655318384807475,0.1372925685709651,0.2073890466215599,8,7,-1,-0.125,66529.81437955669,84076.24371590298,17546.429336346293,0.2637378369379303,1,4,6,8,27,5,27,39,18,4,3,2,1,2,3,1,-2,-0.6666666666666666,0,0,0,0,0,0,,,,,0,1,0,0.2981637545738234,0.0292078088573042,1,1,0,0,47.0,11168.067081742813,21611.52860657576,5222.254488416655,5945.812593326158,341193.5951931004,304623.38413558627,medium_value,1,0,0,0,activity_drop,no_recent_complaints,medium_digital_engagement
1367,M,Karaganda,medium_city,low,employee,medium,18,35,mass,0,141715.4644743408,2024-11-01,840,35,3,3,2,1,0,0,0,1,0,757,714.0,8,15,23,32,72843.78058629915,126467.59043149062,262272.3208870102,276952.09757402627,9105.472573287394,11403.144386391748,37972.28912106172,0.9382248741855737,0,8,23,58,4,5,4,2,0.7828526178963349,0.1633748347655554,0.0537725473381099,10,8,-2,-0.2,92930.19089930278,72843.78058629915,-20086.410313003624,-0.2161451528144264,5,8,11,10,22,7,22,5,2,3,1,9,0,1,7,5,-2,-0.2857142857142857,0,0,0,0,0,0,,,,,1,1,0,0.2963685717802982,0.0303046630686701,0,1,1,0,26.0,6027.235397857296,11566.911950199134,4113.442038098354,1913.7933597589424,550047.2882457183,560761.6454638733,low_value,0,3,6,0,transaction_active,no_recent_complaints,medium_digital_engagement
618,M,Aktobe,small_city,medium,self_employed,high,60,51,mass,0,363639.5312133668,2024-11-01,2100,51,1,0,1,1,0,0,0,1,0,424,,2,5,6,16,34024.08984563239,116923.01166778491,92084.46978049703,369440.9192326211,17012.044922816196,15347.41163008284,45611.17439821118,0.9478658209408244,0,1,6,8,1,2,1,1,0.6686317955747717,0.3275300061688815,0.0038381982563468,3,2,-1,-0.3333333333333333,50629.04622152527,34024.08984563239,-16604.956375892878,-0.3279729249340109,5,12,20,18,55,1,47,55,58,6,5,21,1,2,6,5,-1,-0.1666666666666666,0,0,0,0,0,0,,,,,0,2,0,0.3097999191030354,0.088152861809477,2,2,0,1,57.0,6794.130324771861,13544.32601197736,3180.843072855219,3613.2872519166417,509324.6534737961,459407.179418459,low_value,0,1,5,0,digital_active,no_recent_complaints,digital_power_user
439,F,Almaty,rural,low,retired,high,59,27,pensioner,0,160295.52080671184,2024-11-01,2070,27,3,1,1,1,0,0,0,1,0,706,588.0,6,13,18,28,46644.62607403786,87140.95881651218,137555.43215744558,151833.9321267034,7774.104345672978,7641.968453191421,23468.277346902178,0.9958719290571576,0,6,18,67,2,3,2,1,0.4430329565899665,0.3741018020334963,0.1828652413765371,7,6,-1,-0.1428571428571428,52901.89326235616,46644.62607403786,-6257.267188318292,-0.1182805907774727,6,12,18,16,33,2,33,17,7,3,4,6,0,1,11,6,-5,-0.4545454545454545,0,0,0,0,0,0,,,,,2,3,0,0.152022671868461,0.03922953265429,2,2,1,0,26.0,8563.702894377091,17069.309951589963,4230.407208154796,4333.295686222295,477185.0680022753,503368.0208457972,low_value,0,4,9,0,digital_active,no_recent_complaints,digital_power_user
1969,M,North_KZ,medium_city,medium,employee,medium,63,34,mass,1,210148.38482907845,2024-11-01,2190,34,1,1,1,1,0,0,0,1,1,621,850.0,5,13,16,28,57500.35843077351,134404.90173711057,107767.69195166908,246339.48282859568,11500.0716861547,6735.480746979317,25212.33717202143,0.9812958688451056,0,5,16,33,2,5,3,2,0.6692538568741788,0.3023812982787341,0.0283648448470871,7,5,-2,-0.2857142857142857,63466.60629264925,57500.35843077351,-5966.247861875745,-0.094006095652333,2,5,7,6,15,4,15,79,24,1,1,5,1,1,4,2,-2,-0.5,0,0,0,0,0,0,,,,,0,2,0,0.3527769786902947,0.0831723522849229,0,2,0,0,81.0,5602.089265914254,12516.948633277572,2541.5544139466674,3060.5348519675863,315091.81391717383,281447.3839155442,low_value,0,8,4,0,transaction_active,no_recent_complaints,medium_digital_engagement
441,F,North_KZ,large_city,low,employee,medium,55,48,mass,1,187453.64344113803,2024-11-01,1950,48,1,0,1,1,0,0,0,1,1,507,,5,10,16,30,38837.75083846768,57252.650893242135,124650.90039154164,154399.3840354798,7767.550167693536,7790.681274471352,16478.790810402585,0.9608707977774558,0,5,16,53,1,7,3,2,0.5273203270549374,0.3463782016846076,0.1263014712604548,15,5,-10,-0.6666666666666666,105145.63387283547,38837.75083846768,-66307.88303436778,-0.6306289723314752,4,7,11,9,30,6,30,41,57,2,5,13,1,1,10,4,-6,-0.6,0,0,0,0,0,0,,,,,0,1,0,0.2567872421920567,0.0711466300329744,0,1,0,0,77.0,5718.251991242881,10132.651293654531,3192.904984677537,2525.347006565344,416292.98760698,417593.2955083673,low_value,0,5,7,0,activity_drop,no_recent_complaints,medium_digital_engagement
1037,M,Almaty,rural,low,employee,high,44,50,mass,1,157778.57155929276,2024-11-01,1620,50,0,0,0,0,0,0,0,1,1,631,,4,12,15,29,69926.65033735566,221539.97343464737,221915.39451020872,471461.090745416,17481.662584338916,14794.359634013914,52560.58288187727,0.9224356819027244,0,4,15,18,3,4,3,2,0.6402823543832894,0.3425649455292412,0.0171527000874695,7,4,-3,-0.4285714285714285,110451.88515503368,69926.65033735566,-40525.23481767802,-0.3669039669245622,4,8,16,15,33,3,12,25,17,4,4,5,0,0,4,4,0,0.0,0,0,0,0,0,0,,,,,1,1,0,0.0277132686250617,0.0106493112352915,1,1,0,0,55.0,1539.7279969889214,2897.7892352131544,3465.1272869047016,-1925.39928991578,315644.9974738752,344600.7467095532,low_value,0,6,7,0,digital_active,no_recent_complaints,digital_power_user
842,F,East_KZ,large_city,medium,self_employed,low,61,33,mass,0,277719.2684879161,2024-11-01,2130,33,4,0,4,1,1,0,0,1,0,330,,9,13,20,49,50015.05854340278,96660.88106761382,177862.76770644973,409621.8750947513,5557.228727044753,8893.138385322487,17826.413115501262,0.930332469160814,4,9,17,69,4,6,2,2,0.6910043809850789,0.2275220373566525,0.0814735816582685,12,9,-3,-0.25,65375.58121173393,50015.05854340278,-15360.522668331148,-0.234958104901317,0,1,2,5,13,5,13,22,56,2,2,5,1,1,3,0,-3,-1.0,0,0,0,0,0,0,,,,,0,0,0,,,0,0,0,0,,13314.34308491036,25137.11367125377,4655.413958330045,8658.929126580315,640079.2065926671,701082.444553478,medium_value,0,12,0,1,activity_drop,no_recent_complaints,low_digital_engagement
1104,F,Almaty,small_city,premium,self_employed,low,42,53,premium,0,1237296.9084998162,2024-11-01,1560,53,6,0,2,1,0,0,0,0,1,321,,5,13,19,37,322977.2710814729,694348.9589595223,1096429.326343388,1829530.9758827423,64595.45421629459,57706.806649652,70196.05623796165,0.9737382640326876,0,5,19,60,2,7,4,2,0.7435463279868246,0.1746163426227262,0.0818373293904491,15,5,-10,-0.6666666666666666,932053.106067613,322977.2710814729,-609075.83498614,-0.6534776087554355,0,0,0,0,0,1,0,142,222,0,0,0,0,0,5,0,-5,-1.0,0,0,0,0,0,0,,,,,1,2,0,0.5561776368402271,0.1371197813967452,0,1,1,1,36.0,30697.01791875904,65238.432369296046,5369.490780772821,25327.527137986217,1690794.121811235,1570411.348326919,high_value,0,3,1,1,activity_drop,no_recent_complaints,low_digital_engagement
621,F,Almaty,medium_city,medium,employee,low,38,39,mass,0,269628.13303642254,2024-11-01,1440,39,1,0,1,1,1,0,0,0,1,286,,3,9,12,24,26550.652924432605,62377.06268471821,92322.93443411827,142030.16710547387,8850.217641477535,7693.577869509856,15612.148701026154,0.9663908330529224,0,3,12,53,2,3,2,1,0.654376855273351,0.251370564923289,0.0942525798033599,6,3,-3,-0.5,41902.95291589348,26550.652924432605,-15352.29999146087,-0.3663775205121131,2,4,5,6,12,1,1,64,35,1,1,1,1,1,2,2,0,0.0,0,0,0,0,0,0,,,,,0,4,2,0.4554479720387812,0.1165004867687316,2,1,3,0,46.0,5401.894434006388,12022.798020597911,3431.0773110832565,1970.817122923132,366914.44369983126,324115.124710696,low_value,0,3,4,0,moderate_activity,no_recent_complaints,low_digital_engagement
1431,F,Shymkent,large_city,medium,employee,high,64,22,mass,1,520617.3728402275,2024-11-01,2220,22,3,3,3,1,1,0,0,1,1,858,706.0,3,7,11,34,31352.126765132445,91833.37470829806,136574.47790364164,423745.8396011659,10450.708921710817,12415.861627603786,41200.84991618344,1.0,0,3,10,5,1,6,1,1,0.4756707345757128,0.4340870189951445,0.0902422464291426,3,3,0,0.0,28480.9057624804,31352.126765132445,2871.221002652048,0.100812138019658,9,14,21,18,41,4,9,28,28,4,3,4,2,1,13,9,-4,-0.3076923076923077,0,1,0,0,0,0,4.455309746425903,3.0,67.0,,1,2,0,0.3384489414037788,0.0217610491942721,0,1,1,0,68.0,14229.216901035272,28968.76188602264,3418.2244457666584,10810.992455268612,1600540.334172439,1538163.274062934,medium_value,0,3,10,0,digital_active,no_recent_complaints,digital_power_user
2145,M,Astana,small_city,high,employee,low,32,31,affluent,1,736415.8555020891,2024-12-01,1290,31,5,1,5,1,0,0,1,1,1,562,154.0,8,12,19,54,200883.7746567712,427156.9136166258,633735.4223548946,1661455.8687931208,25110.4718320964,33354.49591341551,135273.4703679862,1.0,0,8,19,22,3,8,2,2,0.7880558626658012,0.1764740033998127,0.035470133934386,11,8,-3,-0.2727272727272727,273630.45261580835,200883.7746567712,-72746.67795903716,-0.2658573900076003,1,4,6,5,17,6,17,24,36,3,2,3,0,1,3,1,-2,-0.6666666666666666,0,0,0,0,0,0,,,,,0,1,0,0.1364494220727347,0.013463614683729,0,0,0,0,72.0,21187.91302282582,41901.97506221889,4668.789609819247,16519.12341300657,1605523.7215704548,1624139.3406056848,high_value,0,8,0,0,activity_drop,no_recent_complaints,low_digital_engagement
2296,M,Almaty,rural,medium,entrepreneur,medium,31,19,sme_owner,0,197384.01694432303,2024-12-01,1260,19,6,0,3,1,0,0,0,1,0,531,,6,12,19,45,77335.37134686937,142388.02194834736,236123.76545874868,597678.0811485685,12889.228557811562,12427.566603092037,46805.19528452839,1.0,0,4,19,16,3,7,4,2,0.6045605431537496,0.3677395804595684,0.0276998763866819,12,6,-6,-0.5,131253.12481494652,77335.37134686937,-53917.75346807715,-0.4107921509990384,2,4,6,5,12,3,12,31,1,1,0,4,0,0,10,2,-8,-0.8,0,0,0,0,0,0,,,,,0,2,1,0.416946553169816,0.1946400905812517,2,0,1,0,44.0,11947.202698139265,22992.87144875656,6124.581294552866,5822.621403586397,969698.3039636194,1047825.2129041712,medium_value,0,11,4,0,activity_drop,no_recent_complaints,medium_digital_engagement
1834,M,Shymkent,rural,medium,employee,low,71,30,mass,1,331803.07617840124,2024-12-01,2460,30,2,4,1,1,1,0,0,0,1,440,655.0,8,15,23,40,243084.1261439201,356188.2853725156,511485.5790436712,773697.1428726541,30385.51576799001,22238.50343668136,83787.06383341356,0.9908598824180536,0,8,23,51,3,8,5,2,0.7466736017141018,0.2254041017688428,0.0279222965170552,10,8,-2,-0.2,260884.6927197284,243084.1261439201,-17800.566575808334,-0.0682315485444433,2,3,3,5,9,6,9,55,20,1,1,1,0,0,4,2,-2,-0.5,0,0,0,0,0,0,,,,,1,3,0,0.1868984324184673,0.0222304110434741,2,0,1,1,62.0,9399.788238820143,21472.726398055376,3592.1644384068954,5807.62380041325,395572.0144491,391000.7945282869,medium_value,0,11,2,0,transaction_active,no_recent_complaints,low_digital_engagement
1356,M,Almaty,medium_city,low,employee,medium,19,40,mass,0,75610.2975314457,2024-12-01,900,40,2,0,2,1,0,0,0,1,0,757,,4,14,20,31,10117.90966931901,38353.38794278636,45985.16356878495,72627.64453920252,2529.4774173297524,2299.258178439248,8384.317170799073,0.9918287063881293,0,4,20,52,3,9,4,3,0.8758377754973052,0.0950637359151472,0.0290984885875475,6,4,-2,-0.3333333333333333,14426.456091687767,10117.90966931901,-4308.54642236876,-0.2986559134818465,2,5,8,13,23,8,2,35,41,3,3,9,1,1,10,2,-8,-0.8,0,0,0,0,0,0,,,,,0,1,0,0.537854774679418,0.1684106588437654,1,0,0,0,44.0,4307.311847209637,7813.38009389982,3028.6793435596087,1278.632503650028,106347.38053118276,110278.0557866767,low_value,0,4,2,0,activity_drop,no_recent_complaints,medium_digital_engagement
811,M,South_KZ,medium_city,high,employee,medium,68,43,affluent,0,473528.60727199423,2024-12-01,2370,43,2,1,1,1,1,1,1,1,1,204,174.0,4,7,9,17,73957.10766091892,100878.08556707004,134490.0742206213,258331.29422431145,18489.27691522973,14943.341580069033,61147.05400736157,0.9433508249464057,1,4,9,45,1,2,2,1,0.573804273546755,0.3335473384355598,0.0926483880176851,12,4,-8,-0.6666666666666666,172406.07488114407,73957.10766091892,-98448.96722022515,-0.5710295724097623,1,5,7,5,12,5,12,51,74,1,2,2,0,1,9,1,-8,-0.8888888888888888,0,0,0,0,0,0,,,,,1,3,1,0.1076956946382948,0.0149735440481895,3,1,0,0,43.0,11165.4265657526,22388.02303563568,4574.3646280080975,6591.061937744502,849641.3272969441,880539.9817941773,medium_value,0,1,1,0,activity_drop,no_recent_complaints,medium_digital_engagement
2248,F,Karaganda,large_city,high,entrepreneur,medium,30,55,affluent,0,574188.047502215,2024-12-01,1230,55,2,1,2,1,0,0,0,1,1,144,880.0,6,10,14,35,306479.91375655495,454306.2973732116,784966.7503709224,1358893.4032731643,51079.98562609249,56069.05359792303,148160.49144707897,0.9522514518512996,1,6,14,69,2,5,2,2,0.7605637358360013,0.1657699588880085,0.0736663052759901,6,6,0,0.0,262254.4556311319,306479.91375655495,44225.45812542306,0.168635678730383,1,3,8,4,23,8,23,24,42,3,3,5,0,0,2,1,-1,-0.5,0,0,0,0,0,0,,,,,1,2,1,0.5836125713460449,0.0586172949439754,1,1,0,0,71.0,11006.160101605386,19327.206963290177,2994.634955263386,8011.525146342001,606921.813246496,573944.1567283298,medium_value,0,7,2,0,moderate_activity,no_recent_complaints,medium_digital_engagement
1289,M,Astana,large_city,medium,employee,low,49,49,mass,0,537154.2616269069,2024-12-01,1800,49,5,0,1,1,0,0,0,0,0,582,,9,15,19,40,261036.666893414,262006.17244925303,441770.33272801206,953413.2937481354,29004.074099268222,23251.07014357958,47911.831381962525,0.9991149165060438,0,9,19,19,3,9,4,3,0.6849928349479207,0.2767019211281341,0.0383052439239449,12,9,-3,-0.25,245086.8624196724,261036.666893414,15949.80447374165,0.0650781699038202,2,5,6,4,11,4,8,23,60,1,2,4,0,1,5,2,-3,-0.6,0,0,0,0,0,0,,,,,0,0,0,,,0,0,0,0,,13863.569319282582,26066.33931552241,5343.70849115358,8519.860828129002,949503.497883116,1086356.9885157866,medium_value,0,4,5,0,activity_drop,no_recent_complaints,low_digital_engagement
663,M,Almaty,medium_city,low,unemployed,high,49,61,mass,0,156772.7464252187,2024-12-01,1800,61,6,1,3,1,0,0,0,1,0,464,277.0,7,21,30,50,61504.56318604956,181032.9951606454,240365.3186024208,377263.4857547034,8786.36616943565,8012.177286747358,21741.009663252586,1.0,0,7,30,33,4,10,7,4,0.8553411831527121,0.1034336252917819,0.0412251915555059,9,7,-2,-0.2222222222222222,53360.07819676048,61504.56318604956,8144.484989289078,0.1526325534842176,5,10,15,13,43,4,43,20,10,2,7,17,2,1,8,5,-3,-0.375,0,0,0,0,0,0,,,,,1,3,0,0.066437462398756,0.0153933858865564,1,0,1,1,73.0,10720.2988940966,19952.128709458862,5459.432458418501,5260.866435678098,420643.7098356889,419614.9272108634,medium_value,0,15,5,0,digital_active,no_recent_complaints,digital_power_user
508,F,Almaty,large_city,high,employee,medium,33,41,affluent,1,648914.0656545828,2024-12-01,1320,41,2,0,1,1,0,0,0,1,1,48,,6,12,18,42,107540.02237153285,245982.2399389193,356113.8339123301,880410.2154282943,17923.337061922142,19784.10188401834,60029.665554627885,0.9316018111090172,2,5,18,18,3,6,4,2,0.6152292530984077,0.3748052019269846,0.0099655449746076,13,6,-7,-0.5384615384615384,277727.2816038535,107540.02237153285,-170187.25923232065,-0.612785529205134,2,3,11,7,20,7,20,19,24,2,1,3,0,1,9,2,-7,-0.7777777777777778,0,0,0,0,0,0,,,,,1,2,0,0.6154402162585189,0.2671529674474577,1,1,0,0,69.0,16307.376037410628,31017.462636686112,3816.5130122689534,12490.863025141674,1140365.8091213177,1263575.451763476,medium_value,0,11,1,0,activity_drop,no_recent_complaints,medium_digital_engagement
319,M,Shymkent,large_city,premium,unemployed,medium,30,50,premium,0,1352087.7038520952,2024-12-01,1230,50,3,0,3,1,0,0,0,1,0,378,,4,12,17,35,270396.1622294878,939092.0253624106,1452271.5144723323,2481655.494397953,67599.04055737195,85427.7361454313,311230.6547101414,0.9679426142228388,1,4,17,5,1,4,3,1,0.8734323733115292,0.1040601154686291,0.0225075112198416,5,4,-1,-0.2,344871.31707782595,270396.1622294878,-74475.15484833816,-0.2159505623122946,2,5,11,9,31,3,3,57,44,1,4,10,1,1,3,2,-1,-0.3333333333333333,0,0,0,0,0,0,,,,,0,2,1,0.1603843453049546,0.0796359400104581,2,0,1,0,60.0,29928.104866876063,62607.48601172472,3182.352144763482,26745.752722112586,4957096.898541862,5151545.63723098,high_value,0,6,1,0,transaction_active,no_recent_complaints,medium_digital_engagement
2019,F,Atyrau,large_city,medium,self_employed,low,71,44,mass,0,412920.7074952388,2024-12-01,2460,44,1,2,1,1,1,0,0,0,0,674,706.0,2,2,2,8,33287.28370905793,37965.28985854941,32273.848582112536,109995.9419149798,16643.641854528963,16136.924291056268,51666.90433415741,0.963230611947762,0,2,2,17,0,1,0,0,0.7961425927398061,0.1344273714791297,0.0694300357810642,8,2,-6,-0.75,129368.46501952557,33287.28370905793,-96081.18131046764,-0.742693988801414,0,0,0,0,0,1,0,262,96,0,0,0,0,0,4,0,-4,-1.0,0,0,0,0,0,0,,,,,1,1,0,0.280837565631538,0.0737918926245819,0,0,0,0,46.0,9536.42938643755,18612.916239435,2599.331935919994,6937.097450517556,619476.0333897626,664991.1182559992,medium_value,1,0,0,0,activity_drop,no_recent_complaints,low_digital_engagement
219,F,Almaty,large_city,high,employee,medium,79,19,affluent,0,1050920.147270744,2024-12-01,2700,19,1,0,1,1,0,0,0,1,0,611,,3,8,11,23,36730.98211417648,139791.75167069052,190676.83584370933,418416.1239727072,12243.660704725493,17334.257803973574,55579.873384311104,0.9983354674326952,1,3,6,18,2,2,2,1,0.2752257934333658,0.510414901915152,0.2143593046514822,10,3,-7,-0.7,147576.74866968024,36730.98211417648,-110845.76655550375,-0.7511058995045954,5,5,7,14,19,6,13,25,6,3,1,6,0,0,12,5,-7,-0.5833333333333334,0,0,0,0,0,0,,,,,1,2,1,0.3172190492744189,0.1401316065267465,2,1,1,0,82.0,19139.727373956,35008.79351711988,2796.77673134605,16342.950642609943,1611137.3258712415,1813993.2680051315,high_value,0,9,2,0,activity_drop,no_recent_complaints,medium_digital_engagement
2096,M,North_KZ,large_city,medium,employee,medium,39,74,mass,0,298338.14520662744,2024-12-01,1500,74,1,2,1,1,0,0,0,1,0,392,301.0,2,6,8,19,40766.66342214776,112098.32674125982,183180.24725190407,305052.9610445476,20383.33171107388,22897.53090648801,39062.7745172917,0.9119918358486432,1,2,5,44,1,3,2,1,0.4583214298188407,0.4918949184641561,0.0497836517170031,4,2,-2,-0.5,82431.15038943742,40766.66342214776,-41664.48696728966,-0.5054458996441287,1,3,6,8,19,7,5,51,62,3,3,8,1,0,3,1,-2,-0.6666666666666666,0,0,0,0,0,0,,,,,0,0,0,,,0,0,0,0,,5835.769943019278,13652.492038838764,3240.8366185791056,2594.9333244401723,261562.90481330827,289054.43610194005,low_value,0,7,1,1,activity_drop,no_recent_complaints,medium_digital_engagement
49,F,Astana,large_city,low,unemployed,low,75,37,mass,0,120524.18382246804,2024-12-01,2580,37,0,0,0,1,0,0,0,0,0,169,,2,6,11,27,11033.80368231458,32398.693466790784,62579.97613593963,168130.49872069925,5516.90184115729,5689.088739630875,14402.079590003004,0.9092327895140998,1,2,10,61,2,3,2,2,0.4799440514610211,0.3984725450245764,0.1215834035144025,7,2,-5,-0.7142857142857143,36070.72125309199,11033.80368231458,-25036.917570777405,-0.6941063749489411,1,3,5,2,13,6,13,43,68,1,1,5,0,0,3,1,-2,-0.6666666666666666,0,0,0,0,0,0,,,,,0,3,0,0.1578522902672874,0.0665136028858786,1,1,1,1,16.0,3426.7193913142232,7792.572609609052,2745.558905661033,681.1604856531903,237106.46468322823,219716.0984419895,low_value,0,4,3,1,activity_drop,no_recent_complaints,low_digital_engagement
669,M,Almaty,medium_city,low,employee,medium,19,54,mass,1,168830.48312857313,2024-12-01,900,54,0,0,0,1,0,0,1,1,1,713,,4,6,10,21,10267.735921477775,18913.48612400663,37585.436638013496,69934.65289877137,2566.933980369444,3758.54366380135,12252.516588678252,0.997462738905078,0,4,7,68,2,2,1,1,0.7743240810511555,0.2211400945026963,0.0045358244461482,9,4,-5,-0.5555555555555556,31276.37566034545,10267.735921477775,-21008.63973886767,-0.6717095346026302,1,7,8,4,19,2,19,61,5,2,1,8,0,1,7,1,-6,-0.8571428571428571,0,0,0,0,0,0,,,,,0,1,0,0.0,0.0,0,0,1,0,70.0,2702.47757936356,5386.403426747032,3263.3302326570533,-560.8526532934934,321873.8696183552,332025.4387038009,low_value,0,5,2,0,activity_drop,no_recent_complaints,medium_digital_engagement
2138,F,Aktobe,large_city,high,entrepreneur,medium,36,42,affluent,0,780263.1747363383,2024-12-01,1410,42,4,0,4,1,0,0,0,1,0,604,,5,11,20,39,126519.28392802866,230034.19156282544,379550.31614648656,734328.4789343554,25303.85678560573,18977.51580732433,48822.65460455229,0.9537030732401028,2,5,17,20,1,5,4,3,0.8422974907003676,0.1536881964632163,0.0040143128364161,5,5,0,0.0,121278.55526025398,126519.28392802866,5240.728667774674,0.0432123276578327,5,7,11,11,26,5,26,41,13,4,3,2,0,1,7,5,-2,-0.2857142857142857,0,0,0,0,0,0,,,,,0,1,0,0.2649832807074593,0.1101850717248065,0,0,0,0,49.0,19628.448873372578,36357.92893378052,4567.240655024543,15061.208218348034,1334360.3398327676,1366163.5730395364,high_value,0,4,5,0,transaction_active,no_recent_complaints,medium_digital_engagement
2311,F,Shymkent,large_city,medium,retired,high,22,35,pensioner,0,389420.298814792,2024-12-01,990,35,4,1,4,0,0,0,0,1,1,591,407.0,8,11,25,39,75213.25147876404,73914.10998768352,216970.28457677932,428751.849180108,9401.656434845503,8678.811383071175,16263.18370105928,0.9992414617654533,0,8,24,50,3,10,2,2,0.4555309064962029,0.1717028864272267,0.3727662070765704,12,8,-4,-0.3333333333333333,93665.85465385996,75213.25147876404,-18452.603175095923,-0.1970045887403376,4,8,11,12,33,4,33,15,48,3,1,9,1,1,6,4,-2,-0.3333333333333333,0,3,1,0,0,0,3.1696743472995386,3.0,88.0,10.0,1,2,0,0.1126706201879872,0.0376460516401329,0,1,0,1,53.0,10559.426736580364,20763.966536160508,3436.80882733978,7122.617909240585,552313.4633281715,603161.3954173693,medium_value,0,7,9,0,transaction_active,complaint_risk,medium_digital_engagement
1937,M,East_KZ,rural,low,retired,low,32,30,pensioner,0,138142.87299492772,2024-12-01,1290,30,0,0,0,1,0,0,0,0,1,605,,1,4,9,19,10495.846090893028,52060.09784542601,113448.0418347744,179325.31864232136,10495.846090893028,12605.3379816416,42921.45726679615,1.0,0,1,6,43,1,4,2,1,0.8030828920156498,0.1826387832154785,0.0142783247688716,3,1,-2,-0.6666666666666666,33210.89124263906,10495.846090893028,-22715.04515174603,-0.6839637330353382,2,2,2,4,8,7,8,74,59,0,1,2,0,0,3,2,-1,-0.3333333333333333,0,2,2,0,0,0,2.54444909424582,2.0,29.0,62.0,0,3,1,0.264337176235917,0.0640664349782456,2,0,1,0,72.0,3629.9171413736894,7178.817056871861,2541.297758284064,1088.6193830896264,310225.01714238443,315082.7183335322,low_value,0,3,1,0,activity_drop,complaint_risk,low_digital_engagement
867,F,Aktobe,small_city,low,employee,medium,65,56,mass,1,166994.81124456407,2024-12-01,2280,56,2,2,1,1,0,0,0,1,1,584,677.0,4,7,11,30,18836.15380498546,34764.25991993053,41330.34811039465,162026.5510166753,4709.038451246365,3757.3043736722407,15421.4541446787,0.9691086535473062,0,2,11,15,1,4,1,2,0.7099257730735946,0.242075764445702,0.0479984624807034,10,4,-6,-0.6,42103.521633623575,18836.15380498546,-23267.367828638115,-0.5526228430748881,0,0,2,6,9,8,9,9,12,1,1,4,0,1,2,0,-2,-1.0,0,0,0,0,0,0,,,,,1,4,1,0.2054671021453312,0.0715281435039281,1,0,1,0,68.0,5143.823404944652,11476.574286099903,3624.566778367632,1519.25662657702,388992.84890957136,394336.1134391734,low_value,0,4,1,0,activity_drop,no_recent_complaints,medium_digital_engagement
2257,F,Astana,medium_city,medium,entrepreneur,medium,65,39,sme_owner,0,353691.0152182327,2024-12-01,2280,39,3,2,1,1,1,0,0,1,0,210,756.0,7,13,22,38,85662.08745285223,124725.10211131096,272314.07011012523,448123.7841906212,12237.441064693176,12377.912277732965,25365.39063283398,0.9515846065501796,1,1,4,68,4,4,2,4,0.5826354134047184,0.3550021692977303,0.062362417297551,8,7,-1,-0.125,103550.87911792134,85662.08745285223,-17888.79166506912,-0.1727536435948339,3,6,14,8,22,2,8,31,59,2,1,3,1,1,3,3,0,0.0,0,0,0,0,0,0,,,,,0,1,1,0.3002144563716793,0.0794855452345027,0,0,1,0,66.0,10581.827825926868,19052.817792512466,4548.615411208665,6033.212414718203,559217.1954025029,529323.7340545364,medium_value,0,4,5,0,transaction_active,no_recent_complaints,medium_digital_engagement
169,M,Karaganda,large_city,medium,retired,medium,59,48,pensioner,0,411783.1472947229,2024-12-01,2100,48,1,1,1,0,0,0,0,1,1,267,555.0,6,11,13,29,100320.7312982488,303997.61275279656,245985.794270436,598232.1245256613,16720.12188304147,18921.98417464892,31835.6720132871,0.9094867815483438,3,6,13,52,2,5,2,1,0.9283177686605892,0.0309713826915299,0.0407108486478807,6,6,0,0.0,117291.1527788346,100320.7312982488,-16970.421480585806,-0.1446862877423108,1,4,6,9,24,7,24,11,52,1,2,2,1,2,2,1,-1,-0.5,0,0,0,0,0,0,,,,,0,1,0,0.1408582996509772,0.0643445281009721,0,0,0,0,34.0,6943.434135364929,13255.873163613756,2681.0864178604866,4262.347717504443,658950.7545553884,698141.7735469728,low_value,0,7,0,0,moderate_activity,no_recent_complaints,medium_digital_engagement
1259,F,South_KZ,medium_city,medium,employee,low,50,29,mass,1,268011.4894821782,2024-12-01,1830,29,2,1,2,0,1,0,0,1,1,846,482.0,6,13,20,44,33108.28815272048,52878.19310240426,82679.39929959105,297345.6747760616,5518.048025453413,4133.969964979553,9534.854782083425,0.953885252202326,1,6,17,29,3,9,2,3,0.620873614369405,0.2169997875745819,0.1621265980560129,7,6,-1,-0.1428571428571428,36856.914703939634,33108.28815272048,-3748.626551219153,-0.1017075515227123,1,2,2,2,15,3,15,6,55,1,1,4,0,0,2,1,-1,-0.5,0,0,0,0,0,0,,,,,1,3,1,0.2441633190637896,0.0126701735966066,1,1,0,0,20.0,7845.49802334795,16744.088080076937,4219.508593574091,3625.9894297738592,609079.775403253,578026.8512770177,low_value,0,8,1,0,transaction_active,no_recent_complaints,low_digital_engagement
510,M,Atyrau,medium_city,medium,entrepreneur,medium,28,42,sme_owner,0,349285.4338628823,2024-12-01,1170,42,2,1,2,1,0,0,0,1,1,545,738.0,6,15,20,32,128717.53413461037,284672.38360229926,516449.0348823853,726896.203469571,21452.92235576839,25822.451744119266,113553.91894438694,0.9847428718007012,0,6,11,64,3,9,3,3,0.8378259463128311,0.1217956682835884,0.0403783854035805,10,6,-4,-0.4,248208.26166291148,128717.53413461037,-119490.72752830113,-0.4814131758860629,2,4,5,8,23,7,23,24,22,1,4,8,1,1,3,2,-1,-0.3333333333333333,0,0,0,0,0,0,,,,,0,1,0,0.4235145875480748,0.110137215565223,1,0,0,0,12.0,9990.159780348862,18572.12229873028,3374.368217386834,6615.791562962028,617482.964668801,534923.1953983074,medium_value,0,12,1,0,transaction_active,no_recent_complaints,medium_digital_engagement
368,F,Karaganda,small_city,low,employee,medium,57,39,mass,1,119100.44738999072,2024-12-01,2040,39,0,0,0,0,0,0,0,1,1,425,,4,12,21,41,17682.142664552906,44610.70803266025,115427.88722019918,200570.10549276628,4420.535666138227,5496.566058104722,22991.51670325033,0.9644138533826336,1,1,21,15,2,10,5,3,0.7156044439902118,0.2043783889841188,0.0800171670256694,14,4,-10,-0.7142857142857143,72520.9175473891,17682.142664552906,-54838.77488283619,-0.7561787238420082,1,5,8,4,19,6,19,50,44,2,1,5,1,0,10,1,-9,-0.9,0,0,0,0,0,0,,,,,1,3,1,0.4637203460272323,0.0923251594814318,2,0,1,0,51.0,2250.853843194503,4759.639808081336,1923.2301978404512,327.62364535405186,193488.82582445332,167946.46923725776,low_value,0,10,3,0,activity_drop,no_recent_complaints,medium_digital_engagement
1628,M,Shymkent,medium_city,medium,unemployed,medium,82,36,mass,0,330273.15195860475,2024-12-01,2790,36,2,2,1,1,0,0,0,1,0,745,258.0,4,8,10,23,25182.19710464525,61038.65412471738,49652.37090065716,169300.4887241832,6295.549276161312,4965.237090065716,20141.22581026517,1.0,0,4,10,3,1,3,2,1,0.8028046769688787,0.0361687496962167,0.1610265733349046,13,4,-9,-0.6923076923076923,94990.88615484748,25182.19710464525,-69808.68905020223,-0.7348988084646878,4,5,9,17,20,1,20,18,22,2,2,8,0,1,7,4,-3,-0.4285714285714285,0,0,0,0,0,0,,,,,0,2,1,0.2582523535476039,0.1271203629452889,1,0,2,0,75.0,6797.135314089004,15308.856210849728,3171.2716932655653,3625.863620823439,1792030.9351018844,1623101.3412762736,low_value,0,6,3,1,activity_drop,no_recent_complaints,medium_digital_engagement
1421,F,Almaty,large_city,medium,entrepreneur,high,57,26,sme_owner,0,360592.068946488,2024-12-01,2040,26,3,1,1,1,1,0,1,1,0,10,873.0,7,11,13,31,35859.04275320479,61676.30904247464,62784.29813840489,199916.3014847044,5122.72039331497,4829.561395261915,20641.541817619105,1.0,0,4,13,4,1,5,3,1,0.376758110180633,0.3182779352077739,0.3049639546115931,9,7,-2,-0.2222222222222222,58515.07521177852,35859.04275320479,-22656.032458573725,-0.3871828306906676,4,8,10,14,39,2,39,72,1,6,2,6,1,1,6,4,-2,-0.3333333333333333,0,0,0,0,0,0,,,,,0,2,1,0.3088441831871102,0.0424468411028904,1,0,0,0,73.0,11144.938344885652,21439.63568200368,3615.651110964952,7529.287233920701,417247.1824313639,441773.1315683706,medium_value,1,0,0,0,moderate_activity,no_recent_complaints,medium_digital_engagement
1881,F,Shymkent,large_city,medium,self_employed,medium,65,56,mass,0,301334.37401896063,2024-12-01,2280,56,4,0,3,1,1,0,0,1,0,576,,9,12,14,35,59236.45889055404,112229.05483963068,100351.0302584726,275527.11676183826,6581.828765617115,7167.930732748042,27934.431253216124,0.965702441812479,3,9,14,69,2,7,2,2,0.7655230793000637,0.17243871288709,0.0620382078128462,12,9,-3,-0.25,102875.07698003316,59236.45889055404,-43638.61808947911,-0.4241903809019638,4,8,12,7,26,2,26,12,74,4,4,5,1,1,7,4,-3,-0.4285714285714285,0,0,0,0,0,0,,,,,2,3,0,0.5131891026378708,0.1742816114788074,1,1,2,0,31.0,11601.450257945433,24272.155242034423,5044.615505839454,6556.834752105977,518311.7400046488,555766.9713478448,medium_value,0,5,2,0,moderate_activity,no_recent_complaints,medium_digital_engagement
1991,M,Shymkent,large_city,medium,retired,high,79,46,pensioner,0,308335.34065219254,2024-12-01,2700,46,2,0,2,1,0,0,0,1,0,483,,5,10,13,23,55307.593172501685,112296.19525900632,164408.16203938454,216513.9373623824,11061.518634500337,12646.781695337271,23707.048839633982,0.9586952277286138,1,5,13,65,2,3,3,2,0.5111771109598655,0.1541419346267836,0.3346809544133508,12,5,-7,-0.5833333333333334,117378.55976348704,55307.593172501685,-62070.96659098535,-0.5288100886231335,2,5,9,7,26,7,26,28,13,1,4,6,1,1,10,2,-8,-0.8,0,0,0,0,0,0,,,,,1,3,0,0.3652316531237387,0.167510303924075,1,2,1,1,28.0,9906.68180763133,21463.86694234362,3414.355133362732,6492.326674268598,539432.6666437892,512773.765055423,medium_value,0,7,3,0,activity_drop,no_recent_complaints,medium_digital_engagement
1058,M,South_KZ,medium_city,medium,employee,high,51,20,mass,1,237840.17711516708,2024-12-01,1860,20,3,1,3,1,1,0,0,1,1,622,172.0,12,19,26,50,115093.26696064069,139730.29816265704,232795.5123126148,441643.9893200524,9591.10558005339,8953.673550485186,28759.969249549144,0.9281971926184855,1,3,26,9,3,11,5,5,0.8820718678155777,0.1087354231973343,0.009192708987088,14,12,-2,-0.1428571428571428,125424.31322929502,115093.26696064069,-10331.046268654332,-0.0823687688826932,0,5,10,8,33,4,22,40,73,5,2,12,1,1,2,0,-2,-1.0,1,3,0,0,1,1,3.656759865279565,3.0,67.0,,1,4,1,0.0731524367325159,0.0251330474808063,1,1,1,0,2.0,13546.913381991078,31719.7252890822,3148.825332976626,10398.088049014452,796290.8649656747,718643.2118060235,medium_value,0,10,4,0,activity_drop,no_recent_complaints,medium_digital_engagement
839,M,Astana,medium_city,medium,employee,high,26,39,mass,1,379911.54762423504,2024-12-01,1110,39,2,0,2,1,0,0,0,1,1,438,,9,14,23,56,131903.4572858591,129636.30452806158,322929.916716642,696719.4818972031,14655.939698428789,14040.43116159313,18384.40200079743,1.0,0,9,23,52,2,8,2,4,0.592758806756889,0.2343335041937778,0.1729076890493332,12,9,-3,-0.25,159550.97155749897,131903.4572858591,-27647.51427163987,-0.1732832711813118,3,11,15,17,39,2,19,25,45,6,3,5,2,3,7,3,-4,-0.5714285714285714,0,0,0,0,0,0,,,,,1,1,0,0.0857078383860068,0.0333418628501577,0,1,0,0,80.0,11430.017610350016,23106.820270559783,3153.8675790278794,8276.150031322137,979337.3687171646,1057841.5926950304,medium_value,0,3,8,0,activity_drop,no_recent_complaints,digital_power_user
1848,F,South_KZ,large_city,high,employee,high,58,46,affluent,1,693622.1015536094,2024-12-01,2070,46,0,1,0,1,0,1,1,1,1,258,604.0,6,17,28,45,132874.9882353256,265773.5792544394,563510.0706239545,1049860.775363299,22145.83137255427,20125.35966514124,60244.7100822448,0.9364677528812134,1,6,28,24,2,8,4,3,0.6034364646449288,0.3165309175893539,0.0800326177657171,9,6,-3,-0.3333333333333333,151960.49554615148,132874.9882353256,-19085.507310825866,-0.1255951900014005,6,14,19,16,39,7,39,26,24,2,6,6,1,1,6,6,0,0.0,0,0,0,0,0,0,,,,,1,2,2,0.1180309514411886,0.0516252124147637,1,2,1,0,4.0,11809.209351029109,24527.45751643795,2846.1719914380064,8963.037359591102,1524973.912179825,1669548.5872676782,medium_value,0,8,9,0,digital_active,no_recent_complaints,digital_power_user
600,F,Almaty,medium_city,high,retired,medium,82,24,affluent,0,806475.9524271833,2024-12-01,2790,24,3,1,3,1,0,0,0,1,1,557,830.0,8,16,18,36,455727.6671400264,876230.1373822792,818472.2406990132,1512059.899155173,56965.95839250329,45470.68003883407,88235.67796449752,0.9309248825102951,0,8,18,62,3,7,4,2,0.285153618374093,0.3273055673649162,0.3875408142609908,12,8,-4,-0.3333333333333333,608025.2504691939,455727.6671400264,-152297.58332916757,-0.2504790437759687,7,8,9,18,22,2,22,11,18,3,3,5,0,1,7,7,0,0.0,0,1,0,0,1,0,1.0,1.0,48.0,,0,2,0,0.027683166735389,0.0114536967640069,2,0,0,0,81.0,16895.65160658681,33241.02083806637,3165.8807071048827,13729.770899481926,3244774.282045681,3436675.663004791,medium_value,0,11,4,0,transaction_active,complaint_risk,medium_digital_engagement
1921,F,Astana,small_city,low,entrepreneur,high,26,37,sme_owner,0,120351.47734187637,2024-12-01,1110,37,4,0,3,1,0,0,0,1,0,702,,4,10,17,43,26389.49515741365,46286.494194526895,86364.4207249352,271047.28279731364,6597.373789353413,5080.260042643247,17885.521965915355,0.9316452081650196,1,4,17,39,1,8,3,2,0.8460166484348913,0.1009364510877015,0.053046900477407,6,4,-2,-0.3333333333333333,28828.206451302445,26389.49515741365,-2438.711293888795,-0.0845946242964627,5,16,22,16,46,2,46,2,33,5,2,16,2,1,8,5,-3,-0.375,0,0,0,0,0,0,,,,,0,5,2,0.1683040571283738,0.0820164967251225,1,2,2,0,10.0,7177.895608699113,13450.63380710619,4117.550157598976,3060.3454511001373,181468.50412904035,159656.6646021235,low_value,0,7,13,0,digital_active,no_recent_complaints,digital_power_user
1312,F,Almaty,small_city,premium,self_employed,high,58,27,premium,0,1653209.184610446,2024-12-01,2070,27,1,0,1,1,1,0,0,1,0,802,,0,3,6,23,0.0,124678.94668650402,309921.89565528085,1118697.1057350542,0.0,51653.64927588014,218292.22012605955,0.9936132285833282,0,0,6,31,1,3,1,1,0.7758379941463195,0.1144633254527683,0.1096986804009122,3,0,-3,-1.0,153815.0361075151,0.0,-153815.0361075151,-1.0,3,6,10,15,40,5,40,69,67,6,2,16,2,1,3,3,0,0.0,0,0,0,0,0,0,,,,,0,0,0,,,0,0,0,0,,29397.49893693428,63878.0495060254,2074.656161152526,27322.842775781755,1361320.3503529767,1249430.4237200676,high_value,0,2,8,1,activity_drop,no_recent_complaints,medium_digital_engagement
1337,M,Aktobe,medium_city,medium,employee,high,37,60,mass,0,291143.28505737154,2024-12-01,1440,60,0,0,0,1,1,0,0,1,0,262,,2,7,8,16,17127.588383435574,44061.28704240603,62047.0143731744,99326.14380632312,8563.794191717787,7755.8767966468,27633.84008441048,0.9699191917958456,0,2,8,37,1,2,1,1,0.7211760622476229,0.2686509346571064,0.0101730030952709,8,2,-6,-0.75,65008.63166086328,17127.588383435574,-47881.043277427714,-0.7365336272145107,4,9,12,12,43,1,2,42,13,3,4,16,2,1,12,4,-8,-0.6666666666666666,0,0,0,0,0,0,,,,,0,1,0,0.2916912552983423,0.0225226947076796,0,0,1,0,86.0,5532.141828479948,10113.051533704176,2728.613484223244,2803.5283442567043,614632.0081687445,578005.2009840247,low_value,0,6,2,0,activity_drop,no_recent_complaints,medium_digital_engagement
1134,F,Astana,large_city,medium,unemployed,low,65,49,mass,0,299139.3144326869,2024-12-01,2280,49,4,0,4,1,0,0,0,1,1,558,,7,14,17,33,205684.64881564505,314655.4545812462,533512.3628303421,1064220.1725675997,29383.52125937786,31383.08016649072,50391.75985304955,0.983149344256404,0,7,14,47,3,5,3,2,0.7316193919330167,0.1606179536929076,0.1077626543740756,10,7,-3,-0.3,371771.1780815267,205684.64881564505,-166086.5292658817,-0.4467439625711386,1,3,3,3,6,5,6,35,5,1,0,1,0,0,3,1,-2,-0.6666666666666666,0,0,0,0,0,0,,,,,1,2,0,0.3528119701361794,0.0323301888244989,0,1,0,0,6.0,13238.402201587623,30468.815715338143,4069.487432148348,9168.914769439278,447462.4346067675,481540.0641838603,medium_value,0,7,3,0,activity_drop,no_recent_complaints,low_digital_engagement
820,M,Astana,large_city,medium,employee,low,27,59,mass,0,333390.6184288646,2024-12-01,1140,59,1,1,1,1,0,0,0,1,1,298,484.0,5,7,9,21,29762.362296376865,38611.0868763894,63911.12581434449,124227.24282125544,5952.472459275373,7101.236201593832,22540.67568878911,0.9607685495483056,1,5,9,71,1,3,2,1,0.6615071236158592,0.2895531797970985,0.0489396965870423,14,5,-9,-0.6428571428571429,95019.61022366896,29762.362296376865,-65257.2479272921,-0.6867766324623041,3,3,4,5,9,6,9,70,27,1,1,3,0,0,9,3,-6,-0.6666666666666666,0,0,0,0,0,0,,,,,0,1,0,0.2293942662856656,0.0871408989307743,0,0,0,0,81.0,12488.618039763214,23976.43781232992,3234.332766640716,9254.2852731225,690525.9508095768,785997.9575844194,medium_value,1,0,0,0,activity_drop,no_recent_complaints,low_digital_engagement
2174,M,Astana,medium_city,medium,self_employed,medium,38,25,mass,0,381295.3295497526,2024-12-01,1470,25,1,0,1,1,0,0,0,1,0,173,,7,13,15,17,98759.6362528532,162163.4413430103,205600.05426292057,262855.7022920029,14108.519464693312,13706.670284194704,21998.052398707667,0.8640255050914014,2,7,15,66,2,5,3,2,0.8019650291614192,0.0412342236729699,0.1568007471656108,11,7,-4,-0.3636363636363636,159166.10473908635,98759.6362528532,-60406.46848623316,-0.3795184193597921,2,3,8,8,25,1,25,61,44,1,3,11,0,1,3,2,-1,-0.3333333333333333,0,0,0,0,0,0,,,,,3,4,0,0.4669355084192625,0.1781161036880313,0,0,1,1,23.0,10549.88635444145,18818.654381718312,3201.140187513015,7348.746166928436,290040.2327331831,278768.6752607965,medium_value,0,6,3,0,transaction_active,no_recent_complaints,medium_digital_engagement
528,F,South_KZ,large_city,medium,self_employed,medium,35,43,mass,0,345670.56704115454,2024-12-01,1380,43,6,0,3,1,1,0,1,1,0,94,,9,17,26,48,146258.75803119424,289380.17527138983,310559.93703843857,600249.6650514104,16250.973114577138,11944.612963016869,26614.162035536545,0.9414896793576768,0,8,26,7,3,10,6,4,0.4739373301111498,0.3449165055248395,0.1811461643640106,11,9,-2,-0.1818181818181818,149509.45053123435,146258.75803119424,-3250.6925000401097,-0.0217423881131915,3,8,9,9,24,1,3,64,50,1,3,8,1,2,5,3,-2,-0.4,0,0,0,0,0,0,,,,,0,0,0,,,0,0,0,0,,16567.403381105592,38737.88425858153,4341.851158290638,12225.552222814957,1426103.9483676883,1508332.4960689566,medium_value,0,12,3,0,transaction_active,no_recent_complaints,medium_digital_engagement
2055,M,Astana,large_city,low,retired,medium,34,35,pensioner,0,177097.85565578466,2024-12-01,1350,35,1,0,1,0,0,0,0,1,0,541,,6,10,14,27,36404.38982314004,52383.227568544,98753.89935361086,254883.2398060349,6067.398303856673,7053.849953829347,26515.63428648328,0.9759882746295112,1,4,14,4,2,7,3,1,0.7088251641720508,0.2181720895064142,0.073002746321535,6,6,0,0.0,45031.5820518734,36404.38982314004,-8627.192228733358,-0.1915809268880539,3,6,8,9,27,1,27,34,4,2,1,11,1,1,5,3,-2,-0.4,1,2,1,1,0,0,2.937315137868858,2.0,41.0,83.0,3,4,1,0.3404887253624903,0.0782514026408728,2,0,0,0,19.0,3403.731666101904,6194.858710723966,2711.564921568301,692.1667445336029,381062.0802036201,397009.2043714601,low_value,0,8,2,0,moderate_activity,complaint_risk,medium_digital_engagement
1367,M,Karaganda,medium_city,low,employee,medium,18,35,mass,0,141715.4644743408,2024-12-01,870,35,2,2,1,1,0,0,0,1,0,382,237.0,5,6,13,31,46400.550120721535,43178.95229680765,102968.7621166346,233637.3076754235,9280.110024144307,7920.674008971893,19712.361558049062,0.987901434494199,0,5,13,41,1,4,2,1,0.6604370313129667,0.3350569948018631,0.00450597388517,12,5,-7,-0.5833333333333334,113211.37261864112,46400.550120721535,-66810.82249791958,-0.5901423236248147,5,8,11,10,25,4,25,65,39,1,1,9,1,1,7,5,-2,-0.2857142857142857,0,0,0,0,0,0,,,,,1,1,0,0.0323911500886409,0.0109176833706717,0,1,0,0,75.0,5934.47237315128,10773.519762810023,2533.7116051020007,3400.760768049279,264810.7879875697,251224.3019254261,low_value,0,6,4,0,activity_drop,no_recent_complaints,medium_digital_engagement
618,M,Aktobe,small_city,medium,self_employed,high,60,51,mass,0,363639.5312133668,2024-12-01,2130,51,2,1,2,1,0,0,0,1,0,605,151.0,8,10,17,32,206118.13943974164,281633.89028578694,555253.3935709511,902799.9803338316,25764.767429967706,32661.964327703005,88009.63649661206,0.9587343651811115,1,8,17,69,2,5,3,3,0.8135934588105886,0.0755421220507402,0.110864419138671,10,8,-2,-0.2,272754.7055485883,206118.13943974164,-66636.56610884666,-0.2443095013698162,8,12,16,20,45,5,45,18,46,7,7,7,1,1,9,8,-1,-0.1111111111111111,0,0,0,0,0,0,,,,,0,1,0,0.3122636937352779,0.0920146534254743,1,1,0,0,24.0,7058.158510307208,13654.5850761539,4100.077555916693,2958.080954390515,642502.862306148,580122.4768647959,low_value,0,8,8,0,digital_active,no_recent_complaints,digital_power_user
439,F,Almaty,rural,low,retired,high,59,27,pensioner,0,160295.52080671184,2024-12-01,2100,27,0,1,0,1,0,0,1,1,0,189,880.0,2,5,9,21,21051.177240533416,58030.318776714186,106727.6318292936,284294.8484096808,10525.588620266708,11858.625758810398,37034.65337324592,0.938189352534291,1,2,9,71,1,2,2,1,0.7635607434183637,0.1368467298323724,0.099592526749264,3,2,-1,-0.3333333333333333,37631.83078745628,21051.177240533416,-16580.653546922866,-0.4406018309491775,3,9,13,14,36,7,29,64,46,4,5,4,1,2,6,3,-3,-0.5,0,0,0,0,0,0,,,,,2,3,1,0.4764055988450704,0.0795940420081729,0,0,0,1,36.0,-199.19821988788044,-377.40139424209406,2193.374750605488,-2392.5729704933683,535306.2119575377,595088.6656341995,low_value,1,0,0,0,moderate_activity,no_recent_complaints,medium_digital_engagement
1969,M,North_KZ,medium_city,medium,employee,medium,63,34,mass,1,210148.38482907845,2024-12-01,2220,34,1,0,1,1,0,0,0,1,1,13,,6,8,10,21,33612.469325943195,56228.58505568357,89309.59921302964,140331.79182824751,5602.078220990533,8930.959921302963,37805.62680217596,0.9702352999057507,0,4,10,48,2,3,1,1,0.3553046285142686,0.074326473528961,0.5703688979567704,10,6,-4,-0.4,75295.03336923699,33612.469325943195,-41682.564043293794,-0.5535898209764774,4,8,11,7,28,3,16,44,22,2,1,10,1,2,6,4,-2,-0.3333333333333333,0,0,0,0,0,0,,,,,1,2,1,0.2091257438392412,0.0259275452718281,1,1,0,0,10.0,4673.599202850463,9479.0221733473,3441.1356102923523,1232.46359255811,1252636.629001909,1282969.287406114,low_value,0,5,5,0,moderate_activity,no_recent_complaints,medium_digital_engagement
441,F,North_KZ,large_city,low,employee,medium,55,48,mass,1,187453.64344113803,2024-12-01,1980,48,2,0,2,1,0,0,0,1,1,63,,6,11,13,29,60024.02002168966,93251.8790439536,120757.03079936568,248764.958661358,10004.003336948275,9289.002369181975,37049.0145497817,0.9970031249508484,0,6,13,66,1,3,2,2,0.3888222243984282,0.4809586251538273,0.1302191504477445,8,6,-2,-0.25,72898.98666259332,60024.02002168966,-12874.966640903658,-0.1766137943795341,3,5,12,8,30,3,30,60,64,3,2,12,1,2,5,3,-2,-0.4,0,0,0,0,0,0,,,,,0,2,1,0.2011971567069692,0.0151629674633213,1,0,0,1,21.0,5715.25129790491,13247.570570666105,3095.879718754598,2619.371579150312,640633.3542861621,546658.5845831527,low_value,0,7,5,0,moderate_activity,no_recent_complaints,medium_digital_engagement
1037,M,Almaty,rural,low,employee,high,44,50,mass,1,157778.57155929276,2024-12-01,1650,50,0,0,0,1,0,0,1,1,1,600,,6,11,16,26,32054.39561337777,66998.23864955289,118645.54191014626,197793.6456343317,5342.399268896294,7415.346369384141,23802.831808270163,0.9234588986513672,2,6,16,8,2,3,2,1,0.6957505634134185,0.0998628455422613,0.2043865910443203,6,6,0,0.0,47676.54820672636,32054.39561337777,-15622.15259334859,-0.3276695394475846,5,10,19,12,43,8,43,28,19,3,5,12,1,3,8,5,-3,-0.375,0,0,0,0,0,0,,,,,0,2,0,0.3704457133455489,0.0897241086390824,1,0,1,0,15.0,2305.5848204337763,4991.235557413621,2360.644120469824,-55.05930003604772,485138.9775896754,505433.5024304787,low_value,0,8,11,1,digital_active,no_recent_complaints,digital_power_user
842,F,East_KZ,large_city,medium,self_employed,low,61,33,mass,0,277719.2684879161,2024-12-01,2160,33,2,0,2,1,1,0,0,1,0,484,,8,16,21,38,90164.92685212544,246731.8667571435,318689.3535938835,484660.9642952216,11270.615856515678,15175.683504470644,52625.22018877504,0.9842159867847828,1,6,20,38,4,7,3,4,0.4066229477530828,0.5417398988140365,0.0516371534328809,10,8,-2,-0.2,134221.5301792802,90164.92685212544,-44056.60332715478,-0.3282379754448352,0,1,2,3,7,4,7,43,7,0,0,1,0,0,2,0,-2,-1.0,0,0,0,0,0,0,,,,,0,0,0,,,0,0,0,0,,6360.949825836247,13597.423782656791,3499.781729076421,2861.168096759826,508521.3157134901,449422.6668513662,low_value,0,11,0,0,activity_drop,no_recent_complaints,low_digital_engagement
1104,F,Almaty,small_city,premium,self_employed,low,42,53,premium,0,1237296.9084998162,2024-12-01,1590,53,3,0,3,1,1,1,0,0,1,839,,6,16,23,32,573671.4238187341,1529647.536928316,1819913.9869576164,2854547.6989417416,95611.90396978904,79126.69508511375,204890.3413589927,0.9454131150317578,2,6,23,6,2,10,5,2,0.9001692236614364,0.0829673921047477,0.0168633842338158,9,6,-3,-0.3333333333333333,709323.8916503276,573671.4238187341,-135652.46783159347,-0.1912419268946117,1,2,6,5,8,1,8,36,68,0,1,1,0,0,4,1,-3,-0.75,0,0,0,0,0,0,,,,,0,5,3,0.0,0.0,2,2,2,0,51.0,26685.59637758749,52165.44255323759,4283.939016139533,22401.657361447964,1639099.4886577628,1666426.523185213,high_value,0,16,1,0,activity_drop,no_recent_complaints,low_digital_engagement
621,F,Almaty,medium_city,medium,employee,low,38,39,mass,0,269628.13303642254,2024-12-01,1470,39,0,0,0,1,0,0,0,0,0,582,,1,2,8,24,10222.43137412882,24253.433876583527,144392.49676860892,306561.7609867972,10222.43137412882,18049.062096076115,68407.92153830917,1.0,0,1,8,57,1,4,1,1,0.6449773207560366,0.1787806505661837,0.1762420286777795,3,1,-2,-0.6666666666666666,39031.43094613319,10222.43137412882,-28808.999572004366,-0.7380974479711832,1,1,1,3,8,4,8,32,54,0,1,2,0,1,2,1,-1,-0.5,0,0,0,0,0,0,,,,,0,0,0,,,0,0,0,0,,2456.603888199872,4450.647056569802,2458.9718909991866,-2.3680027993145814,288349.362954712,280703.3986473242,low_value,0,5,1,0,activity_drop,no_recent_complaints,low_digital_engagement
1431,F,Shymkent,large_city,medium,employee,high,64,22,mass,1,520617.3728402275,2024-12-01,2250,22,0,1,0,1,1,0,0,1,1,611,530.0,6,10,16,35,256922.41168258604,464956.0200493206,913147.7540555784,1649082.1601329127,42820.40194709767,57071.734628473656,223812.3761170824,0.9591607614504544,0,6,5,62,3,6,3,1,0.6340787682312272,0.2373337170639299,0.1285875147048427,8,6,-2,-0.25,422189.6387221432,256922.41168258604,-165267.2270395571,-0.3914525887934565,4,8,11,13,39,3,39,27,74,3,4,10,1,1,5,4,-1,-0.2,0,0,0,0,0,0,,,,,0,0,0,,,0,0,0,0,,10812.975918482143,22526.796115174704,3314.361216771135,7498.614701711011,808476.5902592952,825641.2632388058,medium_value,0,7,2,0,transaction_active,no_recent_complaints,medium_digital_engagement
2145,M,Astana,small_city,high,employee,low,32,31,affluent,1,736415.8555020891,2025-01-01,1320,32,1,0,1,0,0,1,0,0,1,882,,8,9,18,38,175212.21812981035,317597.06097890274,444647.28775987786,1142557.3653196949,21901.52726622629,24702.627097771,51121.639665540606,0.9577359909622962,1,8,18,25,2,4,3,2,0.9133378266703012,0.0493580051601418,0.0373041681695568,11,8,-3,-0.2727272727272727,235072.43458793487,175212.21812981035,-59860.21645812452,-0.2546458352850056,0,1,2,3,6,3,3,63,79,0,1,1,0,0,2,0,-2,-1.0,0,0,0,0,0,0,,,,,1,3,0,0.4568621798025455,0.0927724911016067,2,1,2,0,28.0,17231.157163056123,34842.025410097194,2462.3507185321128,14768.80644452401,1696020.4040113506,1478057.495712347,medium_value,0,10,0,0,activity_drop,no_recent_complaints,low_digital_engagement
2296,M,Almaty,rural,medium,entrepreneur,medium,31,19,sme_owner,0,197384.01694432303,2025-01-01,1290,20,2,1,2,1,0,0,1,1,1,695,330.0,2,8,13,24,29486.52925734935,99726.08591034288,215226.09687258003,271422.6845750469,14743.264628674677,16555.85360558308,39679.56178723228,0.8781841632502235,0,2,3,21,1,6,2,2,0.874268451331005,0.0699119492389886,0.0558195994300065,9,2,-7,-0.7777777777777778,99150.66938758102,29486.52925734935,-69664.14013023167,-0.7026088735509571,3,7,12,8,23,8,4,68,17,3,3,9,1,1,11,3,-8,-0.7272727272727273,0,0,0,0,0,0,,,,,0,3,1,0.3367337239580934,0.0187423545828187,0,2,1,1,54.0,9476.329160808353,17799.87751424727,3348.195486829656,6128.133673978695,350879.8270329953,320268.5030529406,medium_value,0,1,7,0,activity_drop,no_recent_complaints,medium_digital_engagement
1834,M,Shymkent,rural,medium,employee,low,71,30,mass,1,331803.07617840124,2025-01-01,2490,31,1,0,1,1,1,0,0,0,1,772,,6,11,16,35,91022.2309496322,163747.13776862016,250744.71221812008,550837.1809332498,15170.371824938702,15671.544513632503,65536.33058954695,1.0,0,5,16,65,1,4,2,2,0.5741828960838642,0.1137111334773142,0.3121059704388214,10,6,-4,-0.4,147909.9618498131,91022.2309496322,-56887.73090018088,-0.3846105440683187,2,2,5,4,7,2,3,41,6,0,1,2,0,0,4,2,-2,-0.5,0,0,0,0,0,0,,,,,2,3,0,0.1114555342928877,0.0086279390903026,2,1,1,1,21.0,8884.486608421648,19076.02633845189,3021.3596150396456,5863.126993382002,1065817.2636477929,1124926.0226057663,medium_value,0,6,3,0,transaction_active,no_recent_complaints,low_digital_engagement
1356,M,Almaty,medium_city,low,employee,medium,19,40,mass,0,75610.2975314457,2025-01-01,930,41,1,1,1,1,0,0,0,1,0,640,855.0,5,6,10,22,18414.689803873865,25816.893760782,39639.53228810565,142780.30014309782,3682.937960774773,3963.9532288105647,15482.372867591195,0.9205231282141192,2,5,3,58,2,5,2,1,0.5425620407198543,0.344681908403734,0.1127560508764116,9,5,-4,-0.4444444444444444,43016.90590440277,18414.689803873865,-24602.21610052891,-0.5719197042019444,2,3,3,4,24,2,24,27,28,1,2,9,1,1,6,2,-4,-0.6666666666666666,0,0,0,0,0,0,,,,,0,1,0,0.3499683357205655,0.0731554958021706,1,0,0,1,79.0,2202.1246955138304,4619.921871069028,2239.1515337058386,-37.0268381920082,214566.32420011383,221431.60871864785,low_value,0,2,2,0,activity_drop,no_recent_complaints,medium_digital_engagement
811,M,South_KZ,medium_city,high,employee,medium,68,43,affluent,0,473528.60727199423,2025-01-01,2400,44,7,0,3,1,1,0,0,1,0,317,,4,10,19,52,75505.03881708071,151395.81456815964,442759.25472016976,744610.8872064411,18876.25970427018,23303.118669482617,74389.48395082513,0.980208905791532,0,4,19,70,3,6,5,1,0.7472829400737316,0.1782728184043985,0.0744442415218697,6,4,-2,-0.3333333333333333,108932.8404451185,75505.03881708071,-33427.80162803779,-0.3068661524976856,4,9,12,13,28,2,19,33,52,1,4,9,1,1,7,4,-3,-0.4285714285714285,0,0,0,0,0,0,,,,,0,1,0,0.1997170282049276,0.0856912240301873,0,0,1,0,57.0,19365.36117677969,43453.99612181376,6211.290253618398,13154.070923161293,1235642.9863292412,1065224.0744600706,medium_value,0,4,7,0,transaction_active,no_recent_complaints,medium_digital_engagement
2248,F,Karaganda,large_city,high,entrepreneur,medium,30,55,affluent,0,574188.047502215,2025-01-01,1260,56,2,4,1,0,1,1,0,1,0,812,837.0,5,10,16,29,63348.4558184399,179072.15822023197,248106.06615508103,522537.6838755745,12669.69116368798,15506.629134692566,59801.48061060099,1.0,0,5,16,46,2,7,4,3,0.3991223022179626,0.0857878228090058,0.5150898749730315,6,5,-1,-0.1666666666666666,81800.17247464215,63348.4558184399,-18451.71665620225,-0.2255706326526663,1,2,5,10,25,3,25,67,62,2,1,8,0,1,3,1,-2,-0.6666666666666666,0,0,0,0,0,0,,,,,1,1,1,0.2846260671479725,0.0190274367192058,0,0,1,0,85.0,16896.67159645054,38319.89061372256,3807.162618349813,13089.508978100725,2660221.0309488154,2753901.5481993607,medium_value,0,3,0,0,activity_drop,no_recent_complaints,medium_digital_engagement
1289,M,Astana,large_city,medium,employee,low,49,49,mass,0,537154.2616269069,2025-01-01,1830,50,0,1,0,1,1,0,0,0,0,304,724.0,6,7,11,26,78830.82526561922,119292.57870194096,134888.36675125512,277617.1053957881,13138.470877603204,12262.578795568646,38589.87569065668,0.9618819204271406,0,6,11,30,2,3,3,1,0.8388521119018187,0.1470864651531407,0.0140614229450405,9,6,-3,-0.3333333333333333,123987.65328161923,78830.82526561922,-45156.828016000014,-0.3642042317990574,0,1,2,2,11,3,11,17,8,1,1,2,1,1,2,0,-2,-1.0,0,0,0,0,0,0,,,,,1,2,0,0.1725461613066301,0.0219885075430055,1,1,1,0,73.0,6205.319976230099,14136.713215663593,2822.8031360603527,3382.5168401697465,1062862.9512918617,1164032.4367508611,low_value,1,0,0,0,activity_drop,no_recent_complaints,low_digital_engagement
663,M,Almaty,medium_city,low,unemployed,high,49,61,mass,0,156772.7464252187,2025-01-01,1830,62,3,3,1,1,0,0,0,1,0,803,737.0,10,20,26,48,30833.386572750824,62680.29202872307,68915.222376217,235190.30571846067,3083.3386572750824,2650.585476008346,6335.851165300188,0.9946167551630734,0,10,26,36,3,5,4,4,0.563208620535968,0.0241174610321503,0.4126739184318818,11,10,-1,-0.0909090909090909,37524.38576918499,30833.386572750824,-6690.999196434168,-0.1783106920814361,2,7,15,8,42,6,15,51,67,1,1,6,2,3,4,2,-2,-0.5,0,0,0,0,0,0,,,,,1,1,0,0.150255784024919,0.0485287431620833,0,0,0,0,58.0,5140.166934127308,9522.25247824168,3717.483822703044,1422.683111424264,71791.61142188277,62300.98744360714,low_value,0,10,7,0,digital_active,no_recent_complaints,digital_power_user
508,F,Almaty,large_city,high,employee,medium,33,41,affluent,1,648914.0656545828,2025-01-01,1350,42,2,0,2,1,1,1,0,1,1,27,,5,8,17,33,235133.677466312,330320.28811651404,484836.06184912793,1078394.490290943,47026.73549326239,28519.76834406635,87940.9329722435,1.0,0,4,17,57,2,7,4,2,0.7428218243515773,0.2318070343704605,0.0253711412779623,6,5,-1,-0.1666666666666666,202931.1494338849,235133.677466312,32202.528032426984,0.1586869641366644,2,4,7,10,19,7,19,21,22,1,1,2,1,0,2,2,0,0.0,0,0,0,0,0,0,,,,,0,2,0,0.2059335688152538,0.0494541047050814,0,0,1,0,83.0,14201.02975944949,25813.335402602414,4131.720073073894,10069.309686375596,408255.64843912434,433862.21658114856,medium_value,0,8,2,0,transaction_active,no_recent_complaints,medium_digital_engagement
319,M,Shymkent,large_city,premium,unemployed,medium,30,50,premium,0,1352087.7038520952,2025-01-01,1260,51,4,1,1,1,0,1,0,1,0,637,670.0,6,13,23,47,280777.9230744584,654697.7928942986,1078089.194651791,2518000.063172771,46796.32051240973,46873.44324573003,171319.0478399501,0.95261693559733,1,3,23,72,4,8,3,3,0.5822256223171164,0.3574916014195762,0.0602827762633073,13,6,-7,-0.5384615384615384,628788.8528459163,280777.9230744584,-348010.9297714579,-0.5534623080487997,0,2,5,4,13,3,13,47,60,1,1,2,0,0,8,0,-8,-1.0,0,0,0,0,0,0,,,,,0,0,0,,,0,0,0,0,,31608.80203234384,56399.59066396647,4433.282791044637,27175.5192412992,1678700.246616055,1887924.9412524223,high_value,0,12,0,0,activity_drop,no_recent_complaints,medium_digital_engagement
2019,F,Atyrau,large_city,medium,self_employed,low,71,44,mass,0,412920.7074952388,2025-01-01,2490,45,2,2,1,1,0,0,1,1,0,114,419.0,2,8,13,23,87314.45482068136,479502.7087669424,564896.1688576852,1053430.2811736327,43657.22741034068,43453.55145059117,193606.3227468925,0.9708965612085122,0,2,13,71,1,4,2,1,0.6570438257557045,0.1511725589915213,0.1917836152527742,10,2,-8,-0.8,424153.41814974113,87314.45482068136,-336838.96332905977,-0.7941441679249741,1,1,3,6,13,7,13,68,9,1,2,2,0,1,7,1,-6,-0.8571428571428571,0,0,0,0,0,0,,,,,0,0,0,,,0,0,0,0,,8570.671417375053,19438.775418233134,3345.39849917753,5225.272918197523,1066729.9629401886,1161571.1952741563,medium_value,1,0,0,0,activity_drop,no_recent_complaints,low_digital_engagement
219,F,Almaty,large_city,high,employee,medium,79,19,affluent,0,1050920.147270744,2025-01-01,2730,20,4,0,2,1,0,0,1,1,0,819,,5,10,17,46,188160.1501469187,473455.0472671565,849196.7399227736,1739550.520644339,37632.030029383735,49952.74940722197,107153.54695782137,0.9985898917162734,0,5,17,70,3,5,2,2,0.5298914793442764,0.4696940640147983,0.0004144566409253,12,5,-7,-0.5833333333333334,510932.5520512503,188160.1501469187,-322772.40190433164,-0.6317319196212716,1,6,8,2,17,2,7,18,43,1,1,4,0,1,7,1,-6,-0.8571428571428571,0,0,0,0,0,0,,,,,0,2,0,0.4172630159171398,0.0859547473182633,0,1,0,0,35.0,26093.81469617234,52593.25567581928,4295.356098148999,21798.45859802334,1726757.6161271562,1937111.3196797187,high_value,0,4,4,0,activity_drop,no_recent_complaints,medium_digital_engagement
2096,M,North_KZ,large_city,medium,employee,medium,39,74,mass,0,298338.14520662744,2025-01-01,1530,75,1,1,1,1,0,0,1,1,1,66,447.0,3,7,17,23,58677.02693991757,182799.5334723792,371199.152187043,565137.5705774124,19559.008979972525,21835.244246296646,89054.44726762387,1.0,0,3,7,27,2,7,4,2,0.4417991395842355,0.5176488765528999,0.0405519838628646,8,3,-5,-0.625,210127.730044194,58677.02693991757,-151450.70310427638,-0.7207554332425489,3,4,6,7,19,1,19,71,9,2,1,2,1,1,5,3,-2,-0.4,0,0,0,0,0,0,,,,,1,1,0,0.4182807400379756,0.0463265044599767,0,0,0,0,67.0,7481.407456861109,13346.59734817226,2504.9188165893943,4976.488640271715,310531.97142026544,277554.13301942585,low_value,1,0,0,0,activity_drop,no_recent_complaints,medium_digital_engagement
49,F,Astana,large_city,low,unemployed,low,75,37,mass,0,120524.18382246804,2025-01-01,2610,38,1,0,1,1,0,0,0,0,0,391,,6,9,11,23,32074.239705024767,60840.8401311279,51746.09034710962,105588.88225713806,5345.706617504128,4704.190031555419,15105.21298717058,0.9677232263095176,0,6,11,62,1,3,1,2,0.9186437766588048,0.077568581456217,0.0037876418849779,8,6,-2,-0.25,36150.20912917893,32074.239705024767,-4075.9694241541656,-0.1127509223968559,2,3,3,3,8,6,8,38,53,1,1,2,0,1,3,2,-1,-0.3333333333333333,0,1,0,0,0,0,3.805408978678333,3.0,87.0,,1,1,0,0.2699296957291904,0.0547391157910376,0,1,0,0,64.0,3336.466445299702,6071.895104506596,3545.494369304409,-209.02792400470665,272765.5630769404,239210.2048098427,low_value,1,0,0,0,moderate_activity,no_recent_complaints,low_digital_engagement
669,M,Almaty,medium_city,low,employee,medium,19,54,mass,1,168830.48312857313,2025-01-01,930,55,3,0,1,1,0,0,0,1,1,641,,8,12,19,46,145862.69950849478,244783.85792473817,458419.27622241527,922891.9818575804,18232.837438561848,24127.33032749554,42636.899967902056,0.9360405951558826,0,8,19,72,1,6,4,3,0.8686391112779381,0.1200490655252626,0.0113118231967991,9,8,-1,-0.1111111111111111,147259.65366677832,145862.69950849478,-1396.9541582835373,-0.0094863333132956,2,6,7,14,27,3,27,43,3,2,3,9,0,1,4,2,-2,-0.5,0,0,0,0,0,0,,,,,1,1,1,0.3348163910508518,0.1322388950279207,1,1,0,0,43.0,5969.653283676607,11704.649103442389,4076.344479592086,1893.3088040845207,224836.78349887664,249176.86422904048,low_value,0,14,3,0,transaction_active,no_recent_complaints,medium_digital_engagement
2138,F,Aktobe,large_city,high,entrepreneur,medium,36,42,affluent,0,780263.1747363383,2025-01-01,1440,43,4,0,4,1,1,0,0,1,0,725,,7,16,27,54,173007.29233959617,369697.7135905056,791185.763725087,1501667.359747801,24715.327477085168,29303.176434262485,127535.46551457875,0.9246195409758516,3,7,27,40,5,11,5,4,0.6506832728103865,0.1463625647094889,0.2029541624801246,8,7,-1,-0.125,258313.79045862888,173007.29233959617,-85306.49811903271,-0.3302436852774039,1,3,5,4,24,3,24,63,73,2,2,5,1,1,2,1,-1,-0.5,0,0,0,0,0,0,,,,,1,2,1,0.2151585108182545,0.0332598728010402,1,2,0,0,51.0,19771.196004952675,38978.4184090135,4265.018158790424,15506.177846162253,2179268.142421563,2310263.8144568657,high_value,0,9,3,0,transaction_active,no_recent_complaints,medium_digital_engagement
2311,F,Shymkent,large_city,medium,retired,high,22,35,pensioner,0,389420.298814792,2025-01-01,1020,36,3,0,3,1,1,0,0,1,0,361,,4,10,18,35,43582.39813427155,125872.13675548538,205845.23725292605,419218.4289365921,10895.599533567887,11435.846514051447,19751.680019313422,0.947799637254445,1,4,18,62,2,6,3,3,0.7698109097178593,0.2235673610775314,0.0066217292046093,5,4,-1,-0.2,50026.7127974621,43582.39813427155,-6444.314663190555,-0.1288174717631553,9,15,18,21,40,5,1,55,46,7,5,5,0,1,11,9,-2,-0.1818181818181818,0,0,0,0,0,0,,,,,0,0,0,,,0,0,0,0,,11173.018802174343,20192.781171015133,3857.1756423981055,7315.843159776237,511355.9875848444,569431.5853987428,medium_value,0,6,14,1,digital_active,no_recent_complaints,digital_power_user
1937,M,East_KZ,rural,low,retired,low,32,30,pensioner,0,138142.87299492772,2025-01-01,1320,31,2,0,2,1,0,0,0,0,0,802,,4,7,12,33,16841.60057814912,24930.094889405733,38188.45718948993,139316.2614604395,4210.40014453728,3182.371432457494,6580.347648423065,0.9470027507933216,1,4,12,37,1,2,1,2,0.6668039521800361,0.2935166533802533,0.0396793944397104,8,4,-4,-0.5,38301.28706566909,16841.60057814912,-21459.686487519968,-0.5602863018865784,0,2,3,1,6,4,6,20,8,1,1,2,0,0,2,0,-2,-1.0,0,0,0,0,0,0,,,,,0,2,1,0.0,0.0,1,1,0,0,5.0,5594.075124609153,10079.143195384127,3628.072900895957,1966.002223713196,101960.41036395596,91873.65260777726,low_value,0,4,0,0,activity_drop,no_recent_complaints,low_digital_engagement
867,F,Aktobe,small_city,low,employee,medium,65,56,mass,1,166994.81124456407,2025-01-01,2310,57,2,2,2,1,0,0,0,1,1,779,93.0,7,16,25,52,46697.04031536865,106821.92175244386,149763.09164432716,267342.98216623004,6671.005759338378,5990.523665773087,7856.292380411444,0.9660310817432692,0,7,4,61,2,8,5,2,0.4978580092632292,0.4116570398492518,0.090484950887519,10,7,-3,-0.3,69419.08622863148,46697.04031536865,-22722.04591326283,-0.3273169836668242,5,7,12,10,24,5,24,79,35,2,2,3,1,1,9,5,-4,-0.4444444444444444,0,0,0,0,0,0,,,,,0,2,0,0.384449506298087,0.0251950984362462,1,0,1,0,82.0,8875.958629375162,20803.441952216184,3472.5609235988813,5403.39770577628,560371.0006053055,630656.3881289574,medium_value,0,8,9,0,transaction_active,no_recent_complaints,medium_digital_engagement
2257,F,Astana,medium_city,medium,entrepreneur,medium,65,39,sme_owner,0,353691.0152182327,2025-01-01,2310,40,1,0,1,0,1,0,0,1,1,606,,7,10,13,24,92433.53006646573,190047.4102141759,185314.20082142984,433850.141557284,13204.790009495102,14254.938524725372,49173.19317988676,0.9650783236163128,0,7,8,57,1,3,3,2,0.6628599492863402,0.2186645883736128,0.118475462340047,12,7,-5,-0.4166666666666667,197377.45898835963,92433.53006646573,-104943.92892189392,-0.5316915592072903,3,8,8,8,20,2,8,26,31,3,3,7,1,1,9,3,-6,-0.6666666666666666,0,1,1,0,0,0,2.1294959318932216,1.0,23.0,1.0,0,1,0,0.3745699197345734,0.1357814356002606,0,1,0,0,77.0,6244.694879885376,11497.857729464284,2947.533487234421,3297.161392650954,998556.3607051754,884820.1657736176,low_value,0,4,3,0,activity_drop,complaint_risk,medium_digital_engagement
169,M,Karaganda,large_city,medium,retired,medium,59,48,pensioner,0,411783.1472947229,2025-01-01,2130,49,1,0,1,1,0,0,0,1,0,471,,6,11,13,22,73264.63134349353,204102.5097082297,166315.85717723245,396929.9063465936,12210.771890582257,12793.527475171726,50909.61853426387,0.998848541350654,0,6,13,19,1,5,1,2,0.5856295544976574,0.3983137012900821,0.0160567442122605,9,6,-3,-0.3333333333333333,101418.54685131372,73264.63134349353,-28153.9155078202,-0.2776012512691164,4,5,8,15,24,5,24,70,26,3,2,10,0,1,5,4,-1,-0.2,0,0,0,0,0,0,,,,,1,3,0,0.166491018557521,0.0620907863819519,2,0,1,1,24.0,10702.146535455431,21165.405637253505,2521.965518141757,8180.181017313674,279235.21866755025,289550.7336215688,medium_value,0,5,5,0,moderate_activity,no_recent_complaints,medium_digital_engagement
1259,F,South_KZ,medium_city,medium,employee,low,50,29,mass,1,268011.4894821782,2025-01-01,1860,30,2,1,2,1,0,0,0,1,1,771,845.0,13,22,26,35,115009.44444901694,193646.775226646,272600.4715181361,432262.367685522,8846.880342232073,10484.633519928311,19074.273284674,0.95211676804753,0,13,10,18,5,8,5,4,0.7435054888013156,0.1984509634514043,0.05804354774728,15,13,-2,-0.1333333333333333,134434.14491514562,115009.44444901694,-19424.70046612868,-0.1444923124135574,0,4,6,3,12,8,12,72,72,1,1,4,0,0,1,0,-1,-1.0,0,0,0,0,0,0,,,,,4,4,1,0.4101254378175694,0.1000924097063607,2,2,1,0,4.0,8248.418891881927,14869.093585394015,3392.934557925718,4855.484333956209,481783.9334465143,462181.3755321227,low_value,0,9,3,0,activity_drop,no_recent_complaints,low_digital_engagement
510,M,Atyrau,medium_city,medium,entrepreneur,medium,28,42,sme_owner,0,349285.4338628823,2025-01-01,1200,43,2,3,2,1,1,0,0,1,1,803,508.0,9,16,20,38,127872.06656000996,299940.609578781,317215.0239640434,823368.1078452896,14208.007395556662,15860.751198202172,50015.897344573095,1.0,0,9,12,16,4,4,2,1,0.6012426086201215,0.213038082259726,0.1857193091201524,13,9,-4,-0.3076923076923077,228229.2254460179,127872.06656000996,-100357.15888600794,-0.4397208932812375,6,11,14,12,27,4,12,56,49,4,2,2,1,1,8,6,-2,-0.25,0,0,0,0,0,0,,,,,0,1,0,0.0,0.0,1,0,0,0,6.0,9080.424602941532,18013.5428532031,3866.314812402614,5214.109790538918,1311167.1576014194,1134005.2816411648,medium_value,0,9,6,0,transaction_active,no_recent_complaints,medium_digital_engagement
368,F,Karaganda,small_city,low,employee,medium,57,39,mass,1,119100.44738999072,2025-01-01,2070,40,3,0,2,1,0,0,0,1,1,638,,7,12,27,49,16769.236535046133,34283.82374808704,85632.34844625455,99484.82024539995,2395.605219292305,3171.5684609723908,12131.44435308833,0.9160353016432524,0,7,27,70,4,7,4,2,0.9212721739137638,0.0461987784968837,0.0325290475893525,8,7,-1,-0.125,18033.209870582697,16769.236535046133,-1263.9733355365645,-0.0700914226922221,6,8,13,17,26,2,26,69,52,4,1,9,0,0,7,6,-1,-0.1428571428571428,0,0,0,0,0,0,,,,,1,3,0,0.3672435728812986,0.0425649888157531,3,0,0,1,67.0,6555.443353699404,13311.93507295066,4363.747642007253,2191.6957116921512,122700.95649962794,132974.2678948069,low_value,0,5,7,0,transaction_active,no_recent_complaints,medium_digital_engagement
1628,M,Shymkent,medium_city,medium,unemployed,medium,82,36,mass,0,330273.15195860475,2025-01-01,2820,37,0,1,0,1,1,0,0,1,0,283,447.0,4,7,13,22,88370.95019415654,130002.45452259554,259692.2641325777,375004.0487300349,22092.73754853913,19976.328010198285,45321.565627691874,0.9573931644844196,1,2,13,28,2,3,1,2,0.8663591227408358,0.120609592744214,0.0130312845149501,5,4,-1,-0.2,110316.31995009536,88370.95019415654,-21945.36975593881,-0.1989313074064327,2,5,6,9,16,8,16,30,31,3,1,5,1,1,3,2,-1,-0.3333333333333333,0,0,0,0,0,0,,,,,0,2,0,0.513534998268117,0.1958190925574422,1,0,1,0,8.0,6466.853308126247,13879.694508619024,2831.345791383892,3635.507516742354,499710.42665249103,447139.4724979504,low_value,0,4,1,0,moderate_activity,no_recent_complaints,medium_digital_engagement
1421,F,Almaty,large_city,medium,entrepreneur,high,57,26,sme_owner,0,360592.068946488,2025-01-01,2070,27,1,0,1,1,0,0,1,1,0,546,,1,3,6,12,9072.654526104723,29477.834103232726,62448.358910596085,116446.00903440012,9072.654526104723,10408.05981843268,31785.31272374427,0.9579740934051544,2,1,6,6,1,1,1,1,0.597530325512567,0.3559042491434028,0.0465654253440301,2,1,-1,-0.5,18885.548748763267,9072.654526104723,-9812.894222658542,-0.5195980457438996,6,8,14,15,40,3,37,60,67,6,7,5,1,2,6,6,0,0.0,0,0,0,0,0,0,,,,,0,1,1,0.3360879524160515,0.0315687612611492,1,0,0,0,18.0,6194.538307543315,12252.555794474354,3565.33531982202,2629.202987721295,429878.0944416496,443116.9974683711,low_value,0,2,4,0,moderate_activity,no_recent_complaints,medium_digital_engagement
1881,F,Shymkent,large_city,medium,self_employed,medium,65,56,mass,0,301334.37401896063,2025-01-01,2310,57,1,1,1,1,0,0,0,1,0,280,538.0,4,9,11,16,52733.50897157124,96135.79770768996,129424.80246624812,178055.92401103108,13183.37724289281,11765.891133295285,46500.51911655468,1.0,0,4,11,26,1,3,3,2,0.8948682612441305,0.0890624238037036,0.0160693149521658,4,4,0,0.0,50909.84493085908,52733.50897157124,1823.66404071216,0.0358214416718198,3,9,11,11,31,2,31,33,3,5,2,10,0,1,5,3,-2,-0.4,0,0,0,0,0,0,,,,,0,1,0,0.2661982826689198,0.1090840370653378,0,0,0,0,89.0,7519.431052627541,14996.657383855072,3623.4566859028414,3895.9743667246985,891754.6114773854,922806.5367806968,low_value,0,4,5,0,moderate_activity,no_recent_complaints,medium_digital_engagement
1991,M,Shymkent,large_city,medium,retired,high,79,46,pensioner,0,308335.34065219254,2025-01-01,2730,47,2,0,1,0,0,0,0,1,0,11,,5,13,20,32,118781.73975835064,301299.66027746524,466692.2838001067,769189.2110390677,23756.34795167013,23334.614190005337,96012.99771135351,1.0,0,5,9,38,3,10,3,2,0.1940517700757481,0.396375665972366,0.4095725639518857,8,5,-3,-0.375,167536.48593115818,118781.73975835064,-48754.74617280753,-0.2910097218634582,7,10,12,15,33,4,33,62,18,3,5,9,1,2,8,7,-1,-0.125,0,0,0,0,0,0,,,,,0,0,0,,,0,0,0,0,,8589.109532822386,19590.936975269866,3425.140355859401,5163.969176962984,515570.6866520703,581635.8993481308,medium_value,0,10,7,0,transaction_active,no_recent_complaints,medium_digital_engagement
1058,M,South_KZ,medium_city,medium,employee,high,51,20,mass,1,237840.17711516708,2025-01-01,1890,21,3,0,3,0,0,0,1,1,1,181,,8,20,25,47,73422.3759570336,247293.3950284781,278927.2035013142,485439.2161891802,9177.7969946292,11157.088140052569,36780.7889423772,1.0,0,8,18,3,2,7,5,3,0.5801307867587725,0.3798499279919077,0.0400192852493198,8,8,0,0.0,76065.90176355481,73422.3759570336,-2643.525806521211,-0.0347530988949347,5,10,21,14,42,2,42,37,5,4,6,7,0,1,8,5,-3,-0.375,0,0,0,0,0,0,,,,,1,1,0,0.1916424690134711,0.0809852086242257,0,0,0,0,27.0,8559.743081114031,18164.23805741165,3681.746007336967,4877.997073777064,486632.1577184869,437706.94231086754,low_value,0,9,5,0,digital_active,no_recent_complaints,digital_power_user
839,M,Astana,medium_city,medium,employee,high,26,39,mass,1,379911.54762423504,2025-01-01,1140,40,2,0,2,1,1,0,1,1,1,443,,10,16,24,44,182897.97691248087,249681.0177256589,357641.5453874355,697017.7404904702,18289.79769124809,14901.731057809811,25234.461225133007,0.943844957520316,2,10,24,27,3,5,3,3,0.752912362995581,0.2232545214684981,0.0238331155359208,12,10,-2,-0.1666666666666666,205503.13133182257,182897.97691248087,-22605.15441934165,-0.109999075307721,7,12,17,18,40,2,40,43,64,3,7,3,0,2,10,7,-3,-0.3,0,0,0,0,0,0,,,,,0,1,0,0.449862316519116,0.1658895619208297,1,0,1,0,46.0,10415.849951748643,22110.63815855282,3619.741237631528,6796.108714117116,454469.0352228799,467954.4030670969,medium_value,0,7,6,0,digital_active,no_recent_complaints,digital_power_user
1848,F,South_KZ,large_city,high,employee,high,58,46,affluent,1,693622.1015536094,2025-01-01,2100,47,4,0,2,1,0,0,0,1,1,675,,6,12,22,51,129617.7776744204,244593.87987385647,339797.6636903676,981482.9870132562,21602.962945736734,15445.348349562164,66797.78731219706,0.8893722937819354,2,6,22,51,4,7,3,3,0.8592875317461172,0.1306620611316866,0.0100504071221963,7,6,-1,-0.1428571428571428,149341.5346109753,129617.7776744204,-19723.7569365549,-0.1320714762168071,3,4,8,16,29,5,12,20,34,4,4,5,1,1,4,3,-1,-0.25,0,0,0,0,0,0,,,,,0,3,0,0.2395919971172085,0.017780662533247,0,1,0,0,34.0,18569.23843589903,35272.80008374454,4088.445732538361,14480.79270336067,2612382.4827285074,2387096.0717222188,medium_value,0,9,1,0,transaction_active,no_recent_complaints,medium_digital_engagement
600,F,Almaty,medium_city,high,retired,medium,82,24,affluent,0,806475.9524271833,2025-01-01,2820,25,1,0,1,1,0,0,0,1,0,603,,2,9,13,23,87356.24140015955,398088.4305679164,709733.9454801233,1144253.5338364614,43678.12070007977,54594.91888308641,189443.66367322783,0.9823008015234608,0,2,13,59,2,6,3,2,0.4868908344499577,0.3464748291193925,0.1666343364306499,2,2,0,0.0,110793.47011819892,87356.24140015955,-23437.228718039376,-0.2115398018767315,4,7,9,8,24,5,24,9,22,4,2,4,0,1,6,4,-2,-0.3333333333333333,0,0,0,0,0,0,,,,,0,0,0,,,0,0,0,0,,13617.220610265647,30132.668741347763,3402.983597721269,10214.237012544378,3037195.173233568,3118442.518284818,medium_value,0,7,6,0,moderate_activity,no_recent_complaints,medium_digital_engagement
1921,F,Astana,small_city,low,entrepreneur,high,26,37,sme_owner,0,120351.47734187637,2025-01-01,1140,38,3,0,2,0,0,0,0,1,1,390,,7,12,19,35,30226.11492896432,39330.59650582336,67455.31701216643,92241.92166947412,4318.0164184234745,3550.2798427456014,8343.315664261345,0.9344964657536938,1,7,19,62,2,7,3,2,0.6452508718834097,0.2136150966447219,0.1411340314718682,12,7,-5,-0.4166666666666667,47274.57591909542,30226.11492896432,-17048.460990131098,-0.3606264182952677,3,7,13,16,35,6,35,49,30,4,4,15,1,1,8,3,-5,-0.625,0,0,0,0,0,0,,,,,0,1,0,0.011640152004882,0.0052698471861539,1,0,0,0,10.0,6170.043573428003,12003.681603394854,5130.712099074111,1039.3314743538913,174899.25629858003,185995.0966886812,low_value,0,10,3,0,activity_drop,no_recent_complaints,medium_digital_engagement
1312,F,Almaty,small_city,premium,self_employed,high,58,27,premium,0,1653209.184610446,2025-01-01,2100,28,5,1,3,1,1,0,0,1,0,381,890.0,8,17,30,58,398156.8020916011,1071258.6962038735,1691022.1102753913,4122915.75069416,49769.60026145013,56367.40367584638,68612.82784092605,0.9677391607221706,1,8,30,42,2,7,6,4,0.57371493603083,0.316228519286582,0.110056544682588,9,8,-1,-0.1111111111111111,599694.6260388291,398156.8020916011,-201537.82394722803,-0.3360674169759507,2,4,5,10,28,5,27,79,21,2,3,11,1,1,3,2,-1,-0.3333333333333333,0,1,1,0,0,0,4.519432999294383,4.0,29.0,70.0,0,1,1,0.1515914270948848,0.0509354976631506,0,0,0,0,80.0,34701.347364605106,64355.32950441223,5289.277378193889,29412.069986411218,3377269.5195295075,3236443.6137364195,high_value,0,12,1,0,transaction_active,complaint_risk,medium_digital_engagement
1337,M,Aktobe,medium_city,medium,employee,high,37,60,mass,0,291143.28505737154,2025-01-01,1470,61,4,1,3,1,0,0,0,1,0,820,756.0,5,14,20,51,58163.17266676026,137420.5597863842,172306.5983972174,471394.6109236221,11632.634533352051,8615.32991986087,10828.51255188777,0.9448871622835257,0,5,20,64,2,6,4,1,0.6372333177268035,0.2662450786566268,0.0965216036165696,7,5,-2,-0.2857142857142857,58368.47262635399,58163.17266676026,-205.299959593729,-0.0035173090943797,6,14,17,18,47,2,19,35,19,4,7,9,2,3,8,6,-2,-0.25,0,0,0,0,0,0,,,,,1,2,0,0.2865838367057597,0.0897143929165529,1,0,0,0,63.0,11670.321637807889,24350.89087372847,4322.718994628597,7347.60264317929,1016421.264171353,992759.941742648,medium_value,0,14,10,1,digital_active,no_recent_complaints,digital_power_user
1134,F,Astana,large_city,medium,unemployed,low,65,49,mass,0,299139.3144326869,2025-01-01,2310,50,0,2,0,1,0,0,0,0,0,873,318.0,1,3,5,16,10834.781061943742,31550.61745218492,55543.42205895783,135465.75225596264,10834.781061943742,11108.684411791564,21083.873374957813,0.9609608699964336,0,1,5,9,1,2,1,1,0.7827649453099697,0.0859715496798348,0.1312635050101955,4,1,-3,-0.75,41061.62680917834,10834.781061943742,-30226.8457472346,-0.7361336628893161,0,0,0,0,1,1,1,152,63,0,0,0,0,0,6,0,-6,-1.0,0,0,0,0,0,0,,,,,2,3,0,0.4271908798450481,0.0513361776826812,0,3,0,0,72.0,6748.697914954911,14501.60843273736,2931.0486479469123,3817.6492670079983,701056.3867833812,741872.0701386348,low_value,0,2,0,0,activity_drop,no_recent_complaints,low_digital_engagement
820,M,Astana,large_city,medium,employee,low,27,59,mass,0,333390.6184288646,2025-01-01,1170,60,2,1,2,0,0,0,0,0,1,95,516.0,4,8,15,31,31134.59427316689,52932.80036334968,118371.7009660462,201864.17694940403,7783.648568291723,7891.446731069747,14462.48702555022,0.9037414312053932,2,3,15,65,1,3,3,2,0.7727450464056657,0.0685857280066118,0.1586692255877224,11,4,-7,-0.6363636363636364,81834.0075193715,31134.59427316689,-50699.41324620461,-0.6195396606258492,4,5,6,4,12,3,12,26,31,1,1,5,0,0,11,4,-7,-0.6363636363636364,0,0,0,0,0,0,,,,,0,1,0,0.3206543469229252,0.0973734591037736,0,0,0,0,6.0,9556.647322176934,22450.319883273736,3879.919813975407,5676.727508201528,643036.3416356839,728878.5665491223,medium_value,0,3,5,0,activity_drop,no_recent_complaints,low_digital_engagement
2174,M,Astana,medium_city,medium,self_employed,medium,38,25,mass,0,381295.3295497526,2025-01-01,1500,26,1,0,1,1,1,0,0,1,0,338,,2,5,7,20,40950.07874632442,94256.68410183916,151580.4398724438,399369.6325031302,20475.03937316221,21654.34855320625,50407.21392087709,1.0,0,2,7,45,1,2,1,1,0.6253335805986636,0.3677568510634673,0.0069095683378689,5,2,-3,-0.6,107531.51975069016,40950.07874632442,-66581.44100436573,-0.6191806937978146,5,8,11,12,23,2,23,13,61,4,1,8,1,1,6,5,-1,-0.1666666666666666,0,0,0,0,0,0,,,,,0,2,0,0.3940651664475915,0.1709648840405351,1,1,0,0,66.0,9034.18574224907,16039.748725536325,3321.2751324865308,5712.910609762539,307792.2628699797,282644.2871682765,medium_value,0,2,6,0,activity_drop,no_recent_complaints,medium_digital_engagement
528,F,South_KZ,large_city,medium,self_employed,medium,35,43,mass,0,345670.56704115454,2025-01-01,1410,44,2,0,2,1,0,0,0,1,0,384,,6,13,16,28,65692.27335284867,153213.79113312872,114732.857282163,224925.8504012701,10948.71222547478,7170.803580135187,32112.4904755928,0.9586758080931542,0,6,16,40,3,5,3,2,0.5083244260153947,0.2873933587197471,0.2042822152648582,7,6,-1,-0.1428571428571428,59639.67938767533,65692.27335284867,6052.593965173342,0.1014860245278938,1,1,4,5,21,5,21,43,70,3,2,7,1,1,2,1,-1,-0.5,0,0,0,0,0,0,,,,,1,1,0,0.2656350516884764,0.1217774576786716,1,1,0,0,80.0,9179.544252172174,17849.68790773087,3389.8995827198823,5789.644669452292,1017112.5367798088,990161.684356107,medium_value,0,3,0,1,transaction_active,no_recent_complaints,medium_digital_engagement
2055,M,Astana,large_city,low,retired,medium,34,35,pensioner,0,177097.85565578466,2025-01-01,1380,36,0,0,0,1,0,0,0,1,0,350,,2,5,7,13,28094.0652249622,80198.72877708974,94265.75366617968,229303.1557388737,14047.032612481096,13466.53623802567,39287.35242390718,0.8984306210817689,0,2,7,5,1,2,1,1,0.6896752138634595,0.224951024979287,0.0853737611572532,3,2,-1,-0.3333333333333333,46077.08864871276,28094.0652249622,-17983.023423750565,-0.39028124282876,4,8,8,12,20,4,19,22,61,1,3,5,0,1,4,4,0,0.0,0,0,0,0,0,0,,,,,2,3,0,0.2327876915439713,0.1137633964997077,2,2,1,0,65.0,2385.3955796322507,5607.703177493228,2615.119006898888,-229.72342726663737,344678.37652922614,394771.75985975296,low_value,0,3,5,0,moderate_activity,no_recent_complaints,medium_digital_engagement
1367,M,Karaganda,medium_city,low,employee,medium,18,35,mass,0,141715.4644743408,2025-01-01,900,36,1,3,1,1,0,0,1,1,0,398,187.0,4,7,11,21,7924.217768335651,18788.419489018044,27015.23822975348,40790.5570815724,1981.0544420839128,2455.930748159408,7208.772491343015,0.9715428630735052,0,4,11,57,1,4,2,1,0.7151183869531829,0.2083333281897205,0.0765482848570964,6,4,-2,-0.3333333333333333,14051.223549223658,7924.217768335651,-6127.005780888007,-0.4360478473226289,3,6,9,10,27,1,17,39,41,1,3,7,1,1,3,3,0,0.0,0,0,0,0,0,0,,,,,0,0,0,,,0,0,0,0,,2604.00336296917,5794.493833160757,3558.254743852528,-954.2513808833578,430383.5682066844,491629.7181203711,low_value,0,4,1,0,moderate_activity,no_recent_complaints,medium_digital_engagement
618,M,Aktobe,small_city,medium,self_employed,high,60,51,mass,0,363639.5312133668,2025-01-01,2160,52,2,0,2,0,0,0,0,1,0,448,,5,6,7,19,88623.174602298,126393.00294907326,113971.6291284206,263234.51070912165,17724.634920459597,16281.661304060088,42618.90709035676,0.9512575487599908,1,5,7,47,1,2,1,1,0.5625345243385709,0.3037440934047306,0.1337213822566985,12,5,-7,-0.5833333333333334,212779.620333672,88623.174602298,-124156.445731374,-0.5834978252930291,1,7,13,10,30,8,25,11,44,3,2,12,0,1,10,1,-9,-0.9,0,0,0,0,0,0,,,,,0,1,0,0.3464044623181162,0.1606851410095763,0,0,1,0,66.0,10126.26679396195,19705.201094848213,3967.450371821876,6158.816422140074,1363588.3857117577,1288536.9126050416,medium_value,0,6,5,0,activity_drop,no_recent_complaints,medium_digital_engagement
439,F,Almaty,rural,low,retired,high,59,27,pensioner,0,160295.52080671184,2025-01-01,2130,28,3,0,3,1,0,0,0,1,0,580,,7,11,20,39,23963.732052801544,36553.34654408829,54852.75133476063,134782.72758471713,3423.390293257364,2742.637566738032,10233.005718215984,0.951822999082795,2,7,20,57,2,7,4,3,0.5000930485245072,0.4441796426106819,0.0557273088648108,12,7,-5,-0.4166666666666667,43220.748490672,23963.732052801544,-19257.01643787045,-0.4455502764378675,2,7,13,8,41,7,41,58,34,7,1,10,2,2,5,2,-3,-0.6,0,0,0,0,0,0,,,,,0,1,0,0.382108059184663,0.0191373481021857,1,0,0,0,10.0,6807.261235289169,12585.77924164711,3304.0385372951896,3503.22269799398,494452.4714096232,442287.1726951798,low_value,0,4,4,0,activity_drop,no_recent_complaints,medium_digital_engagement
1969,M,North_KZ,medium_city,medium,employee,medium,63,34,mass,1,210148.38482907845,2025-01-01,2250,35,2,0,2,1,1,0,0,1,1,511,,7,15,20,45,63991.36339459056,106835.86453429022,135146.45699049576,259815.9196944336,9141.623342084366,6757.322849524788,26903.32317754543,0.9484679901812144,0,7,20,54,2,9,4,2,0.6983314219807404,0.1660322428341542,0.1356363351851051,9,7,-2,-0.2222222222222222,72442.05969267654,63991.36339459056,-8450.696298085983,-0.1166545558469301,4,8,14,12,27,4,27,49,16,4,3,5,1,2,6,4,-2,-0.3333333333333333,0,0,0,0,0,0,,,,,2,2,1,0.0883128870672361,0.0328917109998406,1,0,0,1,33.0,3546.659720640433,8288.678974066132,2733.8345800668785,812.8251405735546,554471.3037016906,498893.1950091524,low_value,0,5,5,0,transaction_active,no_recent_complaints,medium_digital_engagement
441,F,North_KZ,large_city,low,employee,medium,55,48,mass,1,187453.64344113803,2025-01-01,2010,49,1,0,1,0,0,0,1,1,1,318,,10,19,23,42,154248.43699660365,352064.21245890926,329190.30906933703,780574.4009095415,15424.843699660363,14312.622133449437,43775.1784479956,0.9706370761950188,1,5,23,12,3,5,2,3,0.6602649118672583,0.2915700472297122,0.0481650409030293,12,10,-2,-0.1666666666666666,278777.6193265338,154248.43699660365,-124529.18232993016,-0.4466972012701938,5,9,13,9,28,8,28,4,33,1,2,5,1,1,5,5,0,0.0,0,0,0,0,0,0,,,,,0,1,0,0.2368173728103801,0.0171221007759182,1,0,0,0,80.0,3012.338887742126,6042.624084755559,2619.637713303413,392.7011744387137,422901.7511990194,432143.41034671833,low_value,0,11,4,0,transaction_active,no_recent_complaints,medium_digital_engagement
1037,M,Almaty,rural,low,employee,high,44,50,mass,1,157778.57155929276,2025-01-01,1680,51,4,0,4,1,0,0,0,1,1,360,,6,15,29,50,17548.63160692774,47431.43589239935,78519.38207250669,129774.78877181912,2924.771934487957,2707.564899051955,6062.103828766103,0.9631239395897356,1,4,16,63,3,8,4,4,0.706292692015848,0.2255696822438009,0.0681376257403509,8,6,-2,-0.25,20543.699199152863,17548.63160692774,-2995.067592225121,-0.1457900820680155,7,11,14,20,40,8,4,67,24,2,6,12,1,1,11,7,-4,-0.3636363636363636,0,0,0,0,0,0,,,,,1,3,1,0.4734594586869893,0.0260018609412415,2,1,1,0,45.0,7884.087370979955,18410.22700708,4682.753525904309,3201.3338450756464,108279.01246287806,93897.7656608862,low_value,0,6,5,0,transaction_active,no_recent_complaints,medium_digital_engagement
842,F,East_KZ,large_city,medium,self_employed,low,61,33,mass,0,277719.2684879161,2025-01-01,2190,34,1,1,1,1,1,0,0,0,1,438,542.0,3,8,10,22,41159.75560668684,97226.35136670992,119688.15105452844,293970.5217476783,13719.91853556228,11968.815105452846,48500.86631184018,0.9512719294079132,1,3,10,8,2,2,1,1,0.7190539690442439,0.2408148907555936,0.0401311402001626,6,3,-3,-0.5,76825.32544331439,41159.75560668684,-35665.56983662755,-0.4642423527765386,1,3,4,4,8,8,8,4,10,1,1,2,0,0,4,1,-3,-0.75,0,1,1,0,0,0,2.577631077267826,1.0,61.0,66.0,0,0,0,,,0,0,0,0,,4850.561388867185,9612.006005413536,3106.4000759448545,1744.1613129223306,477046.527856932,472336.3340803317,low_value,0,4,3,0,activity_drop,complaint_risk,low_digital_engagement
1104,F,Almaty,small_city,premium,self_employed,low,42,53,premium,0,1237296.9084998162,2025-01-01,1620,54,3,0,3,1,0,0,0,1,0,157,,8,15,22,39,116149.93810940064,328957.36402731406,417425.6727642647,909436.7622487092,14518.742263675082,18973.894216557484,45338.72052089439,0.9668976697898808,0,8,22,16,3,9,2,3,0.3196567923104008,0.4365649880842531,0.2437782196053459,14,8,-6,-0.4285714285714285,264610.3044681372,116149.93810940064,-148460.36635873656,-0.5610528533918575,2,3,7,4,17,2,17,6,27,3,2,5,0,0,11,2,-9,-0.8181818181818182,0,0,0,0,0,0,,,,,0,1,0,0.1251513247041082,0.0276898637112753,1,0,1,0,60.0,25665.567461234907,60225.02018037633,3795.857924788856,21869.70953644605,1605145.0112190335,1836167.678642568,high_value,0,9,1,0,activity_drop,no_recent_complaints,low_digital_engagement
621,F,Almaty,medium_city,medium,employee,low,38,39,mass,0,269628.13303642254,2025-01-01,1500,40,1,1,1,1,0,0,1,0,0,66,9.0,2,4,8,18,32909.459834021254,91526.4257940674,170442.48761862566,502066.1082369157,16454.729917010627,21305.310952328207,57175.37362147444,0.9564550241292966,1,2,8,12,1,4,2,1,0.9039425474157626,0.053559333383069,0.0424981192011684,3,2,-1,-0.3333333333333333,58823.26813359589,32909.459834021254,-25913.80829957463,-0.4405366978373378,1,2,4,3,8,2,8,7,70,1,1,3,0,0,2,1,-1,-0.5,0,0,0,0,0,0,,,,,1,3,0,0.1482848458497285,0.0612254508281797,2,1,1,1,64.0,6092.856161890049,13855.949694009412,2921.8561145015,3171.0000473885493,398806.3494080744,437873.5500324573,low_value,0,1,2,0,moderate_activity,no_recent_complaints,low_digital_engagement
1431,F,Shymkent,large_city,medium,employee,high,64,22,mass,1,520617.3728402275,2025-01-01,2280,23,1,3,1,0,0,0,0,1,1,256,361.0,3,13,19,38,147945.23893317848,772470.7110252163,642111.3582498564,1711700.353142128,49315.07964439283,33795.334644729286,124935.44235428522,0.8911050537723354,1,3,3,60,3,8,3,3,0.7681840319421983,0.0498901629493244,0.1819258051084773,3,3,0,0.0,129043.81495477117,147945.23893317848,18901.42397840733,0.1464729168541098,4,10,15,10,37,8,37,6,31,1,5,10,2,2,8,4,-4,-0.5,0,0,0,0,0,0,,,,,0,1,0,0.4537226050846192,0.1370449421580698,0,0,0,0,46.0,9454.651538010106,22251.41761639816,3797.2178682933554,5657.433669716751,2091315.4326616,1934688.45203478,medium_value,0,7,8,0,digital_active,no_recent_complaints,digital_power_user
2145,M,Astana,small_city,high,employee,low,32,31,affluent,1,736415.8555020891,2025-02-01,1350,32,5,1,2,1,0,0,0,0,1,408,771.0,11,20,34,59,206604.3122655132,445268.3623967296,820867.8389426768,1823964.636778744,18782.210205955747,24143.171733608146,104968.01818847176,0.944222002039282,0,11,30,25,3,15,6,3,0.5666864291588019,0.3704449884609653,0.0628685823802329,13,11,-2,-0.1538461538461538,329561.4404014239,206604.3122655132,-122957.1281359107,-0.3730931870735307,0,3,3,6,13,7,13,47,34,2,2,2,0,0,2,0,-2,-1.0,0,0,0,0,0,0,,,,,1,2,0,0.2850185576161032,0.0616263807453206,1,0,2,0,23.0,20269.298969367406,40256.50284828783,4839.507902429462,15429.791066937943,1502386.1550369908,1361523.305300187,high_value,0,12,5,0,activity_drop,no_recent_complaints,low_digital_engagement
2296,M,Almaty,rural,medium,entrepreneur,medium,31,19,sme_owner,0,197384.01694432303,2025-02-01,1320,20,3,2,3,1,1,0,0,1,0,696,158.0,6,13,15,26,56973.570270683165,176298.29268335598,161428.55920697507,248449.0770937485,9495.59504511386,10761.903947131672,18217.96082409527,0.935731541986602,0,6,15,2,3,7,3,1,0.4215372232491977,0.1222254580142886,0.4562373187365137,7,6,-1,-0.1428571428571428,54056.921450682414,56973.570270683165,2916.648820000752,0.0539551410204091,5,8,10,8,22,1,22,52,24,1,4,8,1,0,8,5,-3,-0.375,0,0,0,0,0,0,,,,,0,1,0,0.3080135033137985,0.0572012882781839,0,0,1,1,59.0,8039.259309970045,14072.1217749865,3631.477230255648,4407.782079714398,244328.12195878816,249456.5953582132,low_value,0,7,5,0,transaction_active,no_recent_complaints,medium_digital_engagement
1834,M,Shymkent,rural,medium,employee,low,71,30,mass,1,331803.07617840124,2025-02-01,2520,31,1,2,1,1,0,0,0,0,1,633,35.0,10,14,22,41,133434.8584494808,179594.5045288771,324852.77876579977,678076.9714590844,13343.485844948078,14766.035398445443,42165.89758479698,0.9536908889929216,0,10,22,8,2,9,3,2,0.3594736909226014,0.2743250222118609,0.3662012868655376,12,10,-2,-0.1666666666666666,121859.96537643563,133434.8584494808,11574.893073045154,0.0949851990954481,2,4,4,3,7,6,7,41,47,1,1,3,0,0,5,2,-3,-0.6,0,1,0,0,0,0,3.418456357207111,2.0,39.0,,2,3,1,0.4589109442320088,0.0446644617464476,1,0,1,0,5.0,8794.355497608756,19624.723677081376,3299.448084723412,5494.9074128853445,368798.32096210704,419017.0399373047,medium_value,0,8,4,0,activity_drop,no_recent_complaints,low_digital_engagement
1356,M,Almaty,medium_city,low,employee,medium,19,40,mass,0,75610.2975314457,2025-02-01,960,41,2,0,2,1,0,0,0,1,0,744,,3,9,14,27,13700.74208318752,32370.97739761737,60715.45433913547,96706.09317810523,4566.914027729173,4336.818167081105,13596.972388374485,0.936479294243928,0,3,14,11,2,7,2,1,0.7419485602710356,0.2032122820117662,0.054839157717198,5,3,-2,-0.4,20814.923646122592,13700.74208318752,-7114.181562935073,-0.3417827364579501,2,5,8,12,26,6,26,68,33,4,2,6,1,1,3,2,-1,-0.3333333333333333,0,0,0,0,0,0,,,,,1,1,0,0.3905303414541389,0.0849316979191096,0,0,0,0,7.0,4388.744992440587,9564.846884363242,4046.522318975175,342.2226734654123,266792.3269568619,234076.81586755533,low_value,0,6,6,0,moderate_activity,no_recent_complaints,medium_digital_engagement
811,M,South_KZ,medium_city,high,employee,medium,68,43,affluent,0,473528.60727199423,2025-02-01,2430,44,5,1,5,1,1,0,0,1,0,849,164.0,5,9,17,47,68921.09736949964,161974.87218263838,247319.0456801286,823106.7884197569,13784.219473899928,14548.179157654624,54588.54923106452,0.998469658275618,0,5,17,10,2,4,3,2,0.5070168091672401,0.3333882871334303,0.1595949036993296,8,5,-3,-0.375,143701.6955057108,68921.09736949964,-74780.59813621118,-0.520387723144431,2,2,4,8,14,8,14,61,37,2,1,2,0,0,5,2,-3,-0.6,0,0,0,0,0,0,,,,,0,1,0,0.1556596194287413,0.0196817801959889,0,0,0,0,10.0,15389.616921964916,27727.622552683635,4960.002523314168,10429.614398650749,834092.9672650703,812626.5199008882,medium_value,0,11,2,1,activity_drop,no_recent_complaints,medium_digital_engagement
2248,F,Karaganda,large_city,high,entrepreneur,medium,30,55,affluent,0,574188.047502215,2025-02-01,1290,56,1,0,1,1,1,0,0,1,0,551,,3,7,11,23,127758.44452339284,189004.59377163005,416740.9870702062,987936.9331944642,42586.14817446428,37885.54427910966,146802.6402237631,0.9813222665030288,0,3,11,69,1,3,1,1,0.5492148569274431,0.2074688159761186,0.2433163270964382,5,3,-2,-0.4,248655.41884563805,127758.44452339284,-120896.9743222452,-0.4862028540680886,5,9,13,18,36,2,36,3,9,5,3,3,0,1,8,5,-3,-0.375,0,0,0,0,0,0,,,,,1,3,0,0.4241006904203909,0.1854118166399745,1,0,1,0,58.0,12051.51036287724,23916.741622928177,3031.017054024357,9020.493308852883,1050092.4682470448,1038121.122721034,medium_value,0,8,2,0,moderate_activity,no_recent_complaints,medium_digital_engagement
1289,M,Astana,large_city,medium,employee,low,49,49,mass,0,537154.2616269069,2025-02-01,1860,50,1,0,1,1,0,0,0,1,0,92,,7,11,16,27,44631.43726384269,88153.46562905287,143242.30403544186,224561.4658458556,6375.919609120384,8952.644002215116,21572.58876991085,1.0,0,7,16,17,2,6,3,1,0.4661869149133829,0.1534739392164675,0.3803391458701495,7,7,0,0.0,59965.91252645791,44631.43726384269,-15334.47526261522,-0.2557198684477519,1,2,6,4,20,4,16,7,19,1,3,6,0,1,2,1,-1,-0.5,0,0,0,0,0,0,,,,,0,3,0,0.2909854795701971,0.1287626033901806,0,1,0,0,12.0,11167.40618618178,25243.57317248233,2998.7267098648995,8168.679476316882,1008475.7462171188,936033.317501167,medium_value,0,15,2,0,transaction_active,no_recent_complaints,low_digital_engagement
663,M,Almaty,medium_city,low,unemployed,high,49,61,mass,0,156772.7464252187,2025-02-01,1860,62,2,0,2,1,0,0,0,1,0,494,,6,12,16,30,22972.54869136036,38211.74878028295,54233.54987109306,119626.26715644496,3828.758115226726,3389.5968669433164,8638.226129327846,0.9199397713506022,2,6,16,49,2,6,3,3,0.7856414645388796,0.0932586966211946,0.1210998388399259,9,6,-3,-0.3333333333333333,31768.90257848649,22972.54869136036,-8796.35388712613,-0.2768856703625297,5,9,14,13,49,7,49,35,36,5,4,15,1,2,7,5,-2,-0.2857142857142857,0,0,0,0,0,0,,,,,0,1,0,0.3845683329609404,0.0726679768380478,1,0,0,0,46.0,7775.052253976431,15808.68442852426,3103.8486820253675,4671.203571951064,149777.44902033283,134860.46737807404,low_value,0,12,11,0,transaction_active,no_recent_complaints,medium_digital_engagement
508,F,Almaty,large_city,high,employee,medium,33,41,affluent,1,648914.0656545828,2025-02-01,1380,42,1,3,1,1,0,0,1,1,1,896,151.0,3,6,8,21,57998.89382006394,142444.28855620365,138536.7484927271,284443.4278231424,19332.96460668798,17317.09356159089,59617.01602638628,0.9540595667621092,0,3,8,43,1,4,1,1,0.748698772464432,0.2318460577356702,0.0194551697998976,6,3,-3,-0.5,97475.860739954,57998.89382006394,-39476.96691989007,-0.4049922372597117,2,6,7,5,15,5,15,29,26,2,1,2,1,0,4,2,-2,-0.5,0,0,0,0,0,0,,,,,2,3,1,0.0747069962929309,0.0169411603090146,2,0,0,1,19.0,13100.666702839622,26688.06985847132,2698.152260894901,10402.51444194472,1324073.9737874952,1224721.9631927332,medium_value,0,2,6,0,moderate_activity,no_recent_complaints,medium_digital_engagement
319,M,Shymkent,large_city,premium,unemployed,medium,30,50,premium,0,1352087.7038520952,2025-02-01,1290,51,1,0,1,1,0,0,0,1,0,750,,3,6,6,13,102794.18865944572,225301.3209434835,228514.4112055892,548729.9721122242,34264.72955314857,38085.73520093153,167035.2105727693,1.0,0,3,6,39,1,3,1,0,0.4140825052517274,0.509905511385765,0.0760119833625075,8,3,-5,-0.625,368701.57962470606,102794.18865944572,-265907.39096526033,-0.7211994893971491,1,4,7,8,14,8,14,78,35,2,2,5,0,0,8,1,-7,-0.875,0,0,0,0,0,0,,,,,0,2,0,0.3329559117328971,0.0925073968249053,0,0,0,0,56.0,25721.138090359764,51300.84170196031,3342.3179670704494,22378.820123289315,2570732.968152219,2687303.244945439,high_value,0,6,4,0,activity_drop,no_recent_complaints,medium_digital_engagement
2019,F,Atyrau,large_city,medium,self_employed,low,71,44,mass,0,412920.7074952388,2025-02-01,2520,45,3,1,1,1,1,0,0,0,1,180,584.0,9,18,31,50,138617.5635826593,387260.44644676347,489096.2835915289,817677.8029656962,15401.951509184366,15777.29947069448,59986.790246755365,1.0,0,9,31,9,5,7,7,2,0.5481998338749134,0.3269250854907654,0.1248750806343212,12,9,-3,-0.25,272926.6709127574,138617.5635826593,-134309.1073300981,-0.4921069343678427,2,3,5,5,13,8,13,72,26,1,1,2,0,1,3,2,-1,-0.3333333333333333,0,0,0,0,0,0,,,,,2,3,0,0.3182773113759498,0.1009630529408887,1,3,1,0,13.0,12013.931443228015,23962.11299649888,3610.939588102423,8402.991855125594,880654.6865344811,861404.9503430882,medium_value,0,20,2,1,transaction_active,no_recent_complaints,low_digital_engagement
219,F,Almaty,large_city,high,employee,medium,79,19,affluent,0,1050920.147270744,2025-02-01,2760,20,5,0,3,1,0,1,0,1,1,446,,6,12,21,44,1263445.9375193925,2723486.3986780266,4028175.460259746,6764746.180424388,210574.32291989875,191817.879059988,303089.2121143096,0.9775389653121892,1,6,21,45,3,9,4,3,0.3421202171077663,0.2450963919411468,0.4127833909510869,11,6,-5,-0.4545454545454545,2448130.114381737,1263445.9375193925,-1184684.176862345,-0.4839138940789227,1,5,6,8,19,6,19,58,18,1,2,1,0,0,5,1,-4,-0.8,0,0,0,0,0,0,,,,,0,1,0,0.3462074300220229,0.0968219445838404,1,0,1,0,17.0,28006.972413585256,65422.2477896183,4546.877726471371,23460.094687113884,2040119.042334178,2113684.441073125,high_value,0,9,3,1,activity_drop,no_recent_complaints,medium_digital_engagement
2096,M,North_KZ,large_city,medium,employee,medium,39,74,mass,0,298338.14520662744,2025-02-01,1560,75,0,0,0,1,1,0,0,1,0,170,,2,8,15,27,31977.605922953207,139346.12243833204,210192.65282883,487201.7672507804,15988.802961476604,14012.843521921995,46210.27453579465,0.9834630453123692,1,2,15,65,2,5,2,2,0.7586215660296298,0.1737458835676876,0.0676325504026826,2,2,0,0.0,33396.01940037839,31977.605922953207,-1418.4134774251834,-0.0424725312445204,3,6,7,9,18,3,18,28,1,3,1,3,0,0,6,3,-3,-0.5,0,0,0,0,0,0,,,,,1,2,0,0.2478570888601656,0.090979512342358,2,0,0,0,15.0,6869.039104844677,13810.034639193627,2452.509880185301,4416.529224659376,1009027.8376100396,982289.5164984708,low_value,0,7,3,1,transaction_active,no_recent_complaints,medium_digital_engagement
49,F,Astana,large_city,low,unemployed,low,75,37,mass,0,120524.18382246804,2025-02-01,2640,38,3,0,1,1,0,0,0,0,0,112,,5,18,21,37,28613.903211605804,71697.13216066272,79100.59248118344,206434.27418204508,5722.7806423211605,3766.694880056354,16229.64207872508,0.9499685605261864,3,5,21,28,3,4,5,3,0.667537866126738,0.2929318646058212,0.0395302692674407,11,5,-6,-0.5454545454545454,51880.53133231551,28613.903211605804,-23266.62812070971,-0.4484654941499667,0,0,0,0,0,1,0,252,184,0,0,0,0,0,6,0,-6,-1.0,0,0,0,0,0,0,,,,,1,1,1,0.0950097905590005,0.0446874807762769,0,0,0,0,77.0,9211.302422193512,19630.39237097821,3243.3466397670004,5967.955782426512,130480.74706376542,140041.90785321972,medium_value,0,17,0,0,activity_drop,no_recent_complaints,low_digital_engagement
669,M,Almaty,medium_city,low,employee,medium,19,54,mass,1,168830.48312857313,2025-02-01,960,55,3,1,2,0,0,0,0,1,1,271,531.0,9,16,23,49,67708.92673625358,128964.72733273868,159168.87305249117,392444.5396813312,7523.214081805952,6920.38578489092,25138.47798642555,0.9797360601989334,0,9,23,60,3,7,5,1,0.9089690550159866,0.0108191976098803,0.080211747374133,11,9,-2,-0.1818181818181818,86090.73835214166,67708.92673625358,-18381.811615888088,-0.213516714663312,1,3,7,4,26,4,6,20,35,4,2,3,1,1,3,1,-2,-0.6666666666666666,0,0,0,0,0,0,,,,,0,1,0,0.5351237770652025,0.1321578909235009,1,1,0,0,56.0,7404.617355940387,16571.78798843397,3807.328948574518,3597.288407365869,262023.4310031516,294595.12574952043,low_value,0,10,4,0,activity_drop,no_recent_complaints,medium_digital_engagement
2138,F,Aktobe,large_city,high,entrepreneur,medium,36,42,affluent,0,780263.1747363383,2025-02-01,1470,43,3,0,3,1,1,0,1,1,0,751,,5,11,17,33,156306.83099994494,362991.0314324896,589566.5147185633,1221501.3028107863,31261.36619998899,34680.383218739014,110299.6791731354,0.9614056510000336,2,5,16,59,3,5,2,1,0.6004163355230557,0.3236867284986416,0.0758969359783026,10,5,-5,-0.5,298314.46715336177,156306.83099994494,-142007.63615341682,-0.4760333533553085,2,2,3,5,12,1,12,46,36,2,0,2,0,1,10,2,-8,-0.8,0,0,0,0,0,0,,,,,2,2,0,0.3112932750099393,0.0311214819150793,0,0,0,0,26.0,20440.767471032355,44128.02159371883,3604.351274430144,16836.41619660221,1113236.2302354646,956162.0069596764,high_value,0,10,1,1,activity_drop,no_recent_complaints,medium_digital_engagement
2311,F,Shymkent,large_city,medium,retired,high,22,35,pensioner,0,389420.298814792,2025-02-01,1050,36,1,1,1,1,0,0,0,1,0,323,892.0,3,7,10,23,30661.910754735072,83960.82879395867,131948.90775561138,290543.2523303236,10220.636918245023,13194.890775561138,28977.26955324816,0.9561255263990908,0,1,10,26,1,5,2,1,0.4568833998989989,0.1951911212753567,0.3479254788256443,11,3,-8,-0.7272727272727273,132230.49349583502,30661.910754735072,-101568.58274109996,-0.7681177015670682,3,8,18,11,37,2,13,62,50,5,1,10,1,2,7,3,-4,-0.5714285714285714,0,0,0,0,0,0,,,,,0,2,1,0.1921688186675776,0.034308936947765,0,0,1,0,60.0,8119.505792644926,17000.89402972891,2326.8732028565337,5792.632589788393,413820.5027294869,354119.67416540586,medium_value,0,3,4,0,activity_drop,no_recent_complaints,digital_power_user
1937,M,East_KZ,rural,low,retired,low,32,30,pensioner,0,138142.87299492772,2025-02-01,1350,31,0,0,0,1,0,0,0,1,1,413,,3,7,9,20,9810.793395259583,33325.61127541417,36711.55406932281,103545.1337153529,3270.264465086528,4079.06156325809,10896.945618180003,0.9399651837191776,0,1,9,11,1,2,1,1,0.4944148421257502,0.401918021198612,0.1036671366756377,5,3,-2,-0.4,20953.72380338758,9810.793395259583,-11142.930408127995,-0.5317875959750182,1,3,4,6,9,7,9,23,40,1,1,1,0,0,4,1,-3,-0.75,0,0,0,0,0,0,,,,,2,3,0,0.1973310966469976,0.0463476446725849,0,1,0,0,2.0,-1009.593723482325,-2077.6386609283363,2515.939288903877,-3525.533012386202,214075.90744373007,200606.9493569802,low_value,0,6,1,0,activity_drop,no_recent_complaints,low_digital_engagement
867,F,Aktobe,small_city,low,employee,medium,65,56,mass,1,166994.81124456407,2025-02-01,2340,57,1,3,1,1,0,0,0,1,1,146,360.0,3,7,13,34,16154.28667370175,45297.35703017207,66328.66591288282,196201.66186936144,5384.76222456725,5102.205070221755,19100.43354668544,0.9319816325501976,2,3,13,16,2,3,1,1,0.6735945119571629,0.178060287686704,0.1483452003561331,4,3,-1,-0.25,23625.885231148743,16154.28667370175,-7471.598557446992,-0.316246290217152,6,7,11,7,29,1,29,76,41,4,5,8,1,1,9,6,-3,-0.3333333333333333,0,0,0,0,0,0,,,,,0,1,0,0.2883805735841431,0.0680424103813498,0,0,0,0,54.0,2184.915386556216,3983.562594698208,3104.767236910241,-919.8518503540264,397424.29435405286,375815.8993888356,low_value,0,6,5,0,moderate_activity,no_recent_complaints,medium_digital_engagement
2257,F,Astana,medium_city,medium,entrepreneur,medium,65,39,sme_owner,0,353691.0152182327,2025-02-01,2340,40,2,1,1,1,0,0,0,1,0,645,858.0,5,9,11,25,47021.16220980579,74836.49886632865,75830.01500224911,160407.02658705888,9404.232441961158,6893.637727477192,28426.85817179602,0.9502680202639688,0,5,11,24,2,4,1,2,0.7440457183002461,0.2006091147555039,0.0553451669442498,15,5,-10,-0.6666666666666666,164772.97514638328,47021.16220980579,-117751.81293657748,-0.7146306172597023,1,2,4,2,12,6,9,27,8,1,1,2,1,0,3,1,-2,-0.6666666666666666,0,1,1,0,0,0,3.80495794432608,3.0,4.0,24.0,0,1,0,0.3613331911757566,0.1311174947625722,0,0,0,0,6.0,10534.749836446048,24405.17832984737,3393.8896550950467,7140.860181351001,311423.5012197129,320369.484726504,medium_value,0,2,3,1,activity_drop,complaint_risk,medium_digital_engagement
169,M,Karaganda,large_city,medium,retired,medium,59,48,pensioner,0,411783.1472947229,2025-02-01,2160,49,2,0,2,1,0,0,1,1,1,756,,6,9,12,42,60344.18681962006,126976.32408763064,172692.2807067319,364819.4925952545,10057.364469936676,14391.023392227658,55732.13148760072,0.9420706447870036,0,6,12,41,1,4,2,1,0.8432116936569303,0.1423986680190599,0.0143896383240096,8,6,-2,-0.25,109209.36744132968,60344.18681962006,-48865.18062170961,-0.4474449561111262,1,3,4,7,20,4,20,39,25,3,2,2,1,1,3,1,-2,-0.6666666666666666,0,0,0,0,0,0,,,,,1,1,0,0.2403596446952681,0.0443911538698135,0,0,0,0,57.0,8318.86354336608,17821.28486149757,2998.602251822664,5320.2612915434165,788404.1749233408,878728.799637652,medium_value,0,4,1,0,activity_drop,no_recent_complaints,medium_digital_engagement
1259,F,South_KZ,medium_city,medium,employee,low,50,29,mass,1,268011.4894821782,2025-02-01,1890,30,2,0,1,0,1,0,0,1,1,849,,7,12,20,49,73797.34985624485,119866.67529393482,193037.4964819994,500702.3005711326,10542.47855089212,9651.87482409997,13958.797851090858,1.0,0,7,20,59,3,6,3,3,0.3120557868253705,0.469681692107903,0.2182625210667262,12,7,-5,-0.4166666666666667,112962.35372085306,73797.34985624485,-39165.00386460821,-0.3467084614878937,0,0,1,2,11,5,11,9,33,2,0,2,0,0,1,0,-1,-1.0,0,0,0,0,0,0,,,,,1,3,0,0.2895704324434299,0.1018041957308329,2,1,0,0,23.0,7003.125044831594,15169.497459535818,4158.968550798892,2844.1564940327025,412376.4438315234,382028.821057512,low_value,0,9,0,0,activity_drop,no_recent_complaints,low_digital_engagement
510,M,Atyrau,medium_city,medium,entrepreneur,medium,28,42,sme_owner,0,349285.4338628823,2025-02-01,1230,43,3,0,1,0,0,0,0,1,0,112,,5,10,15,30,64110.8815802639,155619.74528660992,224346.2520286549,425377.6935624571,12822.17631605278,14956.416801910327,23908.31664879352,0.9844631339606876,1,5,4,69,3,7,1,2,0.6091232083895897,0.3439509607461382,0.0469258308642719,14,5,-9,-0.6428571428571429,143144.68489913078,64110.8815802639,-79033.80331886688,-0.5521253085614694,3,6,7,6,20,7,20,73,36,3,2,3,1,1,9,3,-6,-0.6666666666666666,0,0,0,0,0,0,,,,,0,1,1,0.3170170046456572,0.0437146804053333,0,1,0,0,1.0,12397.052446419766,22468.188895550105,4001.633738467233,8395.418707952533,1028776.5769942416,1112762.615080392,medium_value,0,5,2,0,activity_drop,no_recent_complaints,medium_digital_engagement
368,F,Karaganda,small_city,low,employee,medium,57,39,mass,1,119100.44738999072,2025-02-01,2100,40,2,0,2,1,0,0,0,1,1,23,,8,16,29,56,36084.47644236652,88511.07946607328,119170.45303820848,311919.90441303444,4510.559555295815,4109.325966834776,15627.112302267667,0.9879721670533114,0,8,18,40,5,14,2,2,0.7136303359003284,0.1619447387859086,0.124424925313763,8,8,0,0.0,33181.724432904855,36084.47644236652,2902.752009461663,0.0874804447047704,4,8,9,6,19,4,19,37,23,2,3,4,1,1,8,4,-4,-0.5,0,0,0,0,0,0,,,,,0,1,0,0.3891062557148791,0.1451818976247564,0,0,1,1,4.0,5971.80917571493,13721.586647402068,3041.6618243981884,2930.147351316741,238328.8091760298,270455.94151790603,low_value,0,9,2,0,transaction_active,no_recent_complaints,medium_digital_engagement
1628,M,Shymkent,medium_city,medium,unemployed,medium,82,36,mass,0,330273.15195860475,2025-02-01,2850,37,1,0,1,1,1,0,0,1,0,317,,4,6,12,20,38983.70425393486,61835.58483939989,148631.33557505434,289745.3065439147,9745.926063483716,12385.944631254528,36462.94061723209,0.9709248363237986,0,4,4,18,2,6,1,1,0.7229821473591146,0.2461258812589022,0.0308919713819831,5,4,-1,-0.2,64934.431849631794,38983.70425393486,-25950.72759569693,-0.3996451013199106,3,7,13,10,23,2,23,50,32,2,2,7,0,2,3,3,0,0.0,0,0,0,0,0,0,,,,,0,0,0,,,0,0,0,0,,8454.438150576192,18288.36958847043,2906.875356104834,5547.562794471358,377020.1736031084,411598.54973527865,medium_value,0,1,5,0,moderate_activity,no_recent_complaints,medium_digital_engagement
1421,F,Almaty,large_city,medium,entrepreneur,high,57,26,sme_owner,0,360592.068946488,2025-02-01,2100,27,2,0,2,1,0,0,0,1,0,894,,7,13,21,32,193920.5016862261,427015.407126892,530667.2028156515,795941.855900548,27702.92881231802,25269.86680074532,31805.715547497224,0.9236367619496316,1,7,21,46,2,5,3,1,0.4876480706264592,0.4085846501121711,0.1037672792613697,8,7,-1,-0.125,230093.04367533955,193920.5016862261,-36172.54198911341,-0.1572083249946171,8,12,23,17,43,4,43,63,56,2,2,16,2,2,13,8,-5,-0.3846153846153846,0,0,0,0,0,0,,,,,0,2,1,0.4291789634638316,0.1767934334599681,1,0,1,1,82.0,11254.533776769844,21129.37851231,3856.765782366087,7397.767994403757,743778.9963600396,786067.5544259432,medium_value,0,9,10,0,digital_active,no_recent_complaints,digital_power_user
1881,F,Shymkent,large_city,medium,self_employed,medium,65,56,mass,0,301334.37401896063,2025-02-01,2340,57,2,1,2,1,0,0,0,1,1,355,109.0,2,8,10,22,24234.74602200889,86849.32290104404,88711.89423534398,208577.9418961087,12117.373011004447,8871.189423534397,27463.91045777146,0.9561301315009608,2,2,10,38,1,2,2,1,0.7263642346876362,0.2118503352101054,0.0617854301022584,7,2,-5,-0.7142857142857143,67864.57644566729,24234.74602200889,-43629.83042365839,-0.642895494361313,1,3,3,5,7,5,7,47,24,1,1,1,0,0,9,1,-8,-0.8888888888888888,0,0,0,0,0,0,,,,,0,2,0,0.4186260629825272,0.1694608680405634,1,0,0,0,44.0,6243.23626776568,14469.12176347031,2829.006709944126,3414.229557821554,593924.5310808647,648771.7651535539,low_value,0,6,1,0,activity_drop,no_recent_complaints,medium_digital_engagement
1991,M,Shymkent,large_city,medium,retired,high,79,46,pensioner,0,308335.34065219254,2025-02-01,2760,47,1,1,1,1,0,0,0,1,0,71,580.0,1,3,5,14,13191.948028170813,49490.184059954205,64822.09055051139,165991.58826596523,13191.948028170813,12964.41811010228,27836.10295327471,0.9938608397949714,0,1,5,57,1,1,1,1,0.805632156372395,0.0512149066169428,0.1431529370106621,2,1,-1,-0.5,34117.43024641061,13191.948028170813,-20925.4822182398,-0.6133369971626543,2,7,13,11,35,3,35,64,45,3,5,9,0,1,2,2,0,0.0,0,0,0,0,0,0,,,,,1,1,0,0.4222651754519284,0.1285406455379624,0,0,0,1,65.0,3524.312290290332,7014.326072854188,3100.969702158301,423.34258813203087,339276.6484196991,359867.7716754609,low_value,0,2,7,0,moderate_activity,no_recent_complaints,medium_digital_engagement
1058,M,South_KZ,medium_city,medium,employee,high,51,20,mass,1,237840.17711516708,2025-02-01,1920,21,1,1,1,1,1,0,0,1,1,764,478.0,8,16,23,43,33132.2618088804,73267.15817704436,94195.51745089298,212554.6435041701,4141.53272611005,4095.457280473608,9939.476140658233,0.9680571504357576,1,6,23,60,2,8,2,3,0.6248461327401296,0.2133738187316126,0.1617800485282577,9,8,-1,-0.1111111111111111,56016.79057706298,33132.2618088804,-22884.52876818258,-0.4085298092310386,2,4,9,10,39,5,27,15,38,4,6,4,1,1,5,2,-3,-0.6,0,0,0,0,0,0,,,,,0,1,1,0.271786232085641,0.0811294300065433,1,0,1,0,2.0,9962.35942617182,18097.43950649729,4058.946981848244,5903.412444323577,374423.6715208744,423006.2248731816,medium_value,0,6,1,0,activity_drop,no_recent_complaints,medium_digital_engagement
839,M,Astana,medium_city,medium,employee,high,26,39,mass,1,379911.54762423504,2025-02-01,1170,40,0,2,0,1,0,0,0,1,1,24,295.0,6,11,15,34,49510.48235906501,141920.534780218,116260.01764049869,386668.866876796,8251.747059844169,7750.667842699912,11820.815813145922,0.935264198790958,2,6,15,24,2,8,2,1,0.8539222826946791,0.0928934959486636,0.0531842213566571,7,6,-1,-0.1428571428571428,67108.19574049162,49510.48235906501,-17597.713381426605,-0.2622289749746398,4,9,17,10,44,8,29,26,64,7,6,9,2,2,5,4,-1,-0.2,0,0,0,0,0,0,,,,,1,1,0,0.2613935731625745,0.0438438481254627,0,0,0,0,45.0,6537.076858799742,14917.935728369435,2904.11698818483,3632.959870614912,959237.0392896069,874438.6639414532,low_value,0,5,4,0,digital_active,no_recent_complaints,digital_power_user
1848,F,South_KZ,large_city,high,employee,high,58,46,affluent,1,693622.1015536094,2025-02-01,2130,47,4,0,4,1,1,1,0,1,1,270,,5,9,17,40,104837.9046741851,259346.8434250996,525587.5474460383,1056870.1590434802,20967.58093483702,30916.91455564932,106899.80774104188,0.957123439810299,0,5,17,40,3,6,2,2,0.5952576284755828,0.3302973890207211,0.0744449825036961,11,5,-6,-0.5454545454545454,334326.5494817829,104837.9046741851,-229488.6448075978,-0.6864206422233374,3,8,21,9,42,8,41,5,68,6,5,17,2,2,6,3,-3,-0.5,0,0,0,0,0,0,,,,,0,0,0,,,0,0,0,0,,18934.477732891,34373.208032652285,5066.838846378583,13867.638886512415,1394917.822471698,1395272.649903907,medium_value,0,6,5,0,activity_drop,no_recent_complaints,digital_power_user
600,F,Almaty,medium_city,high,retired,medium,82,24,affluent,0,806475.9524271833,2025-02-01,2850,25,0,1,0,1,0,0,1,1,0,184,103.0,2,4,7,25,86780.89786372415,161341.0592030781,296883.5979356698,1302356.5540506323,43390.44893186208,42411.94256223855,69345.76782297956,0.9650858302905718,0,2,7,36,1,3,1,1,0.5245041331079319,0.2856288640386149,0.1898670028534533,4,2,-2,-0.5,190027.18657148612,86780.89786372415,-103246.28870776204,-0.5433237768266483,6,10,14,15,33,2,32,1,50,5,4,11,0,1,9,6,-3,-0.3333333333333333,0,0,0,0,0,0,,,,,1,3,0,0.467321709830393,0.2012550502257531,0,0,1,0,86.0,15276.386225941314,30687.805605102567,3089.6522936055608,12186.733932335754,3241727.22618868,3061895.6371070296,medium_value,0,2,9,0,moderate_activity,no_recent_complaints,medium_digital_engagement
1921,F,Astana,small_city,low,entrepreneur,high,26,37,sme_owner,0,120351.47734187637,2025-02-01,1170,38,1,1,1,1,0,0,0,1,0,864,572.0,5,6,10,15,34182.056540731704,50653.167522686665,58377.15461548982,105616.9293693977,6836.411308146341,5837.715461548982,23438.87657173862,0.9518743592864066,0,5,10,59,1,2,1,1,0.6842384471816225,0.2828166575630464,0.0329448952553309,5,5,0,0.0,29800.853426307986,34182.056540731704,4381.203114423723,0.147016028425415,12,17,20,22,49,4,2,66,45,3,2,13,2,1,14,12,-2,-0.1428571428571428,0,0,0,0,0,0,,,,,1,3,2,0.3575080875259327,0.1569907940520692,0,1,0,0,31.0,2375.0239495929413,4362.853883077798,3545.367096403338,-1170.3431468103968,118028.90967887171,126176.24895968154,low_value,0,4,13,1,digital_active,no_recent_complaints,digital_power_user
1312,F,Almaty,small_city,premium,self_employed,high,58,27,premium,0,1653209.184610446,2025-02-01,2130,28,4,1,3,0,0,0,0,1,0,544,393.0,8,12,18,38,481033.7174443768,551765.466884397,1206147.2855389442,2647680.109673766,60129.2146805471,67008.18252994135,271215.0438537717,0.917153465391741,3,1,18,70,2,6,4,2,0.4765291311456288,0.3859350852167612,0.1375357836376099,11,8,-3,-0.2727272727272727,951668.7529173272,481033.7174443768,-470635.0354729504,-0.4945366063877009,2,6,15,6,36,4,29,26,45,3,4,7,1,2,4,2,-2,-0.5,0,0,0,0,0,0,,,,,0,0,0,,,0,0,0,0,,36732.08038801776,83457.07901808924,4823.619122554175,31908.46126546358,2750958.337218984,2445964.269473492,high_value,0,9,3,0,digital_active,no_recent_complaints,digital_power_user
1337,M,Aktobe,medium_city,medium,employee,high,37,60,mass,0,291143.28505737154,2025-02-01,1500,61,1,0,1,1,1,0,1,1,1,36,,6,7,14,25,51635.50225953824,73889.27114944608,140754.9172156458,259000.58613328912,8605.917043256373,10053.922658260415,33703.77727442882,1.0,0,6,14,44,3,3,1,1,0.5798886734057866,0.2810843537794381,0.1390269728147752,7,6,-1,-0.1428571428571428,74666.77704274515,51635.50225953824,-23031.274783206907,-0.3084541170167555,6,10,16,13,40,1,40,15,50,2,5,16,1,1,8,6,-2,-0.25,0,0,0,0,0,0,,,,,1,2,1,0.4044932011030789,0.1583063659349172,1,1,1,0,84.0,6240.386564958198,11302.91743657278,3457.7229568562675,2782.66360810193,858362.0051765447,837568.9872435291,low_value,0,3,12,0,digital_active,no_recent_complaints,digital_power_user
1134,F,Astana,large_city,medium,unemployed,low,65,49,mass,0,299139.3144326869,2025-02-01,2340,50,1,1,1,1,0,0,0,0,0,535,252.0,2,6,13,22,36166.32567084128,111456.77659386252,180815.81556077843,286077.62352159974,18083.16283542064,13908.908889290647,41784.05139235189,0.9542790185557678,1,2,13,11,1,6,2,2,0.5454067377391305,0.2640762713935179,0.1905169908673515,7,2,-5,-0.7142857142857143,88219.7458194935,36166.32567084128,-52053.42014865222,-0.5900427355023077,0,3,3,2,13,7,13,57,9,2,1,5,1,1,3,0,-3,-1.0,0,0,0,0,0,0,,,,,0,2,0,0.0,0.0,0,1,0,0,50.0,6317.836456852469,12589.601960094053,2760.176365792969,3557.6600910595,695267.9809395759,666113.7990119177,low_value,0,1,3,0,activity_drop,no_recent_complaints,low_digital_engagement
820,M,Astana,large_city,medium,employee,low,27,59,mass,0,333390.6184288646,2025-02-01,1200,60,3,2,3,1,1,0,0,0,0,880,579.0,10,18,20,41,128677.3799445258,199303.5283557518,247824.20839546056,615281.320184958,12867.737994452578,12391.210419773028,28129.59105258996,0.992394734077408,0,10,20,7,3,4,5,2,0.6315629614600308,0.1900880822356021,0.178348956304367,13,10,-3,-0.2307692307692307,120777.115953938,128677.3799445258,7900.263990587802,0.0654119278158687,1,2,2,6,11,3,11,26,56,1,1,3,0,1,2,1,-1,-0.5,0,0,0,0,0,0,,,,,2,2,1,0.1065763913802188,0.0329628763373474,1,1,0,0,74.0,9244.467060108898,19183.49128718068,3365.132725070373,5879.334335038525,399313.4618811284,432878.00681573176,medium_value,0,8,1,0,transaction_active,no_recent_complaints,low_digital_engagement
2174,M,Astana,medium_city,medium,self_employed,medium,38,25,mass,0,381295.3295497526,2025-02-01,1530,26,5,1,3,1,1,0,0,1,1,114,363.0,8,16,23,44,81014.08077908703,135203.15489263093,147813.4426914755,418940.0556046049,10126.76009738588,6426.6714213685,21226.739860356098,0.9918074893361224,0,8,23,68,3,5,5,2,0.6296897683690005,0.2537638061438038,0.1165464254871957,10,8,-2,-0.2,130431.99925189534,81014.08077908703,-49417.91847280831,-0.3788787932121665,1,3,3,4,12,8,12,57,13,1,2,3,0,0,11,1,-10,-0.9090909090909092,0,0,0,0,0,0,,,,,0,2,1,0.0794369365095101,0.0341564350139152,1,0,1,0,12.0,13770.24556224337,31471.653760471258,4728.7466598952005,9041.498902348168,1022034.6992413962,881189.9638551401,medium_value,0,4,2,0,activity_drop,no_recent_complaints,medium_digital_engagement
528,F,South_KZ,large_city,medium,self_employed,medium,35,43,mass,0,345670.56704115454,2025-02-01,1440,44,0,1,0,1,0,0,0,1,0,419,388.0,5,7,14,29,69440.08882086864,72338.84193562705,153417.29369558272,300317.0986505867,13888.017764173728,10958.378121113052,18903.39813842634,0.9379310025178708,1,5,14,74,2,4,3,1,0.6224531113756192,0.076976171974812,0.3005707166495687,6,5,-1,-0.1666666666666666,68498.77157022731,69440.08882086864,941.3172506413248,0.0137421041146154,2,5,8,6,17,3,9,69,26,2,1,5,1,0,2,2,0,0.0,0,0,0,0,0,0,,,,,0,1,1,0.1991629459303582,0.0541839946546642,0,1,0,0,61.0,8705.382798146375,17653.31666514847,1935.7731546463297,6769.609643500045,559378.8728823556,526802.8832135338,medium_value,0,8,6,0,moderate_activity,no_recent_complaints,medium_digital_engagement
2055,M,Astana,large_city,low,retired,medium,34,35,pensioner,0,177097.85565578466,2025-02-01,1410,36,1,1,1,0,0,0,0,1,0,434,682.0,6,12,13,19,108026.97546227838,113122.02656015057,155946.71576110992,235251.25992595992,18004.49591037973,11995.901212393072,22346.1667506969,0.8932143025773543,3,5,13,3,2,4,1,1,0.8307157623370215,0.1217840374079497,0.0475002002550287,8,6,-2,-0.25,100093.98287745238,108026.97546227838,7932.992584826003,0.0792554393058628,8,11,15,22,36,6,36,38,28,2,6,10,1,1,9,8,-1,-0.1111111111111111,0,0,0,0,0,0,,,,,3,3,0,0.1024646568581595,0.0102284998272517,2,1,1,0,29.0,4484.035804045422,10357.287115387564,2889.8677375420275,1594.1680665033946,261411.0395467052,230902.9235017615,low_value,0,6,4,0,digital_active,no_recent_complaints,medium_digital_engagement
1367,M,Karaganda,medium_city,low,employee,medium,18,35,mass,0,141715.4644743408,2025-02-01,930,36,4,5,4,1,0,0,0,1,0,21,652.0,5,9,16,37,21699.16081392508,46529.21591384528,69057.99986967593,164028.49486706007,4339.832162785016,4316.1249918547455,8897.51640546598,0.902867360638879,3,5,16,47,2,7,3,1,0.3875366321652482,0.4060673519310673,0.2063960159036845,8,5,-3,-0.375,37655.36599301439,21699.16081392508,-15956.20517908931,-0.4237431972391242,2,4,8,5,23,8,23,51,70,1,3,3,0,1,3,2,-1,-0.3333333333333333,0,0,0,0,0,0,,,,,2,3,0,0.2585526140667006,0.1062624899240912,1,1,1,2,88.0,8219.003876847479,14622.827686144095,4756.917064894233,3462.086811953246,69794.23234701158,62719.63071353754,low_value,0,3,4,0,transaction_active,no_recent_complaints,medium_digital_engagement
618,M,Aktobe,small_city,medium,self_employed,high,60,51,mass,0,363639.5312133668,2025-02-01,2190,52,0,1,0,1,1,0,0,1,0,740,658.0,3,4,6,21,160138.40591723655,145638.6616856171,302619.49473403674,1146366.3106161528,53379.46863907885,50436.58245567279,108085.32559143472,0.9716932123029224,2,3,6,49,1,2,1,0,0.5829776815187045,0.3382817548922118,0.0787405635890837,3,3,0,0.0,162841.3222654497,160138.40591723655,-2702.916348213156,-0.0165984672109644,6,15,23,16,48,5,48,26,75,4,6,12,2,2,7,6,-1,-0.1428571428571428,0,0,0,0,0,0,,,,,1,1,0,0.3931254495281259,0.0208689064275501,0,1,1,0,21.0,5693.683993625216,13088.04227439548,1948.627551173728,3745.0564424514887,478945.4768688558,410230.640954206,low_value,0,5,10,0,digital_active,no_recent_complaints,digital_power_user
439,F,Almaty,rural,low,retired,high,59,27,pensioner,0,160295.52080671184,2025-02-01,2160,28,2,0,2,1,0,0,0,1,0,36,,6,10,13,29,23315.593942480235,45836.58921251576,49004.32099027431,116699.33841351022,3885.9323237467056,3769.563153098024,11416.061167902051,0.921238212663402,1,6,13,15,2,5,2,2,0.534381033271672,0.3142218410199426,0.1513971257083855,7,6,-1,-0.1428571428571428,22070.654316022406,23315.593942480235,1244.939626457828,0.0564070103510276,6,12,18,22,41,6,33,30,33,1,3,6,1,1,8,6,-2,-0.25,0,0,0,0,0,0,,,,,0,0,0,,,0,0,0,0,,2274.53653924006,4043.010314083518,3526.937113946123,-1252.4005747060633,352394.17568292684,370488.57407535904,low_value,0,7,11,0,digital_active,no_recent_complaints,digital_power_user
1969,M,North_KZ,medium_city,medium,employee,medium,63,34,mass,1,210148.38482907845,2025-02-01,2280,35,1,0,1,1,0,0,1,1,1,873,,4,12,19,38,40431.64883589732,130039.66379389404,205211.7475208338,441979.822279993,10107.91220897433,10800.6182905702,31949.8970000962,0.977931883154423,0,4,19,40,2,8,2,3,0.3433776063949506,0.6470762452698566,0.0095461483351928,6,4,-2,-0.3333333333333333,67927.49089160393,40431.64883589732,-27495.84205570661,-0.4047822419877603,1,5,9,8,29,8,29,15,25,4,1,10,0,1,2,1,-1,-0.5,0,0,0,0,0,0,,,,,0,0,0,,,0,0,0,0,,3797.805058393072,8819.959771043264,4441.938104020632,-644.13304562756,180308.16404904652,169256.49227927515,low_value,0,9,2,0,transaction_active,no_recent_complaints,medium_digital_engagement
441,F,North_KZ,large_city,low,employee,medium,55,48,mass,1,187453.64344113803,2025-02-01,2040,49,1,0,1,1,0,0,1,1,1,318,,8,19,26,37,24473.5111763812,84791.20286706126,84348.32522443209,192270.9600109664,3059.1888970476502,3244.1663547858498,7011.741043139756,0.9860723629255982,0,8,26,55,3,8,5,3,0.5370084828461046,0.4547303145992535,0.0082612025546418,9,8,-1,-0.1111111111111111,32795.57729654285,24473.5111763812,-8322.066120161646,-0.2537557441026939,4,7,14,10,27,1,27,10,38,3,2,8,1,1,5,4,-1,-0.2,0,0,0,0,0,0,,,,,0,0,0,,,0,0,0,0,,3182.2019568697115,6115.4626915775125,3368.58133073601,-186.3793738662985,283350.16015312594,324249.970654164,low_value,0,11,3,0,transaction_active,no_recent_complaints,medium_digital_engagement
1037,M,Almaty,rural,low,employee,high,44,50,mass,1,157778.57155929276,2025-02-01,1710,51,1,0,1,1,0,0,0,1,1,110,,5,9,12,24,35096.96134889065,79422.08491902777,69293.81724378048,183123.80712917785,7019.392269778129,5774.48477031504,10655.613210369296,1.0,0,5,12,11,2,6,1,1,0.6369990343488249,0.1317136739994131,0.2312872916517619,12,5,-7,-0.5833333333333334,81455.37839807745,35096.96134889065,-46358.4170491868,-0.5691265323528467,7,16,21,17,48,8,26,30,27,2,6,10,2,2,12,7,-5,-0.4166666666666667,0,0,0,0,0,0,,,,,0,0,0,,,0,0,0,0,,314.02685633321653,598.3844149280336,3298.726340034808,-2984.699483701592,552995.7932040523,617642.973710036,low_value,0,3,12,0,activity_drop,no_recent_complaints,digital_power_user
842,F,East_KZ,large_city,medium,self_employed,low,61,33,mass,0,277719.2684879161,2025-02-01,2220,34,0,1,0,1,0,0,0,0,1,447,133.0,3,3,7,17,23317.993214517875,22086.90035124733,70914.90985555635,139936.04829943043,7772.664404839292,10130.701407936622,21542.61156385302,0.9800610045632482,0,3,7,65,1,2,1,1,0.4885494624420419,0.1797685787534092,0.3316819588045488,4,3,-1,-0.25,40310.24118114627,23317.993214517875,-16992.247966628398,-0.4215367477031106,2,2,6,3,11,1,11,8,5,1,2,4,0,1,6,2,-4,-0.6666666666666666,0,0,0,0,0,0,,,,,0,2,2,0.0665428707473566,0.0226377118266219,1,1,0,0,87.0,6335.033858332632,11739.660487341547,2324.884522202844,4010.149336129788,187161.5063761917,212066.13669291348,low_value,0,2,2,0,activity_drop,no_recent_complaints,low_digital_engagement
1104,F,Almaty,small_city,premium,self_employed,low,42,53,premium,0,1237296.9084998162,2025-02-01,1650,54,2,0,2,1,1,0,0,1,1,350,,3,6,12,29,448040.36050700856,760923.9372987557,1655423.7196337825,4264511.954470046,149346.7868356695,137951.97663614855,407470.3054820736,0.9354525498050058,2,3,12,46,2,5,1,1,0.6671132967073542,0.2649190337750267,0.067967669517619,5,3,-2,-0.4,791122.0024391898,448040.36050700856,-343081.64193218126,-0.4336646444851627,0,1,4,0,17,8,17,65,34,1,1,3,1,1,1,0,-1,-1.0,0,0,0,0,0,0,,,,,2,4,1,0.12082968974257,0.0257749462327396,2,3,0,0,11.0,25506.40891870524,53338.32619781259,2916.944088862638,22589.4648298426,1778180.2120535732,1947780.8107226728,high_value,0,7,0,0,activity_drop,no_recent_complaints,low_digital_engagement
621,F,Almaty,medium_city,medium,employee,low,38,39,mass,0,269628.13303642254,2025-02-01,1530,40,2,0,2,1,1,0,0,0,1,428,,10,14,19,28,98013.05290373677,118715.88307036326,150676.07414071698,247413.95400089925,9801.305290373675,7930.3196916166835,26063.600110487216,0.9504609795564192,0,8,19,49,2,4,2,3,0.7357957773219174,0.0828321300405216,0.181372092637561,12,10,-2,-0.1666666666666666,96575.9178744882,98013.05290373677,1437.1350292485586,0.014880883980997,1,2,3,4,6,6,6,50,17,0,1,1,0,0,5,1,-4,-0.8,0,0,0,0,0,0,,,,,1,4,0,0.2185667650638554,0.0123184639110933,3,1,2,0,49.0,4914.372662553102,10143.182630633935,3025.56192892821,1888.810733624892,922625.3063836576,907994.1936397818,low_value,0,5,2,0,activity_drop,no_recent_complaints,low_digital_engagement
1431,F,Shymkent,large_city,medium,employee,high,64,22,mass,1,520617.3728402275,2025-02-01,2310,23,1,0,1,1,0,0,0,1,1,877,,6,11,14,27,85866.76186484496,206706.19726391527,234241.13756617368,407028.26709922525,14311.12697747416,16731.509826155263,24883.819352253005,0.9344630654748032,1,5,14,4,2,3,2,2,0.4845038582873732,0.3373741476716563,0.1781219940409703,7,6,-1,-0.1428571428571428,96029.96659929576,85866.76186484496,-10163.204734450805,-0.1058336797810084,3,11,19,13,47,5,24,38,32,4,7,7,1,3,6,3,-3,-0.5,0,0,0,0,0,0,,,,,1,1,0,0.2870016979796269,0.0460762818747295,1,1,1,0,8.0,11087.013860702886,25521.634014828644,3838.302208024904,7248.711652677983,1551169.710716567,1606546.5478630676,medium_value,0,2,8,0,digital_active,no_recent_complaints,digital_power_user
2145,M,Astana,small_city,high,employee,low,32,31,affluent,1,736415.8555020891,2025-03-01,1380,32,2,0,2,1,0,0,0,1,1,494,,8,12,20,38,528776.7482079933,861285.0721753291,1308913.0227256722,2551662.614140132,66097.09352599917,65445.65113628361,200299.1904205088,0.9431118191835016,0,4,20,13,3,7,3,4,0.3700692659792546,0.5440745345924217,0.0858561994283236,9,8,-1,-0.1111111111111111,426282.57249036856,528776.7482079933,102494.17571762478,0.2404371708626219,1,3,4,4,17,2,17,2,74,3,2,3,1,1,3,1,-2,-0.6666666666666666,1,1,0,0,0,0,4.079556929632986,3.0,42.0,,0,1,0,0.2908157940026226,0.0779460408754739,1,0,0,0,55.0,14941.362572379863,32814.71046969157,3315.836030935653,11625.526541444213,1352782.5978936371,1335289.9142660282,medium_value,0,8,1,0,activity_drop,no_recent_complaints,low_digital_engagement
2296,M,Almaty,rural,medium,entrepreneur,medium,31,19,sme_owner,0,197384.01694432303,2025-03-01,1350,20,1,1,1,1,1,0,0,1,0,362,447.0,7,8,13,23,59995.32913462381,88414.86038207934,90894.74528746428,176385.4893023952,8570.761304946258,6991.903483651098,26333.938057915915,0.967703127902572,1,6,13,29,2,4,2,1,0.2666426497164991,0.684811892999824,0.048545457283677,10,7,-3,-0.3,101881.94172679792,59995.32913462381,-41886.612592174126,-0.4111289192396372,4,7,10,8,28,8,28,36,15,4,4,4,1,1,5,4,-1,-0.2,0,0,0,0,0,0,,,,,1,2,1,0.0,0.0,1,1,0,1,82.0,5170.41363108293,11470.976890805829,2982.677309734476,2187.7363213484546,406563.303709107,391184.5074413672,low_value,0,4,0,1,moderate_activity,no_recent_complaints,medium_digital_engagement
1834,M,Shymkent,rural,medium,employee,low,71,30,mass,1,331803.07617840124,2025-03-01,2550,31,2,6,1,1,1,0,0,0,1,561,208.0,9,15,24,38,165429.60499412028,434164.6253802537,554620.9108414821,930105.2536298756,18381.06722156892,23109.204618395088,95912.2941951806,0.9542287632504076,0,9,24,68,3,6,4,4,0.4732446181647883,0.1477824591579671,0.3789729226772443,11,9,-2,-0.1818181818181818,262088.1348323831,165429.60499412028,-96658.52983826282,-0.3688016243088616,0,3,5,3,7,4,7,13,77,1,1,3,0,0,3,0,-3,-1.0,0,0,0,0,0,0,,,,,0,2,0,0.3162364041730788,0.1336601841400349,0,0,1,0,36.0,10560.689493220128,18571.29601712564,4031.352800328908,6529.336692891219,411630.7645501071,426849.8464486857,medium_value,0,11,1,0,activity_drop,no_recent_complaints,low_digital_engagement
1356,M,Almaty,medium_city,low,employee,medium,19,40,mass,0,75610.2975314457,2025-03-01,990,41,1,0,1,1,0,0,0,1,0,640,,8,10,13,23,28715.7925402992,27649.98496132854,40646.9816007536,64010.02791049062,3589.474067537399,3126.690892365661,7659.73610508573,1.0,0,8,13,32,2,3,2,2,0.5545477129948426,0.4430914652027586,0.0023608218023987,9,8,-1,-0.1111111111111111,39835.7272054249,28715.7925402992,-11119.934665125713,-0.2791447638895212,1,5,11,5,26,1,26,21,55,1,1,7,1,1,1,1,0,0.0,0,0,0,0,0,0,,,,,1,1,0,0.0,0.0,1,0,0,0,24.0,2099.8611068851114,4701.561323284983,3514.874735159818,-1415.013628274707,270849.0238447906,246940.8784400499,low_value,0,8,3,1,moderate_activity,no_recent_complaints,medium_digital_engagement
811,M,South_KZ,medium_city,high,employee,medium,68,43,affluent,0,473528.60727199423,2025-03-01,2460,44,2,0,2,1,0,1,1,1,0,884,,2,7,14,34,44567.65721340218,169634.5421102319,365332.0232181332,785002.8649963227,22283.82860670109,26095.14451558094,35237.02296193648,1.0,0,2,4,66,2,6,2,1,0.4732014456952709,0.4705625594847523,0.0562359948199767,3,2,-1,-0.3333333333333333,75479.31365331938,44567.65721340218,-30911.65643991719,-0.4095381230133613,3,4,6,9,17,3,1,57,57,1,2,1,1,1,6,3,-3,-0.5,0,0,0,0,0,0,,,,,0,0,0,,,0,0,0,0,,11091.302866657996,23717.491819232047,4304.259878167516,6787.04298849048,1054323.0882501842,952578.036710496,medium_value,0,2,4,1,moderate_activity,no_recent_complaints,medium_digital_engagement
2248,F,Karaganda,large_city,high,entrepreneur,medium,30,55,affluent,0,574188.047502215,2025-03-01,1320,56,2,1,2,1,1,0,0,1,0,697,891.0,4,9,14,32,52929.87866711292,114154.00839105662,187664.69673137748,330236.4211226194,13232.46966677823,13404.62119509839,24337.649603984948,0.9889617321604844,1,4,14,59,1,3,1,1,0.7219888927671294,0.2252314056946303,0.0527797015382401,8,4,-4,-0.5,75140.57290528853,52929.87866711292,-22210.69423817561,-0.2955885665946576,3,5,10,10,22,6,22,62,3,2,1,9,1,1,6,3,-3,-0.5,0,2,0,0,0,0,5.0,4.0,72.0,,0,2,0,0.4242136616111406,0.1837276382167265,2,1,1,0,77.0,13050.88621995541,30300.47994126513,3107.3757146445632,9943.510505310844,613997.6637353366,552915.0678149695,medium_value,0,1,3,1,moderate_activity,no_recent_complaints,medium_digital_engagement
1289,M,Astana,large_city,medium,employee,low,49,49,mass,0,537154.2616269069,2025-03-01,1890,50,2,0,1,1,0,0,0,0,1,488,,5,12,21,37,153051.059896675,317730.2605587899,453075.9442421474,832582.3993031002,30610.211979335,21575.04496391178,37066.23142016127,0.9121186449442076,2,5,21,5,4,7,3,1,0.7514935099342128,0.0881879179742429,0.1603185720915443,7,5,-2,-0.2857142857142857,191048.1418475338,153051.059896675,-37997.08195085882,-0.198887471939834,2,5,5,7,12,5,12,54,46,2,1,2,0,0,4,2,-2,-0.5,0,0,0,0,0,0,,,,,0,3,0,0.0651800505398438,0.0047443727413123,1,3,1,0,2.0,11521.93004052417,20818.25797266613,3386.5403861223763,8135.389654401793,326586.25230027793,334028.40759968635,medium_value,0,9,2,0,transaction_active,no_recent_complaints,low_digital_engagement
663,M,Almaty,medium_city,low,unemployed,high,49,61,mass,0,156772.7464252187,2025-03-01,1890,62,0,0,0,1,0,0,0,1,1,141,,5,10,13,25,35661.12053827928,59072.27996955692,122808.437341436,255950.9126321512,7132.224107655857,9446.802872418151,12769.913839801548,0.9537692506817356,0,2,13,44,2,4,1,2,0.8327536978984731,0.1122783090972942,0.0549679930042328,9,5,-4,-0.4444444444444444,81157.41837216956,35661.12053827928,-45496.29783389028,-0.5605932118892021,9,14,17,16,46,4,27,21,41,3,4,9,1,1,14,9,-5,-0.3571428571428571,0,0,0,0,0,0,,,,,1,1,0,0.3135724809072224,0.045770188183935,0,0,1,0,26.0,3312.064785612447,7097.160066213048,1700.5637959938008,1611.500989618646,340718.17889021087,325298.7351921675,low_value,0,5,7,0,digital_active,no_recent_complaints,digital_power_user
508,F,Almaty,large_city,high,employee,medium,33,41,affluent,1,648914.0656545828,2025-03-01,1410,42,1,0,1,1,1,0,0,1,1,835,,2,5,11,31,43125.038893771016,88428.80935705338,260943.85998267977,695990.6182117142,21562.519446885508,23722.16908933453,84989.32078504017,0.9089060321021578,0,2,11,48,1,4,1,2,0.845685611188868,0.1387117799173085,0.0156026088938236,5,2,-3,-0.6,108942.64297557125,43125.038893771016,-65817.60408180021,-0.6041491401724008,2,3,5,7,20,5,4,4,2,2,2,6,0,1,6,2,-4,-0.6666666666666666,0,0,0,0,0,0,,,,,2,3,0,0.2577364708900886,0.0236077465913251,1,1,1,0,41.0,12201.18403054585,24356.31843083698,3274.7681968884526,8926.415833657396,1255341.6820651558,1188330.6015276844,medium_value,1,0,0,0,activity_drop,no_recent_complaints,medium_digital_engagement
319,M,Shymkent,large_city,premium,unemployed,medium,30,50,premium,0,1352087.7038520952,2025-03-01,1320,51,4,1,2,1,1,0,0,1,0,158,199.0,6,9,17,35,213260.33107552788,292317.0628132672,566806.8965189817,1586814.22441745,35543.38851258798,33341.5821481754,130183.22981729034,0.9516976501008207,4,6,17,63,2,5,3,1,0.7007059008967611,0.2415356922922924,0.0577584068109465,11,6,-5,-0.4545454545454545,584711.8784564314,213260.33107552788,-371451.5473809036,-0.6352727917234907,4,5,6,10,19,8,19,44,69,2,2,3,1,1,6,4,-2,-0.3333333333333333,0,0,0,0,0,0,,,,,0,2,1,0.4501575766963516,0.1402767732839776,1,0,1,0,3.0,29686.935894402966,67437.74176349666,4439.0830341791925,25247.85286022377,2204646.5328597515,2211144.2691363767,high_value,0,3,1,0,transaction_active,no_recent_complaints,medium_digital_engagement
2019,F,Atyrau,large_city,medium,self_employed,low,71,44,mass,0,412920.7074952388,2025-03-01,2550,45,3,0,3,1,1,0,0,0,0,408,,5,9,13,30,49377.00873746246,97444.44447846113,103325.1472545504,325863.1255745083,9875.401747492491,7948.088250350031,33475.46111562523,1.0,0,5,13,33,1,6,1,1,0.4512438787094925,0.2483050195693546,0.3004511017211527,5,5,0,0.0,65521.44239492762,49377.00873746246,-16144.433657465152,-0.2463992407272613,2,4,5,5,10,4,10,57,6,1,1,4,0,0,5,2,-3,-0.6,0,0,0,0,0,0,,,,,0,3,0,0.0224970997028355,0.0093874273207234,2,1,2,1,16.0,12699.83169699673,29477.21665317991,4775.997387302145,7923.8343096945855,1854759.103853102,1699545.541690779,medium_value,0,9,3,0,activity_drop,no_recent_complaints,low_digital_engagement
219,F,Almaty,large_city,high,employee,medium,79,19,affluent,0,1050920.147270744,2025-03-01,2790,20,1,0,1,1,0,0,0,1,0,547,,4,6,6,25,252992.3288744505,482560.6924053766,457186.5748010431,1561628.704717693,63248.082218612624,76197.76246684052,165251.79288116845,0.9779567025752902,0,4,6,43,1,3,1,0,0.6364291774802676,0.2537781839609386,0.1097926385587937,8,4,-4,-0.5,599218.2204718022,252992.3288744505,-346225.89159735164,-0.5777960011375259,4,9,11,9,27,4,27,19,47,2,2,6,1,1,6,4,-2,-0.3333333333333333,1,1,0,0,0,0,4.327850976673513,3.0,29.0,,1,3,0,0.0,0.0,3,2,0,0,78.0,21332.83709695044,47936.342648050144,3573.200205287077,17759.63689166336,3377416.2917070114,3778886.6088145305,high_value,0,3,7,0,moderate_activity,no_recent_complaints,medium_digital_engagement
2096,M,North_KZ,large_city,medium,employee,medium,39,74,mass,0,298338.14520662744,2025-03-01,1590,75,2,1,2,1,1,0,0,1,0,38,850.0,2,5,13,26,60896.83429197207,162480.11153063335,474589.51197955554,823740.4179147523,30448.41714598604,36506.88553688889,136248.4830471844,0.9470071561255616,0,2,13,39,2,7,2,1,0.6152203192715422,0.127675774627475,0.2571039061009829,7,2,-5,-0.7142857142857143,369968.6322549619,60896.83429197207,-309071.79796298983,-0.8354000069659816,2,2,6,4,17,4,17,59,71,1,2,5,1,1,7,2,-5,-0.7142857142857143,0,0,0,0,0,0,,,,,0,1,0,0.2582787421312119,0.0584146654976311,0,0,0,0,79.0,9763.619105247755,17503.84848155444,3214.5986372141583,6549.020468033597,834946.7423539533,782033.019921023,medium_value,1,0,0,0,activity_drop,no_recent_complaints,medium_digital_engagement
49,F,Astana,large_city,low,unemployed,low,75,37,mass,0,120524.18382246804,2025-03-01,2670,38,3,1,2,1,0,0,1,0,1,33,582.0,7,13,18,33,40575.49477680855,83310.59146565251,100073.91390467924,171950.47100686972,5796.499253829793,5559.661883593291,14065.411621553116,1.0,0,7,18,11,3,8,3,1,0.7902898586676091,0.1397819145464457,0.0699282267859451,11,7,-4,-0.3636363636363636,61059.71466944609,40575.49477680855,-20484.219892637542,-0.3354784738764546,2,3,4,3,10,8,10,69,6,0,1,2,0,1,3,2,-1,-0.3333333333333333,0,0,0,0,0,0,,,,,0,0,0,,,0,0,0,0,,5430.595572731884,11587.998415750291,4740.871235890266,689.7243368416184,216426.08322245668,202431.676736358,low_value,0,13,2,1,transaction_active,no_recent_complaints,low_digital_engagement
669,M,Almaty,medium_city,low,employee,medium,19,54,mass,1,168830.48312857313,2025-03-01,990,55,1,1,1,1,0,0,0,1,1,697,576.0,8,16,22,34,41371.32929247709,94681.96563919078,102243.54771667316,187563.0336575188,5171.416161559637,4647.433987121507,11940.154844789691,1.0,0,4,6,46,4,5,3,4,0.8004062220802914,0.1942021537186783,0.0053916242010301,8,8,0,0.0,35138.74405705385,41371.32929247709,6232.585235423241,0.1773707456733102,3,6,9,11,26,3,24,32,30,2,3,4,0,0,7,3,-4,-0.5714285714285714,0,0,0,0,0,0,,,,,0,0,0,,,0,0,0,0,,5730.968321732493,12645.77540934099,2959.936136260947,2771.0321854715457,960335.6938322732,886025.2656288495,low_value,0,8,5,0,activity_drop,no_recent_complaints,medium_digital_engagement
2138,F,Aktobe,large_city,high,entrepreneur,medium,36,42,affluent,0,780263.1747363383,2025-03-01,1500,43,0,1,0,1,0,0,1,1,0,562,758.0,2,8,12,20,43490.64399348601,167204.90359747797,282610.9607597449,471188.3333774096,21745.321996743005,23550.91339664541,78148.73667493985,0.9832915553078206,0,2,12,48,1,6,2,2,0.7125365976836027,0.1525566494578377,0.1349067528585597,9,2,-7,-0.7777777777777778,195489.36715011287,43490.64399348601,-151998.72315662686,-0.7775293632206077,5,9,14,9,27,7,27,4,54,2,3,4,1,1,11,5,-6,-0.5454545454545454,0,0,0,0,0,0,,,,,1,2,1,0.2519208206619036,0.016036343102801,1,1,0,1,16.0,14100.62087245484,32841.06622949837,2892.733037624462,11207.88783483038,676059.1268802992,658183.1039228921,medium_value,0,5,4,0,activity_drop,no_recent_complaints,medium_digital_engagement
2311,F,Shymkent,large_city,medium,retired,high,22,35,pensioner,0,389420.298814792,2025-03-01,1080,36,2,0,1,1,0,0,0,1,1,677,,2,6,8,27,24983.34472739375,109044.8600745434,104061.0778010624,340751.2485278211,12491.672363696876,13007.6347251328,50617.63042700911,0.93416975801699,1,2,8,69,1,2,1,1,0.5997843682564046,0.182343331303119,0.2178723004404763,6,2,-4,-0.6666666666666666,104783.91548790768,24983.34472739375,-79800.57076051393,-0.7615727126528604,4,9,14,14,39,5,38,36,34,5,5,8,1,2,11,4,-7,-0.6363636363636364,0,0,0,0,0,0,,,,,0,0,0,,,0,0,0,0,,9493.20504316958,18652.495120275977,2701.155448743775,6792.049594425804,999874.1525593308,1042396.8648883709,medium_value,1,0,0,0,activity_drop,no_recent_complaints,medium_digital_engagement
1937,M,East_KZ,rural,low,retired,low,32,30,pensioner,0,138142.87299492772,2025-03-01,1380,31,0,1,0,1,0,0,0,1,0,67,100.0,0,8,10,18,0.0,29631.467190872183,31765.00845452391,65674.34829401861,0.0,3176.500845452392,13767.027307053137,1.0,0,0,10,54,1,2,2,1,0.7205211972464632,0.1988219827563309,0.0806568199972057,2,0,-2,-1.0,8105.103937027216,0.0,-8105.103937027216,-1.0,1,2,5,6,15,4,5,27,47,1,1,5,0,1,5,1,-4,-0.8,0,0,0,0,0,0,,,,,0,2,0,0.3984087971287927,0.1725314509245892,0,1,1,0,60.0,3432.004929303637,6626.243141966931,2761.6807502598344,670.3241790438024,225244.59504507907,225381.97883640547,low_value,0,6,0,0,activity_drop,no_recent_complaints,low_digital_engagement
867,F,Aktobe,small_city,low,employee,medium,65,56,mass,1,166994.81124456407,2025-03-01,2370,57,1,1,1,1,0,0,1,1,1,427,842.0,11,17,27,44,115909.64785682404,156437.2822737075,269961.280673647,494775.5404898698,10537.24071425673,9998.565950875814,32746.877245313528,0.9696126700999276,0,11,27,67,4,6,2,3,0.4227283451677019,0.2886753423520223,0.2885963124802757,13,11,-2,-0.1538461538461538,94638.89142691488,115909.64785682404,21270.75642990916,0.2247570328561547,4,6,8,7,16,8,16,63,68,2,3,3,1,1,6,4,-2,-0.3333333333333333,0,0,0,0,0,0,,,,,0,1,1,0.2199782000071349,0.0417903309145942,1,1,0,0,1.0,4889.854651928276,9105.341890935862,2333.8398900508228,2556.0147618774536,514108.9058120844,489351.409767012,low_value,0,20,0,0,transaction_active,no_recent_complaints,medium_digital_engagement
2257,F,Astana,medium_city,medium,entrepreneur,medium,65,39,sme_owner,0,353691.0152182327,2025-03-01,2370,40,2,2,2,1,0,0,0,1,0,364,882.0,3,6,12,33,59707.01601369907,109073.98835777558,205819.1042232377,604308.9292071367,19902.33867123302,17151.59201860314,66403.79575730674,1.0,0,3,12,65,2,5,2,1,0.4239341925331371,0.3916334440528625,0.1844323634140004,8,3,-5,-0.625,132930.33805054793,59707.01601369907,-73223.32203684887,-0.5508398091111831,3,6,10,11,24,1,21,73,39,4,1,7,1,1,4,3,-1,-0.25,0,0,0,0,0,0,,,,,0,3,0,0.3899372467071342,0.0702351511932905,2,1,1,1,24.0,6954.765835119013,14571.098985070728,3960.477315658424,2994.288519460589,293446.07467215805,256469.1479393688,low_value,0,5,6,0,activity_drop,no_recent_complaints,medium_digital_engagement
169,M,Karaganda,large_city,medium,retired,medium,59,48,pensioner,0,411783.1472947229,2025-03-01,2190,49,0,0,0,1,1,0,0,1,0,47,,0,3,4,15,0.0,60059.72293067891,83070.01045320772,370619.4426734516,0.0,20767.50261330193,25989.88624480866,0.8832000740879525,0,0,4,53,1,2,0,0,0.5107061664238686,0.3204123544088621,0.1688814791672691,0,0,0,0.0,0.0,0.0,0.0,0.0,2,3,4,6,19,1,17,65,56,3,3,5,1,1,3,2,-1,-0.3333333333333333,0,0,0,0,0,0,,,,,0,0,0,,,0,0,0,0,,5523.748144078474,11834.900680051804,2278.1614878191062,3245.586656259368,1016822.1701087158,1028867.8702729172,low_value,0,1,2,0,moderate_activity,no_recent_complaints,medium_digital_engagement
1259,F,South_KZ,medium_city,medium,employee,low,50,29,mass,1,268011.4894821782,2025-03-01,1920,30,2,0,2,1,1,0,0,1,1,382,,7,16,23,33,29295.51516962404,48698.12839903318,103560.32917955505,144891.97537242094,4185.073595660577,4502.62300780674,5866.3569579397845,0.9857398025135888,0,7,23,21,3,5,2,3,0.5799178007294726,0.3850462143706036,0.0350359848999236,9,7,-2,-0.2222222222222222,44827.91250075181,29295.51516962404,-15532.39733112777,-0.3464894184146379,1,2,2,6,13,1,13,20,33,1,1,5,0,0,3,1,-2,-0.6666666666666666,0,1,0,0,1,0,2.918222501608785,2.0,85.0,,1,1,0,0.2228138917470623,0.0695684020096654,0,1,0,0,9.0,7439.701073587987,15610.204271467574,4050.837596656231,3388.8634769317555,198408.2946140736,201000.98731096217,low_value,0,16,0,0,activity_drop,no_recent_complaints,low_digital_engagement
510,M,Atyrau,medium_city,medium,entrepreneur,medium,28,42,sme_owner,0,349285.4338628823,2025-03-01,1260,43,4,0,2,0,1,0,0,1,0,801,,8,22,28,60,240069.8411560905,756162.487159731,756133.6337503981,2171200.040780034,30008.73014451132,27004.772633942783,65678.81085169522,0.9484049185404078,2,8,28,46,3,12,6,3,0.6505345803514497,0.2293361205491708,0.1201292990993793,9,8,-1,-0.1111111111111111,213695.9768354498,240069.8411560905,26373.864320640743,0.1234176923272128,3,6,7,8,21,7,21,27,61,1,3,5,0,0,4,3,-1,-0.25,1,2,2,0,0,0,3.067987272165747,2.0,3.0,14.0,1,1,0,0.5392337467145356,0.2624378192262958,0,1,0,0,85.0,12451.44200511803,24101.49346376951,4986.2447140578415,7465.197291060188,1045625.77733889,1068335.655355491,medium_value,0,9,1,0,transaction_active,complaint_risk,medium_digital_engagement
368,F,Karaganda,small_city,low,employee,medium,57,39,mass,1,119100.44738999072,2025-03-01,2130,40,2,0,1,1,0,0,0,1,1,582,,6,13,21,34,38380.107795505566,77223.27481531016,153177.74310677455,267982.15313269675,6396.684632584261,7294.17824317974,20079.429078361674,1.0,0,6,21,6,3,6,2,3,0.4525256731290777,0.3581008600376015,0.1893734668333206,10,6,-4,-0.4,54205.493232341374,38380.107795505566,-15825.385436835808,-0.2919516914826944,1,4,6,10,21,5,21,46,42,3,2,8,1,0,3,1,-2,-0.6666666666666666,0,0,0,0,0,0,,,,,1,1,0,0.4924721680627363,0.0289376002721481,0,0,0,0,19.0,5244.798100192594,11570.731011845914,3703.585015987273,1541.2130842053211,201126.1946314427,212885.1184643798,low_value,0,9,3,0,activity_drop,no_recent_complaints,medium_digital_engagement
1628,M,Shymkent,medium_city,medium,unemployed,medium,82,36,mass,0,330273.15195860475,2025-03-01,2880,37,2,1,2,0,0,0,0,1,1,394,497.0,6,10,16,30,84585.81637663982,163010.98478788807,132286.40905727868,319014.34729158826,14097.636062773305,8267.900566079918,27550.734958334186,0.9474208813626565,1,6,16,67,2,7,3,2,0.5845850474824859,0.3295608267379754,0.0858541257795388,8,6,-2,-0.25,125085.58140169432,84585.81637663982,-40499.76502505451,-0.3237764462635813,2,4,7,9,17,4,17,40,70,2,1,3,1,1,4,2,-2,-0.5,0,0,0,0,0,0,,,,,1,3,1,0.2406221774468091,0.0331151900729509,0,1,0,0,29.0,6284.658617894037,12196.305527822542,3526.227605436524,2758.431012457513,170202.94139677758,152598.83145409843,low_value,0,9,2,0,transaction_active,no_recent_complaints,medium_digital_engagement
1421,F,Almaty,large_city,medium,entrepreneur,high,57,26,sme_owner,0,360592.068946488,2025-03-01,2130,27,3,0,2,1,0,0,0,1,0,362,,6,10,20,40,79481.3200934266,157550.71127236023,251621.6105724729,595589.1159971717,13246.886682237768,12581.080528623646,51993.01518212559,1.0,0,6,20,46,3,10,4,3,0.6264630497407494,0.1388117641419457,0.2347251861173048,6,6,0,0.0,83999.96836128026,79481.3200934266,-4518.648267853656,-0.0537934520215429,6,11,16,15,53,2,9,45,55,4,7,13,1,3,6,6,0,0.0,0,0,0,0,0,0,,,,,0,0,0,,,0,0,0,0,,10973.445541960557,22578.20204890347,3403.705296463332,7569.740245497225,668216.7527351555,703960.2334985464,medium_value,0,8,6,0,digital_active,no_recent_complaints,digital_power_user
1881,F,Shymkent,large_city,medium,self_employed,medium,65,56,mass,0,301334.37401896063,2025-03-01,2370,57,1,1,1,1,1,0,0,1,0,158,347.0,2,2,4,9,30159.414352852164,24959.29409473512,50104.52522794,126055.53986293242,15079.707176426082,12526.131306984998,40265.05893465234,1.0,0,2,4,55,0,2,1,0,0.7395688676047546,0.1889156444204234,0.0715154879748219,10,2,-8,-0.8,142825.4034126617,30159.414352852164,-112665.98905980952,-0.7888371841967541,1,3,4,5,13,7,13,42,72,2,1,1,0,1,9,1,-8,-0.8888888888888888,0,0,0,0,0,0,,,,,1,2,0,0.213675462823384,0.09923658575433,0,2,0,1,26.0,7159.170543205102,16551.24374052161,3502.9028529982675,3656.267690206834,1257843.1890446914,1265764.0850126222,low_value,0,3,2,0,activity_drop,no_recent_complaints,medium_digital_engagement
1991,M,Shymkent,large_city,medium,retired,high,79,46,pensioner,0,308335.34065219254,2025-03-01,2790,47,0,2,0,1,1,0,1,1,0,354,808.0,4,8,9,14,46646.6331496019,99369.12619581692,114645.85179751598,153639.28557796052,11661.658287400474,12738.427977501777,50740.51190176696,0.9034186868966564,1,4,2,63,2,4,1,1,0.6511872890595531,0.3054308759618023,0.0433818349786446,4,4,0,0.0,40213.61752025874,46646.6331496019,6433.015629343157,0.1599710751240508,3,10,14,16,44,2,39,36,55,4,7,6,1,2,4,3,-1,-0.25,0,0,0,0,0,0,,,,,0,0,0,,,0,0,0,0,,7234.241434859855,16412.639388477648,2059.5339638934656,5174.707470966389,798824.1130303303,845555.1948333172,medium_value,0,4,7,0,moderate_activity,no_recent_complaints,medium_digital_engagement
1058,M,South_KZ,medium_city,medium,employee,high,51,20,mass,1,237840.17711516708,2025-03-01,1950,21,0,1,0,1,1,0,0,1,1,547,241.0,4,9,14,26,17869.91554564864,49918.9795431873,107598.84848493122,130933.20080178793,4467.47888641216,7685.632034637944,26355.869732542924,0.9582627071959404,2,4,3,71,2,3,3,2,0.7854627541166389,0.1907071819801097,0.0238300639032513,8,4,-4,-0.5,40750.12189123996,17869.91554564864,-22880.20634559132,-0.5614757768493907,4,9,13,14,27,1,27,21,44,4,2,11,1,1,9,4,-5,-0.5555555555555556,0,0,0,0,0,0,,,,,0,0,0,,,0,0,0,0,,4673.476742406121,8438.668167766715,2088.5002422175216,2584.9765001885994,274970.6994459237,250633.24460772105,low_value,0,6,4,0,activity_drop,no_recent_complaints,medium_digital_engagement
839,M,Astana,medium_city,medium,employee,high,26,39,mass,1,379911.54762423504,2025-03-01,1200,40,1,1,1,1,1,0,0,1,1,838,808.0,7,10,17,32,155519.42155927198,167434.03444460648,304012.3723765825,479144.93416258687,22217.06022275314,17883.080728034267,25165.76484922306,1.0,0,7,17,22,2,8,2,3,0.7292483415744189,0.2610564920347423,0.0096951663908388,13,7,-6,-0.4615384615384615,275496.9011647662,155519.42155927198,-119977.47960549424,-0.4354948425853233,5,8,12,18,37,3,37,79,19,6,2,14,2,1,12,5,-7,-0.5833333333333334,0,0,0,0,0,0,,,,,0,1,0,0.4129992527211309,0.2064418274902763,0,0,1,0,44.0,10271.135649986498,22811.28495463468,2425.374232329412,7845.761417657086,561662.1357925873,629930.1365652469,medium_value,0,8,8,0,activity_drop,no_recent_complaints,medium_digital_engagement
1848,F,South_KZ,large_city,high,employee,high,58,46,affluent,1,693622.1015536094,2025-03-01,2160,47,1,0,1,1,0,0,0,1,1,134,,8,11,21,38,312502.34121311194,451226.36314628646,816838.4902702884,1139512.4353034585,39062.79265163899,38897.07096525183,149212.83577912013,0.9531344794659886,1,8,3,42,1,4,3,2,0.5478626616864495,0.1084441007085184,0.343693237605032,12,8,-4,-0.3333333333333333,511414.0331004223,312502.34121311194,-198911.6918873104,-0.388944532244096,8,13,18,25,40,5,40,12,59,3,5,7,1,1,11,8,-3,-0.2727272727272727,0,0,0,0,0,0,,,,,0,1,0,0.5919481401212001,0.2141262037315759,1,0,0,0,36.0,13005.418681926792,24110.221584026545,2754.4288027325383,10250.989879194254,900347.8495449702,777082.1240205322,medium_value,0,4,8,0,digital_active,no_recent_complaints,digital_power_user
600,F,Almaty,medium_city,high,retired,medium,82,24,affluent,0,806475.9524271833,2025-03-01,2880,25,3,1,3,1,1,0,0,1,0,879,558.0,6,9,14,30,196836.3818777571,214906.25891008467,314860.6952549908,701003.4295065256,32806.06364629285,22490.04966107077,72075.68563787216,0.9659007092589916,0,6,14,18,3,6,3,2,0.4557662115691809,0.5028101219070981,0.041423666523721,13,6,-7,-0.5384615384615384,284553.6497586549,196836.3818777571,-87717.26788089777,-0.3082626701688608,0,0,2,3,17,3,17,59,42,1,3,4,0,1,4,0,-4,-1.0,0,0,0,0,0,0,,,,,0,1,0,0.1327452724880156,0.0354580586609836,0,1,1,1,20.0,20837.522244266504,45306.701999213205,3998.853153686313,16838.66909058019,1368528.496035515,1468003.6064788871,high_value,1,0,0,0,activity_drop,no_recent_complaints,medium_digital_engagement
1921,F,Astana,small_city,low,entrepreneur,high,26,37,sme_owner,0,120351.47734187637,2025-03-01,1200,38,2,1,2,1,0,0,1,1,0,417,664.0,5,8,14,27,17407.676363382165,24557.808101502367,47828.78729527372,84825.59756027181,3481.535272676433,3416.3419496624088,11988.095071396676,0.943488631959632,0,5,14,15,3,6,2,1,0.7992899707870535,0.1220227820045453,0.0786872472084012,5,5,0,0.0,17959.89670241429,17407.676363382165,-552.2203390321265,-0.030747411757546,5,13,16,16,47,1,29,9,41,6,2,19,2,2,5,5,0,0.0,0,0,0,0,0,0,,,,,0,0,0,,,0,0,0,0,,5625.916606414748,12199.685618491389,4135.849706186338,1490.0669002284094,223436.83221453108,200190.75248966645,low_value,0,8,9,0,digital_active,no_recent_complaints,digital_power_user
1312,F,Almaty,small_city,premium,self_employed,high,58,27,premium,0,1653209.184610446,2025-03-01,2160,28,2,1,2,1,0,0,0,1,0,203,242.0,3,5,10,18,106037.66219854362,205881.3205275797,362894.1161848173,663148.0736198126,35345.88739951454,36289.411618481725,74393.5025692475,1.0,0,3,10,9,1,3,1,2,0.5039173489767672,0.2423267727546302,0.2537558782686026,9,3,-6,-0.6666666666666666,389908.30441777135,106037.66219854362,-283870.64221922774,-0.7280446171648387,1,7,12,6,32,2,32,64,17,3,2,12,1,0,8,1,-7,-0.875,0,0,0,0,0,0,,,,,0,1,0,0.1152916619210145,0.0138606696802104,1,1,0,0,20.0,35059.1751953917,66739.16182328547,3501.186796206141,31557.98839918556,3275905.477602275,3187222.888178178,high_value,0,2,1,1,activity_drop,no_recent_complaints,medium_digital_engagement
1337,M,Aktobe,medium_city,medium,employee,high,37,60,mass,0,291143.28505737154,2025-03-01,1530,61,0,0,0,1,1,0,0,1,0,568,,5,9,12,20,36032.05452428583,88295.15133585395,110260.89207957176,217302.4378368808,7206.410904857165,9188.407673297646,31177.021427563177,1.0,0,5,12,50,2,4,2,1,0.6214741843273153,0.1013486320418537,0.2771771836308311,5,5,0,0.0,54725.62319367937,36032.05452428583,-18693.568669393542,-0.341587131922375,5,12,19,17,49,7,49,52,40,5,2,6,2,2,7,5,-2,-0.2857142857142857,0,0,0,0,0,0,,,,,0,2,0,0.1108501248736352,0.0311479685532138,1,1,0,0,20.0,3965.29356008261,8755.11369414022,2223.1266271153777,1742.1669329672322,493809.9617470933,520709.0253826283,low_value,0,4,12,0,digital_active,no_recent_complaints,digital_power_user
1134,F,Astana,large_city,medium,unemployed,low,65,49,mass,0,299139.3144326869,2025-03-01,2370,50,0,2,0,1,0,0,0,1,0,449,524.0,2,6,12,23,13819.059165603469,47289.94497375878,86635.74203903711,184942.34681188225,6909.529582801733,7219.64516991976,25898.292891909943,1.0,0,2,2,11,2,4,1,1,0.3574631604369596,0.4548141129054166,0.187722726657624,2,2,0,0.0,14723.982821437903,13819.059165603469,-904.9236558344364,-0.0614591627013365,0,1,2,2,7,5,7,60,27,1,0,1,0,0,3,0,-3,-1.0,0,0,0,0,0,0,,,,,1,1,0,0.4647590335867679,0.2145707370197857,0,0,1,0,42.0,5983.091716047956,12164.48502433136,1826.9092451211004,4156.182470926855,413703.2530422106,368757.3497741957,low_value,0,0,1,0,activity_drop,no_recent_complaints,low_digital_engagement
820,M,Astana,large_city,medium,employee,low,27,59,mass,0,333390.6184288646,2025-03-01,1230,60,2,1,2,1,0,0,0,1,0,716,377.0,1,4,9,22,25698.637610681373,79035.1260026684,178569.26175691248,375421.1875218711,25698.637610681373,19841.02908410139,38380.5239961,0.9393640129766816,0,1,9,63,2,2,2,1,0.6985383411548123,0.2012060568606243,0.1002556019845635,11,1,-10,-0.9090909090909092,218591.79905233308,25698.637610681373,-192893.1614416517,-0.8824354906172447,0,0,1,0,6,6,6,60,78,0,0,1,0,0,8,0,-8,-1.0,0,1,0,0,0,0,3.073622183246559,3.0,10.0,,1,2,0,0.0148344214509478,0.0050263484187142,1,1,1,0,6.0,8644.022146754467,20364.15016835345,3621.37904585023,5022.643100904237,334585.5894817469,383299.2274087505,medium_value,1,0,0,0,activity_drop,no_recent_complaints,low_digital_engagement
2174,M,Astana,medium_city,medium,self_employed,medium,38,25,mass,0,381295.3295497526,2025-03-01,1560,26,3,0,1,1,1,0,0,1,1,107,,3,9,12,26,28289.060655003428,136715.32000315984,130603.0067252328,246317.1398962697,9429.686885001143,10883.5838937694,47557.78897436421,0.9696720899019476,0,3,12,48,1,4,2,1,0.5852203892246234,0.0962699842385425,0.3185096265368339,4,3,-1,-0.25,47460.06060056755,28289.060655003428,-19170.999945564123,-0.4039396432067528,1,4,4,9,17,5,17,5,47,1,2,4,1,1,1,1,0,0.0,0,0,0,0,0,0,,,,,0,1,0,0.1618213264363248,0.030285590805678,1,0,0,0,89.0,13084.677801546612,28783.98105339752,3929.0767237576656,9155.601077788946,643538.5701452716,735887.2734600279,medium_value,0,4,4,0,moderate_activity,no_recent_complaints,medium_digital_engagement
528,F,South_KZ,large_city,medium,self_employed,medium,35,43,mass,0,345670.56704115454,2025-03-01,1470,44,2,1,2,1,1,0,1,1,0,613,346.0,5,5,10,26,118952.0046413202,78338.03810821935,169538.48569281885,529240.6735271071,23790.40092826404,16953.848569281887,29129.6436500857,0.9841150233198692,0,5,10,1,1,5,2,1,0.4677363144514404,0.3259007077103104,0.2063629778382489,13,5,-8,-0.6153846153846154,241453.7396151285,118952.0046413202,-122501.73497380834,-0.5073507462302019,2,3,3,6,12,4,12,76,31,1,1,2,0,0,10,2,-8,-0.8,0,0,0,0,0,0,,,,,0,1,1,0.1906202262906863,0.0814599001540199,1,0,0,0,78.0,9846.85026863534,17199.86496407517,3410.0322979021416,6436.8179707331965,436886.45695107616,464859.3297744074,medium_value,0,3,2,0,activity_drop,no_recent_complaints,medium_digital_engagement
2055,M,Astana,large_city,low,retired,medium,34,35,pensioner,0,177097.85565578466,2025-03-01,1440,36,1,0,1,1,0,0,0,1,0,395,,4,7,11,15,39283.112945365145,101086.93129731066,109856.91763022832,178810.64659436353,9820.778236341286,9986.992511838938,41436.97594311159,0.9564449037921848,0,4,11,15,2,4,1,1,0.6958971921952867,0.2851148706135845,0.0189879371911286,4,4,0,0.0,47023.07078171538,39283.112945365145,-7739.957836350237,-0.1645991575556539,2,7,12,9,25,7,25,20,7,4,4,6,1,1,2,2,0,0.0,0,0,0,0,0,0,,,,,2,3,0,0.3339127126807608,0.0553655639270594,0,3,2,0,52.0,7242.581619400296,13923.25245108775,2798.5426259349447,4444.038993465352,211406.4583281347,231148.8679581053,low_value,0,9,7,0,moderate_activity,no_recent_complaints,medium_digital_engagement
1367,M,Karaganda,medium_city,low,employee,medium,18,35,mass,0,141715.4644743408,2025-03-01,960,36,1,2,1,0,0,0,0,1,0,432,53.0,2,7,9,24,14255.201699529483,36282.98875920499,64834.69491931322,157545.21129424823,7127.600849764743,7203.854991034803,28014.99804521089,1.0,0,2,9,6,1,3,1,1,0.4213696278262487,0.3749954637186253,0.203634908455126,2,2,0,0.0,12337.743506233564,14255.201699529483,1917.4581932959209,0.1554140100519302,5,9,15,10,28,6,18,72,27,3,4,7,1,2,7,5,-2,-0.2857142857142857,0,0,0,0,0,0,,,,,0,1,0,0.3713388359562022,0.0205644600828229,0,1,0,0,68.0,7182.52050853682,13881.402584922058,2185.9815829819795,4996.53892555484,193394.8715998662,193535.9461647767,low_value,0,4,3,0,digital_active,no_recent_complaints,medium_digital_engagement
618,M,Aktobe,small_city,medium,self_employed,high,60,51,mass,0,363639.5312133668,2025-03-01,2220,52,3,0,2,1,1,0,1,1,0,499,,2,6,11,20,11748.18132261643,33245.95596390204,68802.45933316505,101354.73422697552,5874.090661308215,6254.769030287732,22216.92882448921,0.9524362209566196,0,2,11,68,1,4,2,1,0.8656746078393931,0.0944796302510261,0.0398457619095807,7,2,-5,-0.7142857142857143,41563.708058361466,11748.18132261643,-29815.52673574504,-0.7173452063968816,0,4,7,5,32,1,32,43,13,3,5,13,2,2,6,0,-6,-1.0,1,1,0,0,0,0,4.467225255570532,3.0,20.0,,0,2,0,0.0,0.0,1,0,0,0,27.0,9083.193964046988,16042.85601808996,3421.280864311645,5661.913099735344,607876.2141380163,675841.1170130846,medium_value,0,6,1,0,activity_drop,no_recent_complaints,medium_digital_engagement
439,F,Almaty,rural,low,retired,high,59,27,pensioner,0,160295.52080671184,2025-03-01,2190,28,0,1,0,1,0,0,0,1,1,495,183.0,7,10,12,21,45000.3322603998,71389.95312527697,68982.39064753393,131102.4983721109,6428.618894342829,5748.532553961161,16111.551076174326,0.955334262376627,0,7,12,14,2,2,3,1,0.6048934706725115,0.3238022066954087,0.0713043226320797,8,7,-1,-0.125,53861.06487852976,45000.3322603998,-8860.732618129958,-0.1645109066839494,5,11,19,15,39,7,23,49,49,6,4,10,2,1,9,5,-4,-0.4444444444444444,0,0,0,0,0,0,,,,,0,0,0,,,0,0,0,0,,4699.901447616793,10525.995328791148,4070.845371251689,629.0560763651042,355759.40003615705,333365.1665124906,low_value,0,5,7,0,digital_active,no_recent_complaints,digital_power_user
1969,M,North_KZ,medium_city,medium,employee,medium,63,34,mass,1,210148.38482907845,2025-03-01,2310,35,0,1,0,1,0,0,0,1,1,297,24.0,8,14,20,33,81682.96759397336,138607.24500322915,174741.69349236987,417600.0947030127,10210.37094924667,8737.084674618494,20738.37233894834,0.933331024367014,1,5,20,50,3,8,2,3,0.365002437373136,0.2963264422289255,0.3386711203979384,12,8,-4,-0.3333333333333333,125902.73009156813,81682.96759397336,-44219.76249759477,-0.3512216332833613,4,11,14,12,36,1,36,54,65,4,3,7,2,1,12,4,-8,-0.6666666666666666,0,0,0,0,0,0,,,,,0,1,0,0.442688347599434,0.1378272226182095,0,1,1,0,88.0,5892.795580377386,10577.004720045825,3325.4160731595675,2567.379507217818,444027.0838555344,502917.0527337783,low_value,0,14,5,0,activity_drop,no_recent_complaints,medium_digital_engagement
441,F,North_KZ,large_city,low,employee,medium,55,48,mass,1,187453.64344113803,2025-03-01,2070,49,1,1,1,1,0,0,0,1,1,508,130.0,7,12,19,34,28113.29142840052,38340.18751730126,50375.904184536455,142616.97577049045,4016.184489771503,2651.363378133497,8437.45568631142,0.9603696877166504,0,7,19,45,4,6,2,1,0.7464063416237984,0.2141931036182859,0.0394005547579156,10,7,-3,-0.3,42065.15971455234,28113.29142840052,-13951.86828615182,-0.3316727757799337,5,7,11,12,22,3,22,11,55,2,2,4,0,1,7,5,-2,-0.2857142857142857,0,0,0,0,0,0,,,,,1,2,0,0.2303972984498547,0.0632335906978491,0,1,1,0,18.0,1627.1856086619275,2918.4646894813923,3067.6696095649622,-1440.4840009030345,196571.4355659996,225371.78684709064,low_value,0,11,5,0,transaction_active,no_recent_complaints,medium_digital_engagement
1037,M,Almaty,rural,low,employee,high,44,50,mass,1,157778.57155929276,2025-03-01,1740,51,1,0,1,1,0,0,0,1,1,150,,1,6,9,22,9726.376326477535,39857.04683558252,62657.94594503185,190303.2293459449,9726.376326477535,6961.993993892428,21465.77965642917,0.9468837841921044,2,1,9,46,2,4,2,1,0.7154518920975075,0.1874186202033056,0.0971294876991867,5,1,-4,-0.8,59319.98896804289,9726.376326477535,-49593.61264156536,-0.8360354326478825,2,4,8,10,29,4,29,7,22,5,1,3,1,1,4,2,-2,-0.5,0,0,0,0,0,0,,,,,0,1,0,0.1425611683851126,0.032992886498105,0,0,0,0,62.0,5254.650063875117,11917.60203825623,3062.300726687034,2192.3493371880827,372401.2128418549,397530.44756439264,low_value,0,2,4,0,activity_drop,no_recent_complaints,medium_digital_engagement
842,F,East_KZ,large_city,medium,self_employed,low,61,33,mass,0,277719.2684879161,2025-03-01,2250,34,1,1,1,0,0,0,0,1,0,491,343.0,3,11,13,21,32934.75879090654,119897.04237520322,150726.45010618356,185978.56456679915,10978.25293030218,11594.342315860276,17421.627808658774,0.9734501945053728,0,3,13,48,2,5,3,1,0.4602333337128156,0.4904444700061977,0.0493221962809865,5,3,-2,-0.4,50784.959078560605,32934.75879090654,-17850.200287654065,-0.3514859637878434,0,0,2,3,12,4,12,3,21,2,2,4,0,0,0,0,0,0.0,0,0,0,0,0,0,,,,,1,2,0,0.3489353130424072,0.0751874304023992,1,0,1,0,70.0,6316.5554869934585,11017.235992044109,3458.783249549496,2857.7722374439627,692721.4259049725,763940.2619488897,low_value,0,1,0,0,moderate_activity,no_recent_complaints,low_digital_engagement
1104,F,Almaty,small_city,premium,self_employed,low,42,53,premium,0,1237296.9084998162,2025-03-01,1680,54,1,1,1,1,0,0,0,0,0,503,462.0,5,6,11,19,227578.1521221476,252511.244579746,354376.8046617745,839411.3856021581,45515.63042442951,32216.073151070406,139386.04903650394,0.9375583272187268,1,5,11,12,1,2,1,2,0.5434089752792908,0.2898217179009397,0.1667693068197695,13,5,-8,-0.6153846153846154,479602.8020114951,227578.1521221476,-252024.64988934755,-0.5254861915575444,0,0,0,0,0,1,0,252,258,0,0,0,0,0,4,0,-4,-1.0,0,0,0,0,0,0,,,,,1,1,0,0.3375271228530537,0.0338190424351973,0,0,0,0,70.0,20585.450277643937,38808.19976018854,2419.7351011879373,18165.715176456,1232367.45425951,1290478.483660971,high_value,1,0,0,0,activity_drop,no_recent_complaints,low_digital_engagement
621,F,Almaty,medium_city,medium,employee,low,38,39,mass,0,269628.13303642254,2025-03-01,1560,40,1,0,1,1,0,0,0,0,1,42,,6,9,10,18,69585.02654179803,75500.67965089517,83275.82025726575,160421.73715936023,11597.504423633003,8327.582025726575,33079.51908585745,1.0,0,6,4,43,2,2,2,1,0.7040030783002944,0.2515916242141845,0.0444052974855212,8,6,-2,-0.25,99945.70495817484,69585.02654179803,-30360.6784163768,-0.3037717171446447,1,2,2,1,10,8,10,18,52,1,1,3,0,0,5,1,-4,-0.8,0,0,0,0,0,0,,,,,1,3,1,0.2550905879390904,0.1140568579362385,1,0,1,0,7.0,10717.850332665885,19325.596510758536,3359.767822694723,7358.08250997116,328083.94623671845,353057.0671616384,medium_value,0,7,1,1,activity_drop,no_recent_complaints,low_digital_engagement
1431,F,Shymkent,large_city,medium,employee,high,64,22,mass,1,520617.3728402275,2025-03-01,2340,23,1,2,1,1,0,0,1,1,1,632,62.0,5,13,22,46,102773.91132340617,260912.4764640671,529083.9001089062,747551.5255383832,20554.78226468123,24049.268186768462,61403.5953073045,0.9276713681034736,2,5,22,10,3,7,4,3,0.6567306232647501,0.2339967258774655,0.1092726508577845,6,5,-1,-0.1666666666666666,89183.67768803169,102773.91132340617,13590.23363537446,0.1523847635316596,9,13,18,18,42,5,41,40,7,2,4,6,1,2,13,9,-4,-0.3076923076923077,0,1,0,1,0,0,3.46899942428578,2.0,57.0,,1,3,0,0.2470104092342028,0.1128451930617879,3,1,1,0,53.0,10921.504545072248,23421.22052767758,3186.510956041748,7734.9935890305,846779.800402892,898204.396426471,medium_value,0,12,11,0,digital_active,no_recent_complaints,digital_power_user
2145,M,Astana,small_city,high,employee,low,32,31,affluent,1,736415.8555020891,2025-04-01,1410,32,3,1,3,1,1,1,0,0,1,163,417.0,15,23,35,52,200483.4155550713,370342.7139400365,509071.2303395134,902207.6145292104,13365.561037004753,14544.89229541467,46590.92771882366,0.928705799950322,2,2,33,35,5,14,7,3,0.623174220309916,0.2759066275250667,0.1009191521650174,16,15,-1,-0.0625,253809.56704534288,200483.4155550713,-53326.15149027159,-0.210103000099854,4,6,8,4,14,4,14,58,27,1,1,5,0,1,7,4,-3,-0.4285714285714285,0,1,0,0,0,0,3.109938569826192,2.0,29.0,,1,2,1,0.2750089750942083,0.1098236578771601,1,1,0,0,37.0,18554.093086870947,34686.91281115458,4997.962998458368,13556.13008841258,1166121.1650605528,1043772.3443099308,medium_value,0,14,3,1,transaction_active,no_recent_complaints,low_digital_engagement
2296,M,Almaty,rural,medium,entrepreneur,medium,31,19,sme_owner,0,197384.01694432303,2025-04-01,1380,20,1,1,1,1,1,0,1,1,1,249,254.0,5,9,13,29,61465.04002722364,114352.49969712306,181241.3165635541,319592.43957865564,12293.008005444728,13941.63973565801,25894.675692348483,1.0,0,5,12,36,1,6,1,2,0.7037470961958602,0.2606885194287013,0.0355643843754385,6,5,-1,-0.1666666666666666,70248.3653135341,61465.04002722364,-8783.325286310464,-0.1250324508920389,2,3,4,7,20,5,20,40,12,1,3,3,0,1,2,2,0,0.0,0,1,0,1,0,0,4.1921962391460985,4.0,43.0,,0,0,0,,,0,0,0,0,,7753.933605247405,15274.92758913478,3117.401227132627,4636.532378114778,341647.32637737214,325017.705745094,low_value,0,6,3,0,moderate_activity,no_recent_complaints,medium_digital_engagement
1834,M,Shymkent,rural,medium,employee,low,71,30,mass,1,331803.07617840124,2025-04-01,2580,31,2,1,1,0,0,0,0,0,1,841,551.0,6,16,22,39,175946.9087128617,475195.56644541095,509920.6675141319,960424.9673589346,29324.48478547695,23178.212159733263,41721.33566295625,0.9585191492294838,1,6,20,30,2,5,5,2,0.6179365656477858,0.3456539180920569,0.0364095162601572,7,6,-1,-0.1428571428571428,227024.12121036783,175946.9087128617,-51077.21249750615,-0.224985839501065,1,2,5,5,14,1,14,73,10,1,2,6,0,1,5,1,-4,-0.8,0,0,0,0,0,0,,,,,0,2,0,0.1857839358122417,0.0746582301300675,1,1,1,1,66.0,8442.764174049593,18508.52753928216,2520.3467723148774,5922.417401734716,813152.5827497749,702718.5010450506,medium_value,0,13,0,0,activity_drop,no_recent_complaints,low_digital_engagement
1356,M,Almaty,medium_city,low,employee,medium,19,40,mass,0,75610.2975314457,2025-04-01,1020,41,1,1,1,0,0,0,0,1,1,48,163.0,0,2,3,15,0.0,3296.813547162508,7865.979289111796,24722.03916863304,0.0,2621.993096370599,4553.955409153738,0.9776590188254212,1,0,3,59,0,1,0,0,0.4421721247455587,0.1815266870296316,0.3763011882248096,9,0,-9,-1.0,13446.702259526546,0.0,-13446.702259526546,-1.0,1,2,3,6,9,2,9,50,73,1,0,2,0,0,5,1,-4,-0.8,0,0,0,0,0,0,,,,,0,0,0,,,0,0,0,0,,3525.971774383659,6885.829550236152,2199.4263985236475,1326.5453758600115,78435.45061649039,89539.48720405436,low_value,0,1,1,0,activity_drop,no_recent_complaints,medium_digital_engagement
811,M,South_KZ,medium_city,high,employee,medium,68,43,affluent,0,473528.60727199423,2025-04-01,2490,44,3,0,1,1,0,1,0,1,0,227,,4,12,18,27,55758.32965167751,156953.6716400852,301357.5634485058,583122.008895124,13939.582412919375,16742.086858250324,35063.63965309322,1.0,0,4,18,43,2,4,2,2,0.4699465005464843,0.2748047075760073,0.2552487918775082,6,4,-2,-0.3333333333333333,101515.7299198363,55758.32965167751,-45757.4002681588,-0.4507419717544457,6,6,10,12,22,1,22,26,76,1,4,6,0,1,8,6,-2,-0.25,0,0,0,0,0,0,,,,,1,2,1,0.2331429768262515,0.0905791801792433,1,1,2,0,21.0,12070.3972697452,24477.531656313666,3909.546752309066,8160.850517436134,548364.863866972,606326.9015362705,medium_value,0,8,1,0,transaction_active,no_recent_complaints,medium_digital_engagement
2248,F,Karaganda,large_city,high,entrepreneur,medium,30,55,affluent,0,574188.047502215,2025-04-01,1350,56,1,0,1,1,0,0,0,1,1,769,,3,8,13,29,40267.66459361454,135003.84108505544,145876.09671489094,394641.1327149948,13422.55486453818,11221.238208837764,42332.64463599061,0.9526874834485828,1,3,13,12,1,4,3,2,0.6966517061643361,0.1926754199726429,0.1106728738630209,5,3,-2,-0.4,67850.90599941682,40267.66459361454,-27583.24140580228,-0.4065272379124806,2,6,10,12,25,8,25,65,48,2,1,8,1,1,3,2,-1,-0.3333333333333333,0,0,0,0,0,0,,,,,1,2,1,0.3686097155126262,0.1160990483339871,2,1,0,0,82.0,11158.719820239745,22257.073872173547,2783.180911101861,8375.538909137882,792299.0443309866,838804.5548979773,medium_value,0,7,3,0,moderate_activity,no_recent_complaints,medium_digital_engagement
1289,M,Astana,large_city,medium,employee,low,49,49,mass,0,537154.2616269069,2025-04-01,1920,50,0,0,0,1,1,0,0,0,0,659,,3,5,6,21,78416.4881900725,139812.48945337674,192731.50676293336,402239.8848702418,26138.829396690835,32121.917793822227,144018.27017286015,0.961459476120278,0,3,6,45,1,1,1,1,0.8399382074453758,0.13480023828684,0.0252615542677841,4,3,-1,-0.25,99774.9282045041,78416.4881900725,-21358.4400144316,-0.2140662027904864,2,3,3,4,6,5,6,61,35,0,1,1,0,0,3,2,-1,-0.3333333333333333,0,0,0,0,0,0,,,,,0,2,1,0.2424145630416923,0.05228121718893,1,1,1,0,51.0,11499.563950985874,24846.26364161847,2541.352596783513,8958.211354202362,596337.6457354042,589690.8725023941,medium_value,0,2,4,0,moderate_activity,no_recent_complaints,low_digital_engagement
663,M,Almaty,medium_city,low,unemployed,high,49,61,mass,0,156772.7464252187,2025-04-01,1920,62,2,0,2,1,0,0,0,1,0,10,,9,14,20,40,45529.18357745283,52792.93504995899,77184.88846466968,194650.26703087537,5058.798175272536,3859.244423233484,17354.064522512934,0.9691985079120284,1,9,20,8,3,8,4,2,0.5602201926785937,0.2373243714566519,0.2024554358647542,12,9,-3,-0.25,53314.94744594055,45529.18357745283,-7785.763868487716,-0.1460334154203603,8,15,21,17,37,6,37,16,35,2,5,5,0,2,11,8,-3,-0.2727272727272727,0,0,0,0,0,0,,,,,0,1,0,0.3696494722110079,0.064591388259645,1,1,0,0,13.0,2997.542184896423,5336.815128156197,3756.878756563149,-759.3365716667263,335688.07035255607,310404.3215493964,low_value,0,3,7,0,digital_active,no_recent_complaints,digital_power_user
508,F,Almaty,large_city,high,employee,medium,33,41,affluent,1,648914.0656545828,2025-04-01,1440,42,5,2,3,1,0,1,0,1,1,170,621.0,11,22,30,68,487207.01138449344,930897.0541906444,1415429.8262805275,3313272.256584658,44291.5464894994,47180.99420935092,136617.20452203887,0.8744420209386075,5,11,1,68,5,15,7,2,0.7042041971253504,0.1055750632658067,0.1902207396088427,15,11,-4,-0.2666666666666666,707161.183622806,487207.01138449344,-219954.1722383125,-0.3110382432354125,5,7,11,12,29,2,29,57,3,3,4,5,1,1,7,5,-2,-0.2857142857142857,0,0,0,0,0,0,,,,,0,1,0,0.080500024758557,0.0316484533509797,1,0,0,0,51.0,15364.743713671036,34374.7837098362,3945.811850193233,11418.931863477805,3166021.3221619683,2717800.8216551263,medium_value,0,7,3,0,transaction_active,no_recent_complaints,medium_digital_engagement
319,M,Shymkent,large_city,premium,unemployed,medium,30,50,premium,0,1352087.7038520952,2025-04-01,1350,51,2,0,2,1,1,0,0,1,0,234,,3,13,17,34,90482.67636356488,354559.96954101446,576672.309529171,700409.2392868897,30160.89212118829,33921.90056053947,117059.88012404172,1.0,0,3,17,51,2,8,4,2,0.3745086049077084,0.3511181499271542,0.2743732451651375,3,3,0,0.0,63080.89228975467,90482.67636356488,27401.78407381021,0.4343911932625069,7,10,12,17,29,6,22,77,18,2,2,11,1,2,12,7,-5,-0.4166666666666667,0,0,0,0,0,0,,,,,0,1,1,0.5789036622316959,0.2153169144597834,0,0,0,0,20.0,29593.59524191318,62414.87721583565,3640.3061222515257,25953.28911966165,2892596.950413745,3077329.1149489447,high_value,0,9,6,0,transaction_active,no_recent_complaints,medium_digital_engagement
2019,F,Atyrau,large_city,medium,self_employed,low,71,44,mass,0,412920.7074952388,2025-04-01,2580,45,3,0,2,1,1,0,0,0,0,674,,4,8,17,27,67843.02874945574,146327.65702394006,290440.6078361296,663809.0834049699,16960.757187363935,17084.74163741939,31318.06946668877,0.922159664246014,4,4,17,68,2,5,2,2,0.3416352522612665,0.6546324400362867,0.0037323077024468,5,4,-1,-0.2,114358.74418577612,67843.02874945574,-46515.71543632039,-0.4067525904337972,1,4,5,2,14,8,13,23,66,1,1,4,0,1,1,1,0,0.0,0,1,0,0,1,0,3.994292872553454,3.0,56.0,,0,3,0,0.2203231250191219,0.1098761551284343,0,0,0,0,32.0,11504.09817636195,26715.32210357327,4140.23174584512,7363.866430516829,1113984.4988816015,1142900.9277682689,medium_value,0,7,3,0,transaction_active,no_recent_complaints,low_digital_engagement
219,F,Almaty,large_city,high,employee,medium,79,19,affluent,0,1050920.147270744,2025-04-01,2820,20,3,0,3,1,1,0,1,1,0,16,,1,6,8,23,102704.11579753122,595121.6757681014,796958.4158241351,2000041.6071212625,102704.11579753122,99619.80197801688,426291.10883099656,0.9517096574408208,2,1,8,2,1,2,1,1,0.5437717756888071,0.3449139315477958,0.1113142927633972,8,1,-7,-0.875,590895.676716818,102704.11579753122,-488191.5609192868,-0.8261890891329853,5,8,9,13,18,2,18,4,28,1,1,5,1,1,10,5,-5,-0.5,0,0,0,0,0,0,,,,,2,4,0,0.3150455353978172,0.1149731502978426,1,1,1,1,37.0,21350.587805283933,50298.19276737192,4228.868809305019,17121.718995978914,1720194.088737222,1784231.727391675,high_value,0,2,4,0,activity_drop,no_recent_complaints,medium_digital_engagement
2096,M,North_KZ,large_city,medium,employee,medium,39,74,mass,0,298338.14520662744,2025-04-01,1620,75,2,1,1,1,0,0,0,1,0,301,496.0,3,9,15,28,32670.98472264039,124739.02237638435,161531.93025836098,381518.675082394,10890.32824088013,10768.7953505574,13910.10198211431,0.958233869804333,1,3,15,49,1,5,2,2,0.4643245884000159,0.3228602294667757,0.2128151821332084,9,3,-6,-0.6666666666666666,164003.78636966806,32670.98472264039,-131332.80164702766,-0.8007912777757503,2,7,8,5,26,3,6,40,32,2,1,5,0,1,4,2,-2,-0.5,0,1,0,0,0,0,4.003318637245994,3.0,1.0,,3,5,0,0.0965519115850797,0.0136316201960781,2,1,1,0,57.0,8973.726579037217,17869.497264858164,2889.399049388578,6084.327529648639,593484.1189286265,620564.5927819515,medium_value,0,4,1,0,activity_drop,no_recent_complaints,medium_digital_engagement
49,F,Astana,large_city,low,unemployed,low,75,37,mass,0,120524.18382246804,2025-04-01,2700,38,3,1,3,1,0,0,0,1,0,388,237.0,4,12,19,40,31581.94334064673,125835.7534879161,224947.6849280429,350305.3469050382,7895.485835161683,11839.351838318047,41313.75217540701,0.9302578682668828,0,4,19,69,2,10,3,1,0.4772124355898781,0.4290559801338263,0.0937315842762954,14,4,-10,-0.7142857142857143,133128.81998057105,31581.94334064673,-101546.87663992432,-0.7627715520557019,0,3,4,8,15,7,15,3,5,2,1,2,0,1,9,0,-9,-1.0,0,0,0,0,0,0,,,,,0,0,0,,,0,0,0,0,,8300.62073571691,18731.341603803823,4484.113613250935,3816.507122465975,157631.21003163542,146806.81850430285,low_value,0,7,0,0,activity_drop,no_recent_complaints,low_digital_engagement
669,M,Almaty,medium_city,low,employee,medium,19,54,mass,1,168830.48312857313,2025-04-01,1020,55,2,1,2,1,0,0,0,1,1,10,593.0,7,11,20,42,110797.8595087511,212907.88389293413,312366.05724856874,617131.6445015714,15828.2656441073,15618.302862428438,50473.54869928594,1.0,0,7,20,14,3,10,2,2,0.6482938882705774,0.2896313407738167,0.0620747709556059,10,7,-3,-0.3,154470.84728732,110797.8595087511,-43672.9877785689,-0.2827264078984169,4,6,13,9,24,6,24,22,56,2,1,4,1,1,6,4,-2,-0.3333333333333333,0,0,0,0,0,0,,,,,0,1,0,0.2300360897164852,0.0495949214361633,1,0,0,0,28.0,5354.334189868516,11964.734196981628,2910.664187942088,2443.670001926428,404946.9234799056,378075.8177660687,low_value,0,6,7,0,transaction_active,no_recent_complaints,medium_digital_engagement
2138,F,Aktobe,large_city,high,entrepreneur,medium,36,42,affluent,0,780263.1747363383,2025-04-01,1530,43,5,1,2,1,1,0,0,1,0,15,164.0,12,19,24,45,449953.3521708273,578438.444393883,768814.0560747231,1351233.1914099134,37496.11268090228,32033.919003113464,125516.62886472564,0.9459930757224556,3,12,11,23,3,11,4,2,0.730859937933019,0.2622246686780743,0.0069153933889066,17,12,-5,-0.2941176470588235,580623.2586543981,449953.3521708273,-130669.9064835708,-0.225051105920903,5,10,12,12,28,8,28,31,45,2,2,4,0,1,5,5,0,0.0,0,0,0,0,0,0,,,,,2,2,0,0.0544038713872388,0.0104083166669709,1,1,1,0,74.0,20412.087468312737,45110.94306487753,4974.044365886495,15438.043102426242,1439748.4656046722,1503213.2500527406,high_value,0,17,9,0,transaction_active,no_recent_complaints,medium_digital_engagement
2311,F,Shymkent,large_city,medium,retired,high,22,35,pensioner,0,389420.298814792,2025-04-01,1110,36,2,1,2,1,0,0,0,1,0,405,828.0,4,12,20,31,74254.06267155024,198787.51082290284,472625.5062221064,649565.3059524936,18563.51566788756,23631.27531110532,38481.3613902251,0.9940076405990894,0,4,20,27,3,7,2,4,0.6618144640230896,0.331778784954355,0.0064067510225553,4,4,0,0.0,85729.01058694333,74254.06267155024,-11474.947915393088,-0.133851397990364,4,8,9,10,34,6,34,37,31,5,2,7,1,1,6,4,-2,-0.3333333333333333,0,0,0,0,0,0,,,,,1,3,0,0.4219379708703591,0.2080461245660233,1,1,0,0,87.0,11383.55894163734,24037.472447665845,3743.555403287383,7640.003538349958,512731.20269214886,546771.2282109937,medium_value,0,6,3,0,transaction_active,no_recent_complaints,medium_digital_engagement
1937,M,East_KZ,rural,low,retired,low,32,30,pensioner,0,138142.87299492772,2025-04-01,1410,31,1,0,1,1,0,0,1,0,0,299,,0,2,11,19,0.0,16282.923030611868,108946.51510282206,156430.79881322497,0.0,9904.228645711097,29383.66982476444,0.9126859642734476,0,0,11,27,1,5,1,1,0.6828608444859986,0.2784360370957843,0.0387031184182172,4,0,-4,-1.0,28993.245654386723,0.0,-28993.245654386723,-1.0,3,4,7,5,13,6,7,56,15,2,2,4,1,1,6,3,-3,-0.5,0,0,0,0,0,0,,,,,1,3,1,0.5296567905246867,0.1424301077288572,0,0,1,0,46.0,2332.459829100765,4831.672859976196,2519.92914515467,-187.4693160539045,253908.63072990984,258936.2693020756,low_value,0,1,2,0,activity_drop,no_recent_complaints,low_digital_engagement
867,F,Aktobe,small_city,low,employee,medium,65,56,mass,1,166994.81124456407,2025-04-01,2400,57,1,2,1,1,0,0,0,1,1,242,151.0,9,15,19,35,43757.21584661126,80244.5665889363,84564.57019314135,228372.27184932405,4861.912871845696,4450.766852270597,8580.080046321502,0.8900393750480619,1,9,13,47,1,8,3,2,0.4477487839935264,0.2873142144868849,0.2649370015195887,19,9,-10,-0.5263157894736842,121382.76975472432,43757.21584661126,-77625.55390811306,-0.6395104846014754,1,2,5,7,11,3,11,63,10,1,2,4,0,0,5,1,-4,-0.8,0,1,0,1,1,0,4.002951703911294,3.0,13.0,,0,0,0,,,0,0,0,0,,3558.4391596473456,7587.792683919537,2565.0088063015173,993.4303533458284,524692.3667170228,577113.5719095476,low_value,1,0,0,0,activity_drop,no_recent_complaints,medium_digital_engagement
2257,F,Astana,medium_city,medium,entrepreneur,medium,65,39,sme_owner,0,353691.0152182327,2025-04-01,2400,40,2,1,2,1,1,0,0,1,0,44,889.0,5,6,9,19,52197.84335224142,54753.954933214576,93332.7465871673,206979.58996736616,10439.568670448283,10370.305176351923,36789.31995032797,0.905160233958488,0,1,9,34,1,3,1,1,0.4593902428592411,0.4303684944101265,0.1102412627306323,10,5,-5,-0.5,137179.43178342364,52197.84335224142,-84981.58843118223,-0.6194922032141786,0,2,2,1,9,8,9,30,71,1,1,4,0,1,4,0,-4,-1.0,0,0,0,0,0,0,,,,,0,1,1,0.5764267682960103,0.1268720279418796,0,0,0,0,56.0,9001.9493784153,20132.3921114786,3695.667181950604,5306.282196464696,1153631.6042306882,1064868.9983916315,medium_value,0,2,0,0,activity_drop,no_recent_complaints,medium_digital_engagement
169,M,Karaganda,large_city,medium,retired,medium,59,48,pensioner,0,411783.1472947229,2025-04-01,2220,49,1,0,1,1,1,0,1,1,0,31,,4,6,12,30,60764.03939057772,102566.91694877928,224220.52306649985,461812.02515729936,15191.00984764443,18685.043588874985,80068.28300617155,0.9825672393133776,0,4,12,29,2,3,3,2,0.4781808611574888,0.5170343801040218,0.0047847587384892,4,4,0,0.0,61264.55909095676,60764.03939057772,-500.5197003790454,-0.0081698082513896,3,6,12,10,28,5,28,71,78,4,4,6,1,1,6,3,-3,-0.5,0,0,0,0,0,0,,,,,0,2,0,0.4021861517399885,0.0552145424527036,0,2,2,0,81.0,8831.703353004752,18257.2991610906,2072.5565275116064,6759.146825493146,1439190.8179740456,1560496.0242579924,medium_value,0,8,10,0,moderate_activity,no_recent_complaints,medium_digital_engagement
1259,F,South_KZ,medium_city,medium,employee,low,50,29,mass,1,268011.4894821782,2025-04-01,1950,30,2,0,2,1,0,0,1,0,1,52,,6,13,18,41,21143.132887668595,45994.66152347283,86809.405970808,158695.2905496698,3523.855481278099,4822.744776156,21080.037682744703,0.9384823647698076,1,6,18,40,2,9,3,2,0.8099923882903575,0.1018062538071915,0.088201357902451,8,6,-2,-0.25,29151.94557509688,21143.132887668595,-8008.812687428282,-0.27472652440288,1,3,4,3,16,6,16,45,45,1,1,2,0,0,4,1,-3,-0.75,0,0,0,0,0,0,,,,,0,1,0,0.4620630116327915,0.1398099495574639,0,0,0,0,19.0,6004.482797797251,12659.100931313298,3677.355816010053,2327.1269817871985,885068.3686522824,774507.8944184222,low_value,0,8,3,0,activity_drop,no_recent_complaints,low_digital_engagement
510,M,Atyrau,medium_city,medium,entrepreneur,medium,28,42,sme_owner,0,349285.4338628823,2025-04-01,1290,43,4,0,1,1,0,0,0,1,1,559,,12,18,23,40,118914.25974285883,227076.86661670523,286409.8683866673,449026.0440098898,9909.521645238236,12452.60297333336,15833.69022676286,0.9439970520733124,0,12,23,12,2,5,4,2,0.6138388206446832,0.206573076560814,0.1795881027945026,14,12,-2,-0.1428571428571428,157422.4961189226,118914.25974285883,-38508.23637606375,-0.2446171120738249,1,6,8,9,19,7,19,57,2,2,2,4,0,0,2,1,-1,-0.5,0,0,0,0,0,0,,,,,0,1,0,0.2111361364530383,0.0844953338732928,0,0,0,0,39.0,12629.60775751372,26235.59992593677,4733.173115049191,7896.434642464528,576242.430931223,561574.7454727055,medium_value,0,8,5,0,transaction_active,no_recent_complaints,medium_digital_engagement
368,F,Karaganda,small_city,low,employee,medium,57,39,mass,1,119100.44738999072,2025-04-01,2160,40,4,0,4,1,0,0,1,1,1,224,,12,24,35,61,30291.659867746806,60671.03984776234,76228.97598257705,138387.27797217108,2524.3049889789004,2177.970742359344,7587.954479028194,0.9428631154307326,0,9,24,69,3,15,4,6,0.8087115481723761,0.1196862865748948,0.0716021652527289,13,12,-1,-0.0769230769230769,36202.178027467504,30291.659867746806,-5910.518159720697,-0.1632641592789317,3,6,8,11,22,1,10,15,4,4,4,4,0,0,4,3,-1,-0.25,0,0,0,0,0,0,,,,,0,0,0,,,0,0,0,0,,8181.9260089052,14267.626456983278,3957.384556408751,4224.541452496449,246767.6801298945,229495.0448741796,low_value,0,19,2,0,transaction_active,no_recent_complaints,medium_digital_engagement
1628,M,Shymkent,medium_city,medium,unemployed,medium,82,36,mass,0,330273.15195860475,2025-04-01,2910,37,0,0,0,1,1,0,0,1,0,682,,2,8,9,22,9346.94632224445,59961.55586875902,51829.43065003257,119706.86722147366,4673.473161122225,5758.825627781396,7454.556001816321,0.9758338245122395,0,2,9,26,1,2,1,2,0.6815913509984587,0.2564626140956531,0.0619460349058881,9,2,-7,-0.7777777777777778,51679.9038642773,9346.94632224445,-42332.95754203285,-0.81913769911818,3,7,9,9,24,3,24,4,3,4,1,2,1,1,7,3,-4,-0.5714285714285714,0,0,0,0,0,0,,,,,0,1,0,0.4164322139001706,0.0516372585985691,1,0,0,0,35.0,5431.534070041557,10624.55016879651,2604.0786618957645,2827.4554081457927,767728.6997618313,822183.2871265069,low_value,0,2,5,0,activity_drop,no_recent_complaints,medium_digital_engagement
1421,F,Almaty,large_city,medium,entrepreneur,high,57,26,sme_owner,0,360592.068946488,2025-04-01,2160,27,2,2,2,1,0,0,0,1,0,125,65.0,5,11,17,28,83906.1707675322,167082.45087159806,260740.22802200372,435752.2133778893,16781.23415350644,15337.660471882577,43733.95104414561,0.9317443132110664,1,5,17,43,2,6,4,1,0.8548835828021677,0.1173965781724287,0.0277198390254034,9,5,-4,-0.4444444444444444,172092.29428682485,83906.1707675322,-88186.12351929265,-0.5124350505334861,4,8,14,19,43,8,43,25,17,7,6,17,1,1,9,4,-5,-0.5555555555555556,0,0,0,0,0,0,,,,,0,0,0,,,0,0,0,0,,8030.631738385848,15166.945234860368,3411.7513071749368,4618.880431210911,762155.362264903,722492.6577255074,low_value,0,5,4,0,activity_drop,no_recent_complaints,medium_digital_engagement
1881,F,Shymkent,large_city,medium,self_employed,medium,65,56,mass,0,301334.37401896063,2025-04-01,2400,57,2,0,1,1,0,0,0,1,0,173,,10,15,18,26,107214.22092838502,160005.1790550955,226742.4035785845,300192.7401383574,10721.422092838502,12596.800198810248,43060.18088040999,1.0,0,10,18,27,3,8,2,2,0.6033822676376734,0.3569662726721283,0.0396514596901981,11,10,-1,-0.0909090909090909,105784.22602561917,107214.22092838502,1429.9949027658731,0.0135180353110448,4,6,8,10,23,1,19,52,11,4,1,2,1,1,4,4,0,0.0,0,0,0,0,0,0,,,,,0,1,0,0.3140559323369917,0.1097679220651327,0,0,0,0,58.0,7835.92689710406,14525.34104812181,3753.770126453253,4082.156770650808,493674.160239389,484500.202371293,low_value,0,12,6,0,transaction_active,no_recent_complaints,medium_digital_engagement
1991,M,Shymkent,large_city,medium,retired,high,79,46,pensioner,0,308335.34065219254,2025-04-01,2820,47,1,1,1,0,1,0,0,1,0,629,575.0,2,2,2,11,24476.13844253216,23863.795160951504,18101.782531426048,111495.00380986668,12238.06922126608,9050.891265713024,16162.419972137208,1.0,0,2,2,32,0,1,0,0,0.6973178592837013,0.2687089887173449,0.0339731519989537,3,2,-1,-0.3333333333333333,28797.191072714493,24476.13844253216,-4321.052630182334,-0.1500511844808557,5,11,17,19,47,8,47,28,64,6,5,17,1,3,8,5,-3,-0.375,0,0,0,0,0,0,,,,,0,0,0,,,0,0,0,0,,8007.676589155983,18815.50911548956,3011.2801985731967,4996.396390582786,474841.5552390501,422800.737869164,low_value,0,2,5,0,digital_active,no_recent_complaints,digital_power_user
1058,M,South_KZ,medium_city,medium,employee,high,51,20,mass,1,237840.17711516708,2025-04-01,1980,21,2,3,2,1,0,0,1,1,1,565,805.0,6,13,20,35,36134.52987710392,120302.24340276969,131082.4387030889,282391.5297618298,6022.421646183986,6554.121935154445,22236.72402999586,0.9859587742815472,0,6,20,68,2,9,3,2,0.6078902642760781,0.3824652663453133,0.0096444693786085,8,6,-2,-0.25,68174.87551699142,36134.52987710392,-32040.345639887502,-0.4699729247309296,5,10,16,21,50,1,35,38,12,4,8,9,1,1,5,5,0,0.0,0,0,0,0,0,0,,,,,0,0,0,,,0,0,0,0,,5003.493906830578,9037.461814432458,3249.9099828965327,1753.5839239340455,240370.5663738697,224592.5107550993,low_value,0,9,3,0,digital_active,no_recent_complaints,digital_power_user
839,M,Astana,medium_city,medium,employee,high,26,39,mass,1,379911.54762423504,2025-04-01,1230,40,4,0,2,1,1,0,0,1,1,626,,24,37,47,74,118035.92087857876,161041.26308915805,250193.32047718772,366861.0407903696,4918.163369940781,5323.262137812506,20852.77118895152,0.996294180068883,0,9,45,70,6,12,7,7,0.6993756205304709,0.2572601283033289,0.0433642511662002,26,24,-2,-0.0769230769230769,115204.01980231144,118035.92087857876,2831.901076267299,0.0245816168665538,8,11,15,20,41,2,41,36,75,5,2,7,0,2,11,8,-3,-0.2727272727272727,0,0,0,0,0,0,,,,,1,2,0,0.3092565485652903,0.1233003986836364,1,1,1,0,51.0,14112.42260675794,26476.63310039155,5266.316399697987,8846.106207059953,1107974.8587464169,944026.4396556844,medium_value,0,22,9,0,digital_active,no_recent_complaints,digital_power_user
1848,F,South_KZ,large_city,high,employee,high,58,46,affluent,1,693622.1015536094,2025-04-01,2190,47,3,1,3,0,0,0,0,1,1,647,545.0,12,18,21,57,784361.8294348444,1596636.4382118236,1546009.6741886116,4411925.030597772,65363.48578623703,73619.50829469578,282713.715015295,0.9773886693596688,1,12,21,32,2,4,4,2,0.8103624992906159,0.1449012382194855,0.0447362624898984,15,12,-3,-0.2,985101.4963173968,784361.8294348444,-200739.66688255232,-0.2037756186880002,3,5,10,11,37,6,37,9,75,3,5,7,1,2,4,3,-1,-0.25,0,0,0,0,0,0,,,,,0,0,0,,,0,0,0,0,,19047.389462359115,37157.02255055391,3979.842051834886,15067.547410524228,1451052.2808042606,1555777.206706207,high_value,0,14,3,0,transaction_active,no_recent_complaints,medium_digital_engagement
600,F,Almaty,medium_city,high,retired,medium,82,24,affluent,0,806475.9524271833,2025-04-01,2910,25,2,0,2,1,1,0,0,1,0,816,,5,8,13,27,219544.3425895053,266775.064632832,452833.2535987928,1195635.4310948772,43908.86851790106,34833.327199907144,92279.57431036523,0.9663504268453466,0,5,13,58,1,7,3,1,0.5340501381846222,0.3813686818325549,0.0845811799828229,7,5,-2,-0.2857142857142857,282778.50473713595,219544.3425895053,-63234.16214763062,-0.2236172873408874,3,8,16,8,25,6,25,54,57,1,1,3,1,1,6,3,-3,-0.5,0,1,0,0,0,0,4.0402034237869895,3.0,26.0,,0,0,0,,,0,0,0,0,,16711.079614704926,33629.64757784752,4031.897711730619,12679.181902974306,1239597.963291139,1405570.2240795966,medium_value,0,3,4,0,digital_active,no_recent_complaints,medium_digital_engagement
1921,F,Astana,small_city,low,entrepreneur,high,26,37,sme_owner,0,120351.47734187637,2025-04-01,1230,38,4,2,4,1,0,0,0,1,0,270,492.0,6,15,19,38,86291.05281099539,168384.33873768573,186059.2621818834,404770.386635333,14381.842135165898,9792.592746414915,15146.892673055943,0.993839237266002,0,6,19,34,3,5,5,2,0.8176313899021351,0.1234743322719381,0.0588942778259266,8,6,-2,-0.25,87783.65358266175,86291.05281099539,-1492.600771666359,-0.0170031744037726,2,10,14,12,31,3,31,56,13,1,2,6,1,2,3,2,-1,-0.3333333333333333,0,0,0,0,0,0,,,,,1,3,0,0.2294919836750103,0.0377874732091025,2,1,0,0,35.0,7637.535410027436,16282.856630444874,3776.604600745364,3860.930809282073,713652.2468715081,766226.3245272555,low_value,0,10,6,0,transaction_active,no_recent_complaints,medium_digital_engagement
1312,F,Almaty,small_city,premium,self_employed,high,58,27,premium,0,1653209.184610446,2025-04-01,2190,28,5,1,5,1,0,0,0,1,0,760,225.0,6,16,22,40,312303.3691199482,561922.1799904873,1039268.011661986,1622006.4305895108,52050.56151999137,47239.45507554482,93153.68545187502,0.9205783562351768,0,6,20,47,3,10,3,4,0.3720259114312715,0.5229445212682919,0.1050295673004366,16,6,-10,-0.625,703133.5476329819,312303.3691199482,-390830.1785130337,-0.5558406078457193,0,2,3,8,19,7,19,53,69,1,3,6,0,1,8,0,-8,-1.0,0,0,0,0,0,0,,,,,1,1,0,0.2427566188182577,0.0947794359192379,0,0,0,0,67.0,37735.95782451776,80980.89043332555,5017.618535932126,32718.33928858563,3029303.7074306333,3247707.265097038,high_value,0,8,0,1,activity_drop,no_recent_complaints,medium_digital_engagement
1337,M,Aktobe,medium_city,medium,employee,high,37,60,mass,0,291143.28505737154,2025-04-01,1560,61,1,0,1,1,0,0,0,1,0,483,,5,6,6,11,20426.59594932859,20882.47065343196,25983.406974043843,45871.64785782665,4085.3191898657183,4330.567829007307,14566.3663519825,0.9843717930281812,0,5,6,56,1,2,1,1,0.8167414491038435,0.1252149608953562,0.0580435900008001,14,5,-9,-0.6428571428571429,58022.44293809312,20426.59594932859,-37595.846988764526,-0.6479535346155161,0,1,8,1,24,6,19,72,4,4,2,8,1,0,6,0,-6,-1.0,0,0,0,0,0,0,,,,,0,0,0,,,0,0,0,0,,7331.686790563576,16939.397975797827,2727.905505914211,4603.781284649365,649344.7856267492,585936.2884976879,low_value,1,0,0,0,activity_drop,no_recent_complaints,medium_digital_engagement
1134,F,Astana,large_city,medium,unemployed,low,65,49,mass,0,299139.3144326869,2025-04-01,2400,50,2,0,2,1,0,0,0,0,0,790,,7,8,11,23,68046.55765605663,79855.40553300457,94622.99258059164,219664.7390042096,9720.93680800809,8602.090234599238,11653.998847751283,0.9310887676110836,0,7,11,26,1,4,2,2,0.6003984073938674,0.1782825312161408,0.2213190613899918,17,7,-10,-0.5882352941176471,176619.1111639952,68046.55765605663,-108572.55350793856,-0.6147270971549975,0,0,0,0,0,1,0,202,94,0,0,0,0,0,5,0,-5,-1.0,0,0,0,0,0,0,,,,,0,1,0,0.2410837298956698,0.0748476477109693,1,0,0,0,19.0,8696.811921989936,19108.48283440875,4507.927837809696,4188.88408418024,292703.01790938416,306863.141791172,low_value,1,0,0,0,activity_drop,no_recent_complaints,low_digital_engagement
820,M,Astana,large_city,medium,employee,low,27,59,mass,0,333390.6184288646,2025-04-01,1260,60,1,0,1,1,0,0,0,1,0,407,,6,9,14,29,59641.05678427797,100839.31439966476,120316.31515147188,364354.98386189074,9940.176130712996,8594.02251081942,34415.0173928669,0.9908048345648316,0,5,12,32,3,2,3,1,0.5567287766375939,0.2056232812191726,0.2376479421432333,11,6,-5,-0.4545454545454545,118508.40786248584,59641.05678427797,-58867.35107820789,-0.4967356505752408,2,5,6,7,12,2,12,6,18,2,1,4,0,1,9,2,-7,-0.7777777777777778,0,0,0,0,0,0,,,,,0,2,0,0.193849366841945,0.0790901798070747,1,2,0,1,85.0,8577.092031593751,18241.256229040173,3006.8238319554944,5570.268199638256,436735.8958940778,427999.8066196014,medium_value,0,8,1,0,activity_drop,no_recent_complaints,low_digital_engagement
2174,M,Astana,medium_city,medium,self_employed,medium,38,25,mass,0,381295.3295497526,2025-04-01,1590,26,1,1,1,1,0,0,1,1,0,794,475.0,5,9,12,28,78056.6347310431,185027.09700671383,214192.44683364528,471920.2167642728,15611.32694620862,17849.370569470437,32469.82980367974,0.94594232036311,0,5,12,40,1,3,1,2,0.8024402528695181,0.1355231703538224,0.0620365767766595,7,5,-2,-0.2857142857142857,100232.69212873146,78056.6347310431,-22176.05739768836,-0.2212457525256038,4,8,8,10,20,1,20,22,24,1,1,3,0,1,6,4,-2,-0.3333333333333333,0,0,0,0,0,0,,,,,1,1,0,0.5474446615223191,0.0425417753414599,0,0,1,0,70.0,10194.996749913176,21854.289918514845,2351.151627393385,7843.845122519791,440145.7465782189,460705.64844367234,medium_value,0,6,9,0,moderate_activity,no_recent_complaints,medium_digital_engagement
528,F,South_KZ,large_city,medium,self_employed,medium,35,43,mass,0,345670.56704115454,2025-04-01,1500,44,2,0,1,0,0,0,0,1,1,653,,5,8,9,20,69992.17177630294,83550.6010710186,91281.68469805107,249271.46624291973,13998.43435526059,10142.409410894565,29708.12741984528,0.9512232506903956,0,5,9,31,1,5,2,1,0.3879582108213535,0.3394152205952427,0.2726265685834037,9,5,-4,-0.4444444444444444,128212.79922273025,69992.17177630294,-58220.62744642729,-0.4540937238667326,2,5,6,6,12,5,10,44,17,1,1,3,0,1,5,2,-3,-0.6,0,0,0,0,0,0,,,,,2,3,1,0.3778262784383147,0.0405262668242211,0,0,0,1,78.0,10904.035243397946,23767.905119674284,3625.291740768447,7278.743502629499,371273.7193397511,315804.7427632058,medium_value,0,4,2,0,activity_drop,no_recent_complaints,medium_digital_engagement
2055,M,Astana,large_city,low,retired,medium,34,35,pensioner,0,177097.85565578466,2025-04-01,1470,36,0,0,0,1,0,0,0,1,0,186,,1,5,8,14,17463.496164515927,79265.88881559396,104317.77638128202,217813.7088975305,17463.496164515927,13039.722047660252,30317.075753124034,0.9863233928368592,0,1,8,43,1,4,1,1,0.4988580828762283,0.3474186763977905,0.153723240725981,2,1,-1,-0.5,27899.084517469168,17463.496164515927,-10435.58835295324,-0.3740476984618953,5,7,10,12,25,1,25,53,63,2,1,6,1,1,9,5,-4,-0.4444444444444444,0,0,0,0,0,0,,,,,0,2,0,0.32506751242575,0.0736738630088025,0,0,0,0,17.0,4642.893132469419,10206.029528648442,2095.356359549219,2547.5367729201994,356946.4439348686,327916.3667844036,low_value,0,5,6,1,moderate_activity,no_recent_complaints,medium_digital_engagement
1367,M,Karaganda,medium_city,low,employee,medium,18,35,mass,0,141715.4644743408,2025-04-01,990,36,0,0,0,1,0,0,1,1,0,459,,3,8,11,23,20395.49311373525,60781.15072260224,83217.33390601508,164644.84940674642,6798.497704578418,7565.212173274098,11809.159267277704,0.9397340632657064,0,3,11,40,1,3,2,1,0.7875576337440802,0.1497127105943754,0.0627296556615444,5,3,-2,-0.4,38011.35649996719,20395.49311373525,-17615.863386231933,-0.4634368517273815,3,8,10,7,18,6,18,33,54,3,2,7,1,1,8,3,-5,-0.625,0,0,0,0,0,0,,,,,0,1,1,0.4922130754448188,0.1696385088386413,1,0,0,0,85.0,1038.9533495117946,1884.7204868904528,3265.752677442526,-2226.799327930731,382760.6233865096,389907.7280571793,low_value,0,3,6,0,activity_drop,no_recent_complaints,medium_digital_engagement
618,M,Aktobe,small_city,medium,self_employed,high,60,51,mass,0,363639.5312133668,2025-04-01,2250,52,0,0,0,1,0,0,0,1,0,609,,2,4,8,22,33249.92777595594,61126.33452737374,126451.4282140016,405916.3323236096,16624.96388797797,15806.4285267502,28381.732381391925,0.9192906642054176,2,2,8,49,1,3,2,1,0.8603551904556509,0.1269407455124178,0.0127040640319313,6,2,-4,-0.6666666666666666,102502.42618241587,33249.92777595594,-69252.49840645996,-0.6756181388645033,4,9,13,14,36,1,36,15,4,5,2,10,0,1,6,4,-2,-0.3333333333333333,1,1,0,0,0,0,2.9089942032280662,2.0,19.0,,0,2,0,0.3248453991436134,0.120388413349646,0,1,0,0,46.0,7434.976197628992,14694.459973620416,2339.0852869021764,5095.890910726816,515429.3394386786,566238.6081745949,medium_value,0,3,9,0,activity_drop,no_recent_complaints,medium_digital_engagement
439,F,Almaty,rural,low,retired,high,59,27,pensioner,0,160295.52080671184,2025-04-01,2220,28,0,0,0,1,0,0,0,1,1,691,,4,5,9,33,21286.216669584992,24414.54913793881,36092.52860547519,182775.8835743518,5321.554167396248,4010.28095616391,17823.961469863163,0.9250439585166286,1,4,9,57,1,3,1,1,0.7931253106356163,0.0898133492490325,0.1170613401153512,7,4,-3,-0.4285714285714285,39102.98396319668,21286.216669584992,-17816.767293611683,-0.4556370253068318,3,11,16,11,42,7,42,16,42,4,7,4,1,3,5,3,-2,-0.4,0,0,0,0,0,0,,,,,0,1,1,0.2609359631170765,0.0916695693131545,0,1,0,0,11.0,3197.523522629351,5613.68019835397,1901.721154086265,1295.8023685430862,322414.273477502,370018.9529283878,low_value,0,5,10,1,digital_active,no_recent_complaints,digital_power_user
1969,M,North_KZ,medium_city,medium,employee,medium,63,34,mass,1,210148.38482907845,2025-04-01,2340,35,0,0,0,1,1,0,0,1,1,105,,3,9,15,28,18061.00096506954,53730.969934359215,80170.46254046347,224938.8910388912,6020.33365502318,5344.697502697565,7266.480472590457,0.9679182011588338,1,3,10,52,2,3,1,2,0.8995388085408524,0.0950415139706844,0.0054196774884631,3,3,0,0.0,18731.548810649645,18061.00096506954,-670.5478455801058,-0.0357977790495825,1,4,7,5,22,7,22,2,39,2,3,2,1,1,3,1,-2,-0.6666666666666666,0,0,0,0,0,0,,,,,1,2,0,0.4118399569012001,0.1986130809019743,1,1,0,1,16.0,4137.136176000345,8522.933015020679,2905.243244681733,1231.8929313186118,366149.9462827344,336151.85959837807,low_value,0,6,4,0,activity_drop,no_recent_complaints,medium_digital_engagement
441,F,North_KZ,large_city,low,employee,medium,55,48,mass,1,187453.64344113803,2025-04-01,2100,49,1,3,1,1,0,0,0,1,1,203,447.0,5,9,14,30,35994.68306721489,42143.95497934558,71456.33901798219,160292.52746037112,7198.936613442978,5104.024215570156,10016.36094306937,0.9534189122825116,2,3,14,44,2,3,3,2,0.6383539012065358,0.1282345612460936,0.2334115375473705,5,5,0,0.0,30870.6371347298,35994.68306721489,5124.045932485096,0.1659844566900917,5,6,11,11,34,7,34,34,75,5,2,6,1,1,7,5,-2,-0.2857142857142857,0,0,0,0,0,0,,,,,1,2,0,0.4849469169965127,0.0270425790105635,1,2,1,0,43.0,6332.831672462684,11741.118737758032,3063.7579623836746,3269.0737100790093,742292.5749116532,704965.7880350876,low_value,0,4,3,0,moderate_activity,no_recent_complaints,medium_digital_engagement
1037,M,Almaty,rural,low,employee,high,44,50,mass,1,157778.57155929276,2025-04-01,1770,51,1,0,1,1,0,0,1,1,1,462,,4,10,13,27,40258.295829757335,85526.98727168937,109914.6670929194,199351.1214165708,10064.573957439334,8454.974391763031,15605.527133691472,0.9662224104034796,0,4,13,46,2,6,1,2,0.7712365937318979,0.1972351074387602,0.0315282988293417,15,4,-11,-0.7333333333333333,115238.68167603298,40258.295829757335,-74980.38584627565,-0.6506529296913144,4,10,12,10,31,5,31,31,47,5,2,3,1,1,13,4,-9,-0.6923076923076923,0,0,0,0,0,0,,,,,1,5,1,0.1974800525045245,0.0768530650138795,3,1,2,1,39.0,4788.6257778631125,9990.476771124368,2826.363678742216,1962.2620991208964,271767.39566592104,257162.5586155204,low_value,0,6,5,0,activity_drop,no_recent_complaints,medium_digital_engagement
842,F,East_KZ,large_city,medium,self_employed,low,61,33,mass,0,277719.2684879161,2025-04-01,2280,34,3,0,3,1,0,0,0,0,0,525,,11,16,20,47,117927.11220176196,169903.11643325456,158958.84794532452,422877.9046866554,10720.64656379654,7947.942397266226,25205.60594882888,1.0,0,11,20,6,2,3,3,3,0.8271752950658875,0.1499964095962197,0.0228282953378928,12,11,-1,-0.0833333333333333,113328.22469144165,117927.11220176196,4598.887510320317,0.0405802484142118,2,2,2,4,5,4,5,6,3,1,1,1,0,0,6,2,-4,-0.6666666666666666,0,0,0,0,0,0,,,,,0,2,0,0.4401465419970993,0.1375096684299287,1,0,0,0,66.0,8763.92785931301,20623.51237786182,4986.09683088896,3777.8310284240497,565230.3963648275,613400.5623017333,low_value,0,3,1,0,activity_drop,no_recent_complaints,low_digital_engagement
1104,F,Almaty,small_city,premium,self_employed,low,42,53,premium,0,1237296.9084998162,2025-04-01,1710,54,3,0,2,0,0,0,0,1,0,699,,8,14,17,29,459083.7056057655,884530.2613939876,943433.4606112948,1440519.0820356573,57385.46320072068,55496.08591831145,116197.1752795043,0.975507040099113,0,8,17,49,2,6,3,1,0.4595868015267434,0.5384943770982773,0.001918821374979,9,8,-1,-0.1111111111111111,604790.4428508627,459083.7056057655,-145706.7372450973,-0.2409210313547028,1,2,3,6,14,8,14,38,72,2,2,4,0,0,4,1,-3,-0.75,0,0,0,0,0,0,,,,,0,1,1,0.1620621626611917,0.0745754241394774,0,0,0,1,65.0,28656.25654942314,51660.691265223366,2915.501887349877,25740.75466207326,1761217.7228339836,1538321.4407469246,high_value,0,9,2,0,activity_drop,no_recent_complaints,low_digital_engagement
621,F,Almaty,medium_city,medium,employee,low,38,39,mass,0,269628.13303642254,2025-04-01,1590,40,1,1,1,1,0,0,0,0,0,228,432.0,5,8,12,23,123487.92111415374,172352.2915829111,242139.2480232964,596488.7294634017,24697.58422283075,20178.270668608035,43279.14074770356,0.9348221731055986,2,5,12,52,2,3,1,1,0.7105846143453466,0.066336022369118,0.2230793632855354,6,5,-1,-0.1666666666666666,105150.04654460534,123487.92111415374,18337.8745695484,0.17439720829576,2,3,5,3,8,5,8,31,50,0,1,3,0,0,3,2,-1,-0.3333333333333333,0,0,0,0,0,0,,,,,1,3,0,0.2682498497390045,0.0258723354317543,1,1,0,1,26.0,5450.152429315775,10898.820071376442,3061.6357783615867,2388.516650954188,296018.67204280593,313223.88992371195,low_value,0,8,0,1,moderate_activity,no_recent_complaints,low_digital_engagement
1431,F,Shymkent,large_city,medium,employee,high,64,22,mass,1,520617.3728402275,2025-04-01,2370,23,1,3,1,1,0,0,0,1,1,821,175.0,8,14,17,29,189848.08643341772,256792.0429382137,296632.81444630894,717650.7969617256,23731.010804177226,17448.989085076995,27924.806013243204,0.9397985909311106,0,8,17,25,3,7,3,3,0.4069559662179502,0.3710276650767429,0.2220163687053068,13,8,-5,-0.3846153846153846,334555.8746350573,189848.08643341772,-144707.78820163952,-0.432536981631217,3,4,6,8,26,4,19,72,51,2,2,11,1,0,9,3,-6,-0.6666666666666666,0,0,0,0,0,0,,,,,1,2,0,0.3828536346538127,0.0660490502185819,1,1,0,0,80.0,7370.021978917161,16236.709651995796,2412.4636777978662,4957.558301119294,1023046.142533101,972074.1379705216,low_value,1,0,0,0,activity_drop,no_recent_complaints,medium_digital_engagement
2145,M,Astana,small_city,high,employee,low,32,31,affluent,1,736415.8555020891,2025-05-01,1440,32,2,1,2,1,1,0,1,1,1,791,204.0,11,21,31,45,210258.2460380617,500246.81305473374,699978.4767859655,987671.3221822014,19114.38600346016,22579.950864063405,100101.74303071406,0.9749221961378336,0,11,27,9,5,8,6,3,0.4647734041040519,0.4637487229614034,0.0714778729345446,12,11,-1,-0.0833333333333333,323655.0174224151,210258.2460380617,-113396.77138435334,-0.3503630881036356,0,2,4,1,11,4,11,43,22,1,1,2,0,1,2,0,-2,-1.0,0,0,0,0,0,0,,,,,0,1,1,0.3691111181220773,0.1509740131310041,0,0,0,1,45.0,16133.810300481426,37764.781227552645,2616.051505723551,13517.758794757874,1725819.4419571888,1826411.9244663727,medium_value,0,14,1,0,activity_drop,no_recent_complaints,low_digital_engagement
2296,M,Almaty,rural,medium,entrepreneur,medium,31,19,sme_owner,0,197384.01694432303,2025-05-01,1410,20,1,2,1,0,0,0,1,1,0,452,123.0,1,4,6,13,15767.197000742752,61449.89218573915,113430.519695081,287894.5445787616,15767.197000742752,18905.08661584683,46678.758467485175,0.9376400148077514,1,1,6,31,1,3,1,0,0.78963161229901,0.1862621236007227,0.0241062641002671,3,1,-2,-0.6666666666666666,43826.74488991864,15767.197000742752,-28059.547889175883,-0.640238008997797,6,10,16,13,36,1,33,65,38,2,6,3,1,0,8,6,-2,-0.25,0,1,0,0,0,0,3.866746089981076,2.0,15.0,,3,5,0,0.1830181674114525,0.0380488847683388,2,1,0,1,28.0,1948.8727872274155,3944.219259362213,3232.5567026637004,-1283.6839154362851,992432.3876766308,1006162.686478511,low_value,0,2,8,0,activity_drop,no_recent_complaints,medium_digital_engagement
1834,M,Shymkent,rural,medium,employee,low,71,30,mass,1,331803.07617840124,2025-05-01,2610,31,1,2,1,1,0,0,0,1,1,856,314.0,5,10,19,35,143668.34342559773,229385.34210829463,298773.1790709793,766382.6578214342,28733.668685119548,15724.90416163049,60375.42918566362,0.9437476265462036,1,5,19,24,3,8,5,2,0.9028341978005396,0.0739515026019129,0.0232142995975474,7,5,-2,-0.2857142857142857,141752.21886861426,143668.34342559773,1916.124556983472,0.0135174219654329,2,4,5,7,10,5,10,27,34,1,1,2,0,0,3,2,-1,-0.3333333333333333,0,0,0,0,0,0,,,,,0,0,0,,,0,0,0,0,,7558.468829609548,17400.348319948767,3770.274314109086,3788.1945155004623,680083.5614684997,745287.3520894676,low_value,0,6,4,0,transaction_active,no_recent_complaints,low_digital_engagement
1356,M,Almaty,medium_city,low,employee,medium,19,40,mass,0,75610.2975314457,2025-05-01,1050,41,0,1,0,0,0,0,0,1,0,767,274.0,3,7,10,22,7736.817823363021,24587.83206278753,25455.66788953235,54763.33395567512,2578.9392744543406,2545.566788953235,10412.887475552954,1.0,0,3,10,13,2,2,2,1,0.7059730619557788,0.1181402705001171,0.1758866675441039,8,3,-5,-0.625,21180.639418896848,7736.817823363021,-13443.821595533827,-0.6347221785731161,2,6,8,6,25,3,5,52,24,1,3,7,1,1,5,2,-3,-0.6,0,0,0,0,0,0,,,,,2,3,0,0.3529218338957031,0.0598040984469409,2,2,0,0,69.0,3140.2398430759395,5495.087995663797,1630.2340027695504,1510.005840306389,143568.68980853586,153901.66195922348,low_value,0,5,6,0,activity_drop,no_recent_complaints,medium_digital_engagement
811,M,South_KZ,medium_city,high,employee,medium,68,43,affluent,0,473528.60727199423,2025-05-01,2520,44,3,0,3,1,0,1,0,1,0,276,,7,12,16,35,226811.83871570555,232579.9421355508,374496.1122635472,953647.4905256968,32401.691245100792,23406.007016471696,94594.2778471509,0.987242167719288,1,7,16,67,2,6,4,2,0.4632211132481222,0.1861426225851667,0.350636264166711,9,7,-2,-0.2222222222222222,227295.6591114067,226811.83871570555,-483.8203957011574,-0.002128594965661,3,11,16,11,31,1,31,62,46,3,2,8,1,1,7,3,-4,-0.5714285714285714,0,0,0,0,0,0,,,,,1,3,2,0.1172418737563159,0.0353981300462589,1,1,1,0,47.0,13305.604271905777,26822.32256547955,3513.6273750095243,9791.976896896253,233150.7178517564,216089.3489864377,medium_value,0,5,8,0,activity_drop,no_recent_complaints,medium_digital_engagement
2248,F,Karaganda,large_city,high,entrepreneur,medium,30,55,affluent,0,574188.047502215,2025-05-01,1380,56,1,0,1,1,0,1,0,1,0,601,,3,4,8,15,54511.43970490835,87097.5055054864,200589.51281366867,270227.57570154004,18170.47990163612,25073.689101708584,89835.14402507056,0.8882371779986284,1,3,8,12,1,3,1,1,0.8313873009763767,0.1002441660769436,0.0683685329466796,3,3,0,0.0,76264.59202671147,54511.43970490835,-21753.15232180312,-0.2852326583506031,2,3,5,8,16,7,16,32,75,1,2,1,0,1,4,2,-2,-0.5,0,0,0,0,0,0,,,,,1,1,1,0.0,0.0,0,1,0,0,14.0,12088.7425886095,21459.61306309944,2423.017239920129,9665.725348689371,1689251.1262407668,1918580.068162308,medium_value,0,1,1,1,moderate_activity,no_recent_complaints,medium_digital_engagement
1289,M,Astana,large_city,medium,employee,low,49,49,mass,0,537154.2616269069,2025-05-01,1950,50,0,1,0,1,0,0,0,0,0,739,829.0,5,6,10,19,123533.81793974886,152842.92622371577,261571.7488155815,601817.9817681145,24706.76358794977,26157.17488155815,43500.27084696879,1.0,0,5,10,30,1,3,2,1,0.8195329296045437,0.1247284480312083,0.0557386223642479,7,5,-2,-0.2857142857142857,218023.29242417743,123533.81793974886,-94489.47448442856,-0.4333916501939325,2,3,3,6,9,3,9,74,76,1,1,2,0,0,5,2,-3,-0.6,0,0,0,0,0,0,,,,,0,0,0,,,0,0,0,0,,11724.8865780337,27159.05362152756,2288.443200450204,9436.443377583497,521672.0607687156,463215.8637191686,medium_value,0,0,5,1,activity_drop,no_recent_complaints,low_digital_engagement
663,M,Almaty,medium_city,low,unemployed,high,49,61,mass,0,156772.7464252187,2025-05-01,1950,62,0,2,0,1,0,0,0,1,1,587,765.0,6,10,12,22,45501.54759047416,70761.00661800083,65216.68589594008,180848.6824062788,7583.591265079027,5434.7238246616735,8620.984547656573,0.9073631408184148,0,6,12,26,1,3,3,2,0.934537737674361,0.0398955885505939,0.0255666737750449,9,6,-3,-0.3333333333333333,59147.20018037485,45501.54759047416,-13645.652589900688,-0.2307066530332291,2,7,10,12,33,7,16,69,69,5,3,14,2,1,3,2,-1,-0.3333333333333333,0,0,0,0,0,0,,,,,2,4,1,0.2548459694434272,0.1116226117167989,0,1,2,0,39.0,1256.6400423302048,2929.0392367274385,3237.270880234372,-1980.6308379041664,353511.3444557012,357223.8397395025,low_value,0,3,4,1,moderate_activity,no_recent_complaints,medium_digital_engagement
508,F,Almaty,large_city,high,employee,medium,33,41,affluent,1,648914.0656545828,2025-05-01,1470,42,4,0,1,1,0,0,0,1,1,495,,14,26,35,65,567707.4062150157,1067339.0164084297,1541769.8954044709,2700516.821295477,40550.52901535826,44050.56844012774,100878.3237827692,0.8776686262298656,4,3,35,36,3,6,8,3,0.7769168202804146,0.180957792523321,0.0421253871962642,15,14,-1,-0.0666666666666666,622698.8496120722,567707.4062150157,-54991.443397056544,-0.0883114581491759,3,8,9,13,26,2,15,70,4,4,3,5,1,2,5,3,-2,-0.4,0,0,0,0,0,0,,,,,0,2,0,0.3997196423332902,0.0313521360305624,1,0,1,0,56.0,18101.528910309145,37997.6345294956,4480.68838965886,13620.840520650288,1546212.7540833694,1627657.714025247,medium_value,0,14,6,0,transaction_active,no_recent_complaints,medium_digital_engagement
319,M,Shymkent,large_city,premium,unemployed,medium,30,50,premium,0,1352087.7038520952,2025-05-01,1380,51,2,1,2,1,1,0,0,1,0,580,96.0,6,12,15,30,276266.6290744393,595578.0849969563,719851.2329328198,1557154.9095336343,46044.438179073215,47990.08219552132,213274.66204784304,0.9845809382433036,0,6,15,63,3,3,2,1,0.3680537836578918,0.3887295363062977,0.2432166800358106,7,6,-1,-0.1428571428571428,352106.55964875745,276266.6290744393,-75839.93057431816,-0.2153891442692007,6,8,10,10,22,6,4,76,11,3,1,7,0,0,6,6,0,0.0,0,0,0,0,0,0,,,,,2,4,0,0.1560571580199202,0.0326526487941709,1,0,2,0,58.0,27240.55982408973,49535.30003133902,3940.950942532247,23299.608881557484,2284360.4587761303,2295569.141736621,high_value,0,8,2,1,transaction_active,no_recent_complaints,medium_digital_engagement
2019,F,Atyrau,large_city,medium,self_employed,low,71,44,mass,0,412920.7074952388,2025-05-01,2610,45,3,1,3,1,0,0,0,1,0,380,610.0,10,14,21,40,191079.84472872727,233832.7161200063,328534.0807938808,529539.9405514331,19107.98447287273,15644.480037803847,26197.28373753668,1.0,0,10,15,72,4,6,4,4,0.8268648268349619,0.1308740242180177,0.0422611489470206,13,10,-3,-0.2307692307692307,225787.8500762717,191079.84472872727,-34708.005347544415,-0.1537195439693498,2,4,6,4,11,5,11,62,31,1,1,4,0,0,5,2,-3,-0.6,0,0,0,0,0,0,,,,,2,3,0,0.4243540930640619,0.0766547610771607,1,3,1,0,17.0,13472.006952927892,29087.861615985275,3882.178575906717,9589.828377021176,1126879.873777315,1035702.9810747094,medium_value,0,9,7,0,activity_drop,no_recent_complaints,low_digital_engagement
219,F,Almaty,large_city,high,employee,medium,79,19,affluent,0,1050920.147270744,2025-05-01,2850,20,3,0,3,1,0,0,0,1,0,245,,7,14,22,40,206684.3975782592,221738.6741690056,570821.120037408,952766.1499539766,29526.34251117989,25946.41454715491,52143.40892378336,0.952937750262054,0,7,22,21,3,10,3,2,0.8942345059241876,0.0206637749568259,0.0851017191189864,10,7,-3,-0.3,232198.98088216275,206684.3975782592,-25514.58330390355,-0.1098824086435236,3,6,10,9,31,6,31,56,22,5,4,8,1,1,7,3,-4,-0.5714285714285714,1,1,0,0,0,0,2.97088137642575,2.0,22.0,,0,0,0,,,0,0,0,0,,23993.24676864766,43242.32385023789,3772.708204445713,20220.538564201943,1450884.044459116,1355045.5351966445,high_value,0,10,2,0,activity_drop,no_recent_complaints,medium_digital_engagement
2096,M,North_KZ,large_city,medium,employee,medium,39,74,mass,0,298338.14520662744,2025-05-01,1650,75,0,0,0,1,0,0,1,1,0,391,,6,8,15,23,85017.4740872834,85547.15115751755,202791.4237495009,314345.4461431343,14169.579014547233,13519.428249966724,50013.89512646373,0.9364769172840204,0,3,2,55,3,7,2,2,0.794541706035407,0.1643397393309379,0.0411185546336552,8,6,-2,-0.25,127556.11435933312,85017.4740872834,-42538.64027204973,-0.3334896212988729,1,5,5,7,15,7,15,58,31,1,3,2,1,1,3,1,-2,-0.6666666666666666,0,0,0,0,0,0,,,,,1,1,0,0.0765497238941013,0.0363755481225047,1,0,0,0,2.0,7159.133579205063,12957.02866974655,2441.86420023194,4717.269378973124,599200.7082963234,649047.2998879141,low_value,0,7,1,0,activity_drop,no_recent_complaints,medium_digital_engagement
49,F,Astana,large_city,low,unemployed,low,75,37,mass,0,120524.18382246804,2025-05-01,2730,38,2,0,2,1,0,0,0,1,0,270,,8,15,19,37,29381.55511872165,107733.13464860726,106792.11330131648,162126.92866744727,3672.694389840207,5620.637542174551,8522.716489734636,0.9722795012475092,1,8,8,45,1,4,4,2,0.6259212023644251,0.3664998762190873,0.0075789214164875,11,8,-3,-0.2727272727272727,42693.47857663684,29381.55511872165,-13311.923457915182,-0.3118022682087064,2,4,7,8,15,1,15,16,79,2,1,3,0,1,3,2,-1,-0.3333333333333333,0,0,0,0,0,0,,,,,1,1,0,0.5254596085366923,0.2613000958958442,1,0,0,0,89.0,6469.953316949092,12631.549740966657,4009.775191357102,2460.1781255919905,239652.9322255524,233125.71523132,low_value,1,0,0,0,transaction_active,no_recent_complaints,low_digital_engagement
669,M,Almaty,medium_city,low,employee,medium,19,54,mass,1,168830.48312857313,2025-05-01,1050,55,1,1,1,1,0,0,0,1,1,493,616.0,7,11,17,31,43329.07086150257,80570.72343343041,101224.9711515742,226685.5868137465,6189.867265928939,5954.410067739659,14468.167873306673,1.0,0,2,17,2,2,7,1,3,0.455152594012338,0.5364897835970471,0.0083576223906148,8,7,-1,-0.125,49140.01220320074,43329.07086150257,-5810.94134169817,-0.1182527451899914,4,6,10,6,30,1,30,39,27,4,5,9,1,1,7,4,-3,-0.4285714285714285,0,0,0,0,0,0,,,,,0,0,0,,,0,0,0,0,,5506.410668124983,12090.511194169823,3983.229606939847,1523.181061185136,127636.55381008593,132520.25784141815,low_value,0,10,2,0,transaction_active,no_recent_complaints,medium_digital_engagement
2138,F,Aktobe,large_city,high,entrepreneur,medium,36,42,affluent,0,780263.1747363383,2025-05-01,1560,43,4,0,4,1,1,1,0,1,0,525,,7,18,28,59,261756.23584355472,749220.7628334608,1165823.3692722905,2595298.289329156,37393.74797765067,41636.5489025818,183205.6736942866,0.9745913736667192,2,7,9,10,4,7,6,3,0.5050001420700377,0.3129366043119451,0.182063253618017,10,7,-3,-0.3,368643.2937896776,261756.23584355472,-106887.05794612283,-0.2899471107891772,3,4,7,6,27,8,7,27,72,3,2,5,0,1,5,3,-2,-0.4,0,0,0,0,0,0,,,,,0,0,0,,,0,0,0,0,,17942.8358650853,33393.851326891694,4597.250230396718,13345.585634688585,1236564.826451863,1285713.5598298756,medium_value,0,13,1,0,transaction_active,no_recent_complaints,medium_digital_engagement
2311,F,Shymkent,large_city,medium,retired,high,22,35,pensioner,0,389420.298814792,2025-05-01,1140,36,2,1,2,1,0,0,1,1,1,299,346.0,4,6,11,30,134851.99704293365,181510.76338179893,228958.8281051601,635071.1727851937,33712.99926073341,20814.43891865092,80673.21863288549,0.9725865388108756,0,4,11,18,1,5,3,2,0.304047242424386,0.4608888441742711,0.2350639134013429,4,4,0,0.0,119516.68200398058,134851.99704293365,15335.315038953078,0.1283110841249954,3,7,15,17,36,1,36,30,52,6,4,15,2,2,8,3,-5,-0.625,0,0,0,0,0,0,,,,,0,2,2,0.1758143272847171,0.065572581704496,0,0,0,0,55.0,12934.864605727736,24471.481598673065,2979.968498999292,9954.896106728444,1797746.3956242816,1757149.4911230258,medium_value,0,4,10,0,activity_drop,no_recent_complaints,digital_power_user
1937,M,East_KZ,rural,low,retired,low,32,30,pensioner,0,138142.87299492772,2025-05-01,1440,31,1,0,1,0,0,0,0,0,0,566,,8,10,14,22,42335.945329095695,52708.32920368703,81524.95295828623,176648.994126923,5291.993166136962,5823.210925591874,23506.533948986347,0.9570430480039462,0,2,14,12,1,5,2,2,0.8814096419244616,0.1032366949954148,0.0153536630801235,9,8,-1,-0.1111111111111111,61719.42923321796,42335.945329095695,-19383.483904122266,-0.3140580550555367,1,4,4,6,8,8,8,64,55,1,1,3,0,0,2,1,-1,-0.5,0,0,0,0,0,0,,,,,0,1,0,0.3862344703645335,0.0441956646554329,1,0,0,0,24.0,5276.845784080995,9906.611136491714,3837.1268777438986,1439.7189063370963,492604.6375227557,446774.7298879398,low_value,0,5,4,0,moderate_activity,no_recent_complaints,low_digital_engagement
867,F,Aktobe,small_city,low,employee,medium,65,56,mass,1,166994.81124456407,2025-05-01,2430,57,2,0,2,1,0,0,0,1,1,394,,8,10,21,39,28948.68643428195,46435.07664641234,109250.90346286516,194221.4724284724,3618.585804285244,5202.423974422151,15895.165872542211,0.9432887102458192,0,4,21,51,4,5,3,3,0.4552692537781067,0.5413404221367025,0.0033903240851907,8,8,0,0.0,33829.51499420218,28948.68643428195,-4880.828559920232,-0.1442772253979025,1,5,7,10,23,4,23,32,77,2,2,2,1,1,3,1,-2,-0.6666666666666666,0,0,0,0,0,0,,,,,2,3,1,0.1886886670925393,0.0235954269281336,2,1,1,0,16.0,5400.201102216134,12269.00428615932,3521.066123373644,1879.1349788424905,395453.3838796054,454617.7983604728,low_value,0,7,2,0,activity_drop,no_recent_complaints,medium_digital_engagement
2257,F,Astana,medium_city,medium,entrepreneur,medium,65,39,sme_owner,0,353691.0152182327,2025-05-01,2430,40,1,0,1,1,0,0,0,1,0,459,,2,4,7,17,18282.225247230625,34523.48029141607,48772.73014497604,124489.44963606648,9141.112623615312,6967.5328778537205,10682.785394816456,0.9981241180121426,0,2,7,73,1,2,1,0,0.7936507818002863,0.1579245354087647,0.0484246827909489,7,2,-5,-0.7142857142857143,46227.03256943924,18282.225247230625,-27944.807322208613,-0.6045122468164432,2,5,8,8,26,8,26,64,63,4,2,5,1,1,2,2,0,0.0,0,0,0,0,0,0,,,,,0,1,0,0.2952720761886394,0.0272234343965559,0,1,0,0,74.0,7903.657925252192,15487.670706250785,2663.0654431166768,5240.592482135516,870902.4423161766,923407.5854538316,medium_value,0,2,7,0,activity_drop,no_recent_complaints,medium_digital_engagement
169,M,Karaganda,large_city,medium,retired,medium,59,48,pensioner,0,411783.1472947229,2025-05-01,2250,49,1,0,1,1,1,0,0,1,0,677,,3,8,10,22,36599.391133033845,123535.81136676416,119436.88010822223,309470.0193660486,12199.797044344616,11943.688010822225,25423.295216547023,0.939827951643826,2,3,10,9,2,2,1,1,0.5682520373177938,0.2607673162682647,0.1709806464139414,8,3,-5,-0.625,103540.29338339769,36599.391133033845,-66940.90225036383,-0.6465203068576351,1,5,10,2,23,1,3,3,19,2,4,5,1,1,4,1,-3,-0.75,0,0,0,0,0,0,,,,,1,2,0,0.2798556813016537,0.1095538245960955,2,0,0,0,66.0,8404.454430407424,18200.94415381829,3724.184639371696,4680.269791035729,805838.2925689624,740266.0827555546,low_value,0,8,3,0,activity_drop,no_recent_complaints,medium_digital_engagement
1259,F,South_KZ,medium_city,medium,employee,low,50,29,mass,1,268011.4894821782,2025-05-01,1980,30,1,1,1,1,1,0,0,0,1,834,91.0,13,19,26,38,162270.07052829736,241776.2261964616,338579.0653800217,286659.866032104,12482.313117561336,13022.27174538545,35336.74964911483,0.9308814052350558,5,13,26,18,4,5,3,3,0.7742161036114064,0.1824376181623665,0.0433462782262271,15,13,-2,-0.1333333333333333,207684.78148604903,162270.07052829736,-45414.71095775167,-0.2186713471868055,1,2,4,2,7,2,7,67,75,0,1,3,0,0,2,1,-1,-0.5,0,0,0,0,0,0,,,,,2,3,0,0.0,0.0,3,1,1,0,51.0,7473.918213935031,14317.57514476923,2467.185468558191,5006.73274537684,391261.4237122975,391995.8769232612,medium_value,0,14,2,0,transaction_active,no_recent_complaints,low_digital_engagement
510,M,Atyrau,medium_city,medium,entrepreneur,medium,28,42,sme_owner,0,349285.4338628823,2025-05-01,1320,43,4,3,3,1,0,0,0,1,0,766,177.0,7,9,15,32,109502.71911695054,123950.63217508172,261733.7419551176,443276.4802521054,15643.245588135793,17448.91613034117,47291.51827344244,0.9427103719385403,1,7,15,23,2,7,2,2,0.7600818012899924,0.2381940225928707,0.0017241761171369,9,7,-2,-0.2222222222222222,131926.08809013155,109502.71911695054,-22423.36897318101,-0.1699691796959933,4,7,8,11,21,4,11,58,29,3,3,5,1,1,6,4,-2,-0.3333333333333333,1,1,0,0,0,0,4.23169781313038,3.0,24.0,,0,3,1,0.29104733495068,0.0899150866879354,2,1,0,0,5.0,13814.816462880808,30945.820405578022,5305.419302591138,8509.39716028967,684644.9483222375,709714.5917285872,medium_value,0,4,4,0,transaction_active,no_recent_complaints,medium_digital_engagement
368,F,Karaganda,small_city,low,employee,medium,57,39,mass,1,119100.44738999072,2025-05-01,2190,40,3,2,3,1,0,0,0,1,1,760,180.0,12,18,29,58,21767.42646355996,48123.83761255269,65514.22560129765,112360.66992563588,1813.952205296663,2259.1112276309536,5749.866924828225,1.0,0,7,29,23,2,7,5,2,0.6437389842238509,0.2888634238352319,0.0673975919409174,12,12,0,0.0,25110.389165722536,21767.42646355996,-3342.962702162582,-0.1331306607834642,1,5,8,3,21,5,9,4,25,3,2,3,0,0,4,1,-3,-0.75,0,0,0,0,0,0,,,,,2,3,0,0.5341315719195641,0.1426463134805969,0,0,1,0,79.0,8309.449896577089,15269.456500048836,5195.2959430691,3114.153953507989,331308.26196003583,308953.1647398517,low_value,0,7,1,1,activity_drop,no_recent_complaints,medium_digital_engagement
1628,M,Shymkent,medium_city,medium,unemployed,medium,82,36,mass,0,330273.15195860475,2025-05-01,2940,37,2,2,2,1,0,0,0,1,0,571,752.0,2,7,11,19,22798.940063548474,79496.7180245057,161174.85577594902,221342.74510117155,11399.470031774235,14652.259615995366,27924.713647265376,0.9270161435313432,0,2,11,8,1,5,1,1,0.7918497221369097,0.0670027306501813,0.1411475472129087,3,2,-1,-0.3333333333333333,30085.85790983732,22798.940063548474,-7286.917846288841,-0.2422040903113553,5,7,9,12,16,2,16,19,51,2,2,4,1,1,8,5,-3,-0.375,0,0,0,0,0,0,,,,,0,0,0,,,0,0,0,0,,11103.271045442702,24616.14365671699,2717.239481157086,8386.031564285615,658792.4339467363,618566.4978476516,medium_value,0,8,1,0,moderate_activity,no_recent_complaints,medium_digital_engagement
1421,F,Almaty,large_city,medium,entrepreneur,high,57,26,sme_owner,0,360592.068946488,2025-05-01,2190,27,2,1,2,1,0,0,0,1,0,52,75.0,3,9,21,43,73574.9122193832,202293.5864323252,500111.74415987753,1140020.0402276695,24524.9707397944,23814.844959994167,93650.28265139836,0.922445964600128,0,3,21,25,4,6,4,2,0.7219699667137849,0.2222388576509961,0.0557911756352191,7,3,-4,-0.5714285714285714,142832.41156556536,73574.9122193832,-69257.49934618216,-0.4848864384985225,6,8,17,14,43,6,43,19,2,1,6,9,2,2,9,6,-3,-0.3333333333333333,0,2,0,0,1,0,2.571108308745784,1.0,81.0,,0,1,1,0.3082078543763651,0.0259096371392773,0,0,0,1,89.0,8662.988559420579,17481.196447365484,3145.978814160238,5517.00974526034,1329910.3497821067,1281760.7027560729,medium_value,0,4,5,0,activity_drop,no_recent_complaints,digital_power_user
1881,F,Shymkent,large_city,medium,self_employed,medium,65,56,mass,0,301334.37401896063,2025-05-01,2430,57,1,0,1,1,0,0,0,1,0,586,,3,3,3,12,66873.62516100981,78948.2071250131,78736.48204164764,367263.3703913905,22291.20838700327,26245.494013882548,55706.43480095508,0.9442990794158144,0,3,3,11,0,1,1,0,0.5260710699224276,0.0764887066719461,0.3974402234056263,14,3,-11,-0.7857142857142857,401091.62253459846,66873.62516100981,-334217.9973735886,-0.8332709500676712,0,3,5,7,21,8,21,17,16,3,2,7,1,1,5,0,-5,-1.0,0,0,0,0,0,0,,,,,0,2,0,0.2920602886850651,0.0999145698586972,1,1,0,0,67.0,7151.420933330779,16105.522104197647,2593.901356524209,4557.51957680657,391741.98050748167,371862.4950200609,low_value,0,1,1,0,activity_drop,no_recent_complaints,medium_digital_engagement
1991,M,Shymkent,large_city,medium,retired,high,79,46,pensioner,0,308335.34065219254,2025-05-01,2850,47,2,1,2,1,0,0,0,1,0,374,593.0,4,7,15,25,49210.14910938514,63188.453820922965,139372.8525184529,221670.1821853624,12302.537277346284,9291.523501230196,35293.57584667664,0.9371109877289812,1,4,15,49,1,3,2,2,0.5611013768249932,0.245747577927883,0.1931510452471237,8,4,-4,-0.5,59335.79489550056,49210.14910938514,-10125.645786115429,-0.1706498716996754,3,7,10,10,33,5,24,30,18,2,4,11,0,2,7,3,-4,-0.5714285714285714,0,1,1,0,0,1,5.0,4.0,33.0,20.0,3,5,2,0.382715424652904,0.1158055089175813,2,2,1,1,5.0,8843.432891835404,16578.531034385338,3521.2989641225818,5322.133927712823,862595.4756163262,988624.8882041904,medium_value,0,3,4,1,activity_drop,complaint_risk,medium_digital_engagement
1058,M,South_KZ,medium_city,medium,employee,high,51,20,mass,1,237840.17711516708,2025-05-01,2010,21,1,0,1,1,1,0,0,1,1,35,,10,11,14,32,50379.10089628935,69001.73473539318,62355.520510216935,183135.1412928055,5037.910089628935,4453.965750729781,12518.669083820989,0.984994465317619,0,10,14,60,1,5,3,1,0.4723776627053662,0.2186721747601387,0.308950162534495,10,10,0,0.0,42392.20370142339,50379.10089628935,7986.89719486596,0.1884048597973166,5,6,11,20,32,5,32,75,31,3,5,12,1,2,7,5,-2,-0.2857142857142857,0,1,1,0,1,0,4.73804185194938,3.0,42.0,76.0,0,0,0,,,0,0,0,0,,4701.270208247042,9010.036332751024,1794.2179701977605,2907.052238049282,1545442.2814842172,1719608.0082734174,low_value,0,10,4,0,moderate_activity,complaint_risk,medium_digital_engagement
839,M,Astana,medium_city,medium,employee,high,26,39,mass,1,379911.54762423504,2025-05-01,1260,40,2,0,2,0,0,0,0,1,1,665,,8,13,18,42,164490.22164072076,202544.38846603053,305435.6750979989,881333.5576652138,20561.27770509009,16968.648616555492,59116.45044238411,0.994384175723802,0,8,18,12,3,7,3,2,0.7876669441170873,0.1121862223888773,0.1001468334940353,10,8,-2,-0.2,153607.5859642302,164490.22164072076,10882.63567649055,0.0708469937091826,9,15,16,18,44,7,34,29,20,4,7,4,2,1,11,9,-2,-0.1818181818181818,0,0,0,0,0,0,,,,,0,0,0,,,0,0,0,0,,15218.482718120871,34352.689923872415,3404.964783810577,11813.517934310294,566678.7059059294,488747.4644962362,medium_value,0,10,15,0,digital_active,no_recent_complaints,digital_power_user
1848,F,South_KZ,large_city,high,employee,high,58,46,affluent,1,693622.1015536094,2025-05-01,2220,47,1,0,1,1,0,0,0,1,1,643,,4,12,18,34,87006.05591451957,377479.63749840495,473409.3838864309,789289.6056874922,21751.513978629893,26300.521327023936,36789.99995076039,0.9462140977294512,0,4,18,38,3,7,4,1,0.4535225957480235,0.4393659398362667,0.1071114644157096,7,4,-3,-0.4285714285714285,163526.34664380713,87006.05591451957,-76520.29072928756,-0.467938606223277,4,8,14,13,37,3,25,5,9,2,2,15,1,1,5,4,-1,-0.2,0,0,0,0,0,0,,,,,2,2,1,0.0,0.0,1,0,0,0,62.0,14123.937994808071,25555.51310431992,3244.5757316513964,10879.362263156676,927368.0943892098,941395.8109326444,medium_value,0,8,1,0,transaction_active,no_recent_complaints,medium_digital_engagement
600,F,Almaty,medium_city,high,retired,medium,82,24,affluent,0,806475.9524271833,2025-05-01,2940,25,2,1,2,1,0,0,0,1,1,387,355.0,5,15,20,37,158192.89220659118,593870.9372305005,634641.2059276731,1256695.5685987612,31638.57844131824,31732.060296383657,58412.65915871538,0.9648829403480768,1,5,20,47,2,8,2,2,0.5854601389578812,0.3998185562852256,0.0147213047568931,6,5,-1,-0.1666666666666666,167904.5309903039,158192.89220659118,-9711.638783712726,-0.057840242466557,3,6,9,13,20,7,20,44,15,2,1,7,0,1,5,3,-2,-0.4,0,0,0,0,0,0,,,,,0,1,0,0.1602751804650152,0.0264673825658447,0,0,0,0,19.0,18683.32091738878,39439.35721120716,3465.796039305349,15217.524878083432,671621.4944175982,653847.3434666315,high_value,0,15,5,0,transaction_active,no_recent_complaints,medium_digital_engagement
1921,F,Astana,small_city,low,entrepreneur,high,26,37,sme_owner,0,120351.47734187637,2025-05-01,1260,38,3,0,2,1,0,0,0,1,0,808,,6,10,13,28,33268.7023695478,81046.45083356489,52408.96483576536,186264.7843694204,5544.783728257967,4031.458833520413,11985.155763339711,0.9083074471058302,0,6,13,61,2,6,1,1,0.7569713555089929,0.1498095864509187,0.0932190580400884,10,6,-4,-0.4,74244.52763970332,33268.7023695478,-40975.82527015552,-0.5519036429055697,3,7,13,9,30,5,30,48,27,4,4,9,1,1,10,3,-7,-0.7,0,1,1,0,0,1,1.5372431722625357,1.0,19.0,71.0,0,1,1,0.4042031899243465,0.1594122478456774,1,1,0,0,76.0,6239.715469381687,11864.92737819708,4394.956107267974,1844.759362113713,494548.3874099441,554843.5293487783,low_value,0,6,5,0,activity_drop,complaint_risk,medium_digital_engagement
1312,F,Almaty,small_city,premium,self_employed,high,58,27,premium,0,1653209.184610446,2025-05-01,2220,28,0,0,0,1,0,0,0,1,0,663,,2,5,10,19,114528.82800512628,302233.7111098751,536152.5548378576,1416887.1697416643,57264.414002563135,53615.25548378576,186043.65575980087,0.9323786195355864,1,2,10,27,1,3,2,1,0.525420547133462,0.0937603996602401,0.380819053206298,3,2,-1,-0.3333333333333333,193789.14333109185,114528.82800512628,-79260.31532596555,-0.4090028675680146,2,6,8,11,45,3,45,43,68,3,6,17,2,2,5,2,-3,-0.6,0,0,0,0,0,0,,,,,1,2,1,0.3130310613147765,0.137134991007018,0,1,0,0,19.0,30603.040074340548,71332.81549445905,1841.680664496478,28761.35940984407,3868824.981116091,4044345.527281013,high_value,0,3,4,0,activity_drop,no_recent_complaints,medium_digital_engagement
1337,M,Aktobe,medium_city,medium,employee,high,37,60,mass,0,291143.28505737154,2025-05-01,1590,61,1,0,1,1,1,0,0,1,0,461,,2,3,5,16,18110.081775354265,37815.37841736574,57168.85437473243,186029.51973411744,9055.040887677133,11433.770874946484,43381.72926402574,0.9597637929687026,1,2,1,42,1,2,1,0,0.5420867071557524,0.4344494175485975,0.0234638752956502,4,2,-2,-0.5,61533.92578086832,18110.081775354265,-43423.84400551405,-0.7056894786812884,4,10,14,15,45,5,13,79,17,4,3,4,1,1,5,4,-1,-0.2,0,1,0,0,0,0,5.0,4.0,31.0,,1,2,0,0.1730345534932789,0.0478362896764222,1,1,2,1,39.0,9096.795095228406,20682.682097279343,3496.8338560465445,5599.961239181862,381246.9549786893,364705.7274485664,medium_value,0,3,9,0,moderate_activity,no_recent_complaints,medium_digital_engagement
1134,F,Astana,large_city,medium,unemployed,low,65,49,mass,0,299139.3144326869,2025-05-01,2430,50,2,2,2,1,0,0,0,0,0,54,894.0,4,7,13,28,54186.99177486487,93566.10688457056,174991.69555749206,463279.3982145076,13546.747943716218,13460.89965826862,27588.81842422704,0.971181573500665,0,4,1,39,2,3,1,1,0.2760459889028122,0.4853498962550317,0.2386041148421561,6,4,-2,-0.3333333333333333,74083.31628090097,54186.99177486487,-19896.324506036093,-0.268566871798711,1,1,1,4,5,2,5,60,37,0,0,1,0,0,5,1,-4,-0.8,0,0,0,0,0,0,,,,,0,1,0,0.2442594857698233,0.0554916618093295,1,1,0,0,21.0,7833.809206282226,15069.091896675876,3424.573944687143,4409.235261595083,597131.1292386767,629598.9080018498,low_value,0,6,0,0,activity_drop,no_recent_complaints,low_digital_engagement
820,M,Astana,large_city,medium,employee,low,27,59,mass,0,333390.6184288646,2025-05-01,1290,60,2,0,2,1,0,0,0,0,0,399,,5,9,14,29,47774.73722867926,97055.1386954334,126415.56170463069,247783.0852423318,9554.947445735852,9029.682978902192,37568.03186079571,0.939266310783802,1,5,14,62,2,5,1,2,0.5319545424774921,0.4623904437356306,0.0056550137868772,5,5,0,0.0,48530.33662211365,47774.73722867926,-755.5993934343933,-0.0155696301741721,1,5,5,3,12,3,12,61,28,2,2,4,0,0,2,1,-1,-0.5,0,0,0,0,0,0,,,,,0,1,0,0.29837820899232,0.1450873979811299,0,0,0,0,55.0,8207.727598708532,18640.195835992345,4105.315847113372,4102.41175159516,819354.8509547048,888795.0991211632,low_value,0,10,6,0,moderate_activity,no_recent_complaints,low_digital_engagement
2174,M,Astana,medium_city,medium,self_employed,medium,38,25,mass,0,381295.3295497526,2025-05-01,1620,26,1,0,1,1,1,0,0,1,0,155,,6,8,13,27,103197.04604544611,143229.27955876695,281492.0359372897,605841.7010817695,17199.50767424102,21653.23353363767,58145.69935337349,0.9703547598939894,1,6,13,65,3,3,2,2,0.4549315832396128,0.3428650160520702,0.2022034007083168,8,6,-2,-0.25,172790.8087776517,103197.04604544611,-69593.76273220558,-0.4027631054251229,1,3,6,6,20,3,20,26,16,3,3,3,1,1,6,1,-5,-0.8333333333333334,0,0,0,0,0,0,,,,,1,2,0,0.2204291404470934,0.0413875492098667,1,0,1,0,60.0,7587.364214764196,16001.856148674267,3753.083102125514,3834.281112638682,498427.5274593639,549731.9202767464,low_value,0,1,0,0,activity_drop,no_recent_complaints,medium_digital_engagement
528,F,South_KZ,large_city,medium,self_employed,medium,35,43,mass,0,345670.56704115454,2025-05-01,1530,44,1,0,1,1,0,0,0,1,0,406,,4,8,9,21,49684.24377615708,85711.33472209252,95589.59912910892,263392.1048408813,12421.060944039267,10621.066569900991,25851.313736756365,0.9868725858822068,0,4,9,8,1,3,1,1,0.7784142695285613,0.1089006072874119,0.1126851231840269,7,4,-3,-0.4285714285714285,54053.41074706724,49684.24377615708,-4369.1669709101625,-0.0808305509407141,5,7,10,14,28,7,28,9,15,5,3,8,1,2,9,5,-4,-0.4444444444444444,0,0,0,0,0,0,,,,,0,1,0,0.2936885136338906,0.1188369068407374,0,0,1,0,80.0,9085.387221771218,19418.83896131204,3249.269811364936,5836.117410406283,776468.2126435569,881468.4811539978,medium_value,0,4,3,0,moderate_activity,no_recent_complaints,medium_digital_engagement
2055,M,Astana,large_city,low,retired,medium,34,35,pensioner,0,177097.85565578466,2025-05-01,1500,36,1,0,1,1,0,0,1,1,1,792,,3,4,6,19,9782.322795193117,14917.130026919656,20076.766265491944,58916.78838983054,3260.774265064372,3346.127710915324,7622.185901956348,0.909664391441776,0,3,6,33,0,2,1,1,0.50450319665487,0.3476540596112337,0.1478427437338962,5,3,-2,-0.4,17861.749506638454,9782.322795193117,-8079.426711445338,-0.4523312068866802,4,4,7,11,21,2,18,40,43,1,3,6,1,0,7,4,-3,-0.4285714285714285,0,0,0,0,0,0,,,,,2,4,0,0.4965825733769732,0.180818732301047,0,0,1,1,35.0,3244.53250407774,7637.617488404621,3402.762562593404,-158.2300585156636,579233.4435829208,575946.9475213148,low_value,0,4,1,0,moderate_activity,no_recent_complaints,medium_digital_engagement
1367,M,Karaganda,medium_city,low,employee,medium,18,35,mass,0,141715.4644743408,2025-05-01,1020,36,4,1,3,1,0,0,1,1,0,768,165.0,6,13,19,42,34122.80797806759,82245.02900434793,113583.61731566727,241074.3096804492,5687.134663011265,5978.085121877225,16095.916714240664,0.932849834759754,2,6,13,9,3,3,2,2,0.5959335068817809,0.3489898701638038,0.055076622954415,8,6,-2,-0.25,56359.44685711248,34122.80797806759,-22236.63887904489,-0.3945503392789005,1,3,4,3,21,6,19,41,34,3,1,2,1,1,1,1,0,0.0,1,1,0,0,0,0,4.8712948234653926,4.0,89.0,,2,2,1,0.2391671666563395,0.0801779952276775,1,0,0,0,67.0,7820.544142916511,15497.734868007408,4673.413804581916,3147.130338334595,155994.46186683842,134737.714307433,low_value,0,11,1,0,transaction_active,no_recent_complaints,medium_digital_engagement
618,M,Aktobe,small_city,medium,self_employed,high,60,51,mass,0,363639.5312133668,2025-05-01,2280,52,3,0,2,0,0,0,0,1,0,520,,8,12,20,33,101163.38408480784,133174.09922713108,163476.7044688304,245149.7682723872,12645.42301060098,8173.83522344152,15871.201144373665,0.9075679943811572,4,8,20,52,2,7,4,3,0.5918289496490836,0.2744846155068619,0.1336864348440546,9,8,-1,-0.1111111111111111,92577.5685901564,101163.38408480784,8585.81549465144,0.092741855563966,7,12,19,15,42,3,42,75,21,2,4,8,2,2,7,7,0,0.0,0,1,1,1,0,0,4.241316664740157,3.0,44.0,36.0,0,1,0,0.2435367399988943,0.0394176780851448,0,0,0,0,57.0,9008.537440242424,20620.23741759937,2957.242768935273,6051.294671307151,891827.8769653437,853356.579023935,medium_value,0,9,9,0,digital_active,complaint_risk,digital_power_user
439,F,Almaty,rural,low,retired,high,59,27,pensioner,0,160295.52080671184,2025-05-01,2250,28,0,1,0,1,0,0,0,1,0,869,589.0,1,5,9,20,4938.795025472857,22727.17407335031,58675.71453116099,101187.9453246846,4938.795025472857,6519.523836795666,16497.260730412192,0.9475944932765714,0,1,9,32,1,4,2,2,0.5049231950536,0.4446684909604964,0.0504083139859035,5,1,-4,-0.8,29437.13571212074,4938.795025472857,-24498.340686647884,-0.8322256936350194,3,8,13,19,37,4,27,66,6,5,2,5,1,1,9,3,-6,-0.6666666666666666,0,0,0,0,0,0,,,,,1,1,0,0.3339531851453907,0.05207245105793,0,1,0,0,13.0,2782.624003616332,6533.783586616947,3184.679369305897,-402.05536568956495,726769.416713958,671868.0986342301,low_value,0,0,1,0,activity_drop,no_recent_complaints,medium_digital_engagement
1969,M,North_KZ,medium_city,medium,employee,medium,63,34,mass,1,210148.38482907845,2025-05-01,2370,35,3,0,3,1,0,0,1,1,1,463,,7,17,29,55,22791.13401613405,69026.43229560819,109286.1345261314,226697.45983343467,3255.8762880191503,3768.4873974528073,12516.48164447052,0.9791993832171436,2,7,29,16,3,5,3,3,0.4620668273865355,0.4243986698005645,0.1135345028129,15,7,-8,-0.5333333333333333,53841.00296398431,22791.13401613405,-31049.86894785026,-0.5766955895791976,0,2,4,4,16,8,16,64,79,1,2,4,0,0,10,0,-10,-1.0,0,0,0,0,0,0,,,,,1,1,0,0.2957674035207921,0.1280747399214881,1,0,0,0,85.0,8662.801046859191,17005.592208545375,4376.3194985682685,4286.481548290923,645128.2201128894,722656.7080312154,low_value,0,7,3,1,activity_drop,no_recent_complaints,medium_digital_engagement
441,F,North_KZ,large_city,low,employee,medium,55,48,mass,1,187453.64344113803,2025-05-01,2130,49,3,0,3,1,0,0,0,1,1,118,,4,11,23,46,13919.997673292715,41692.58575273104,111394.11382429724,219453.41560071585,3479.999418323179,4843.222340186837,19334.86560618332,1.0,0,4,23,69,2,10,2,2,0.7797439922556072,0.1971652670205757,0.0230907407238168,11,4,-7,-0.6363636363636364,60026.26841083481,13919.997673292715,-46106.270737542094,-0.7681015655009442,2,4,6,6,10,2,10,48,72,1,0,3,0,0,5,2,-3,-0.6,0,1,0,0,0,0,3.0874702334029074,2.0,23.0,,1,1,0,0.2208913765883843,0.1066687037663774,1,0,0,0,66.0,8847.506719121378,19087.601864087526,4292.701325081156,4554.805394040222,386929.05838380026,367365.6729259175,low_value,0,4,3,0,activity_drop,no_recent_complaints,medium_digital_engagement
1037,M,Almaty,rural,low,employee,high,44,50,mass,1,157778.57155929276,2025-05-01,1800,51,2,0,2,1,0,0,0,1,1,115,,5,12,18,41,38747.10778272394,99371.11992514196,159401.35798967138,373491.6146803907,7749.421556544788,8855.630999426188,39143.766982581794,0.9728834815164504,0,5,18,53,2,6,2,2,0.7214799666649866,0.2387851947869222,0.0397348385480912,5,5,0,0.0,50110.60050593531,38747.10778272394,-11363.49272321137,-0.2267682408209302,7,12,16,16,48,7,48,1,47,4,5,8,2,3,8,7,-1,-0.125,0,0,0,0,0,0,,,,,1,2,0,0.1806939177258062,0.0274531710019,0,1,1,0,14.0,5324.601447800763,10975.672460555345,3036.894466354553,2287.7069814462097,231444.0831622589,256010.7102121077,low_value,0,6,12,0,digital_active,no_recent_complaints,digital_power_user
842,F,East_KZ,large_city,medium,self_employed,low,61,33,mass,0,277719.2684879161,2025-05-01,2310,34,1,2,1,1,0,0,0,1,0,418,797.0,2,4,10,18,35938.51394679873,57766.83730753331,198891.02723339468,342154.0162629036,17969.256973399366,19889.102723339467,82293.68875609334,0.9571451030194392,1,2,10,49,2,2,1,1,0.5618254888146402,0.3120543188794839,0.1261201923058758,3,2,-1,-0.3333333333333333,54533.94937657101,35938.51394679873,-18595.435429772275,-0.3409882402128257,1,3,6,6,13,5,13,11,20,1,2,2,0,1,3,1,-2,-0.6666666666666666,0,0,0,0,0,0,,,,,2,3,2,0.3952297242982415,0.0940554287430372,1,1,0,1,67.0,7092.857145994537,14212.153010404594,3123.0984276540294,3969.758718340508,301334.43997128605,260469.46026344068,low_value,0,3,0,0,activity_drop,no_recent_complaints,low_digital_engagement
1104,F,Almaty,small_city,premium,self_employed,low,42,53,premium,0,1237296.9084998162,2025-05-01,1740,54,2,0,1,1,0,0,0,0,0,778,,7,10,15,25,534199.0858823397,720840.1338440451,1686363.3540018124,1550685.6813242498,76314.15512604853,112424.22360012082,466251.2640378122,0.9792846656063298,0,3,15,47,3,5,3,3,0.6201056110596865,0.1518280228378469,0.2280663661024664,12,7,-5,-0.4166666666666667,1202396.624261815,534199.0858823397,-668197.5383794754,-0.5557214024862225,2,3,5,5,10,1,10,73,72,2,1,1,0,0,3,2,-1,-0.3333333333333333,0,0,0,0,0,0,,,,,0,0,0,,,0,0,0,0,,25347.049722530195,57345.52148018,3951.1633138986494,21395.886408631544,1806411.223985688,1732532.8386798194,high_value,0,7,2,0,transaction_active,no_recent_complaints,low_digital_engagement
621,F,Almaty,medium_city,medium,employee,low,38,39,mass,0,269628.13303642254,2025-05-01,1620,40,1,2,1,1,1,0,0,0,0,510,495.0,6,10,13,23,88329.07594787602,137646.78298675368,189013.642927412,215025.6744529948,14721.512657979336,14539.510994416303,23349.51875223079,0.9663295402685916,0,6,13,46,2,2,3,1,0.777015570321573,0.05523541518799,0.1677490144904369,9,6,-3,-0.3333333333333333,127331.13128021346,88329.07594787602,-39002.05533233745,-0.306304160971498,1,4,5,3,11,8,11,64,16,0,1,5,0,0,4,1,-3,-0.75,0,1,0,0,1,0,4.294557984502118,4.0,82.0,,1,2,0,0.3016208471767073,0.05200274334061,1,0,1,0,82.0,8856.285884925106,18460.45561521076,3086.803254358761,5769.482630566345,405337.8831280566,414759.1970421357,medium_value,0,4,5,0,activity_drop,no_recent_complaints,low_digital_engagement
1431,F,Shymkent,large_city,medium,employee,high,64,22,mass,1,520617.3728402275,2025-05-01,2400,23,2,1,1,1,1,0,0,1,1,159,494.0,4,14,22,43,81750.07229294516,322177.80816843547,553735.8501190017,892148.3863382724,20437.51807323629,25169.81136904553,113123.09804860927,0.9761786604405552,1,4,22,73,3,4,5,3,0.6798278701678616,0.2875707837848269,0.0326013460473114,6,4,-2,-0.3333333333333333,114683.47182569544,81750.07229294516,-32933.39953275029,-0.2871677933050801,5,9,15,11,47,5,47,35,31,3,3,10,1,1,10,5,-5,-0.5,0,0,0,0,0,0,,,,,0,0,0,,,0,0,0,0,,9377.040614341771,17847.40174391532,4633.994243959133,4743.046370382638,479177.3830475295,441971.6952145821,low_value,0,10,5,0,digital_active,no_recent_complaints,digital_power_user
2145,M,Astana,small_city,high,employee,low,32,31,affluent,1,736415.8555020891,2025-06-01,1470,32,2,1,2,1,0,0,0,1,1,666,708.0,6,16,22,45,243725.49646169052,446774.0000743393,704732.6626721033,1279387.8765668722,40620.91607694843,32033.302848731968,92916.98325038492,0.9203591393483036,1,6,20,41,1,6,2,4,0.4365154938615507,0.5340937230027154,0.0293907831357339,7,6,-1,-0.1428571428571428,249366.78256617457,243725.49646169052,-5641.286104483996,-0.0226224441219911,0,1,3,1,16,7,16,67,52,3,2,5,1,1,2,0,-2,-1.0,0,0,0,0,0,0,,,,,1,2,1,0.3259966096840095,0.0947073518936384,1,2,0,1,7.0,18606.44688526537,41778.43980488824,3439.046785245569,15167.4001000198,1170144.3510740623,1259090.0190810834,high_value,0,10,0,0,activity_drop,no_recent_complaints,low_digital_engagement
2296,M,Almaty,rural,medium,entrepreneur,medium,31,19,sme_owner,0,197384.01694432303,2025-06-01,1440,20,0,1,0,0,1,0,0,1,0,330,494.0,2,3,4,11,9085.373425489326,13797.254783690714,22652.39417293375,72809.71220202903,4542.686712744663,5663.098543233437,18808.71832975761,0.9377155589842344,0,2,4,54,0,2,1,0,0.6843323606473039,0.2128309322849245,0.1028367070677716,14,2,-12,-0.8571428571428571,71463.02201667085,9085.373425489326,-62377.64859118152,-0.8728660897747943,3,5,5,4,14,3,14,5,75,2,2,4,0,1,10,3,-7,-0.7,0,0,0,0,0,0,,,,,1,1,0,0.2458848452180163,0.0244713131408964,1,0,1,0,50.0,4368.19617247672,7664.926867574302,3192.026397023484,1176.169775453236,452603.2775095304,445042.0144636586,low_value,0,1,2,0,activity_drop,no_recent_complaints,medium_digital_engagement
1834,M,Shymkent,rural,medium,employee,low,71,30,mass,1,331803.07617840124,2025-06-01,2640,31,2,3,2,1,0,0,1,0,1,201,766.0,6,16,23,44,232578.1724843804,726351.9350974418,822021.7725951076,1200371.3094877333,38763.028747396726,35740.077069352505,85035.77267610014,0.9854289252970752,1,6,23,48,4,7,5,3,0.4945949464315415,0.3978695503571098,0.1075355032113485,8,6,-2,-0.25,319834.71271086216,232578.1724843804,-87256.54022648183,-0.272817604714982,4,4,5,7,12,7,12,2,37,0,1,3,0,1,5,4,-1,-0.2,0,1,0,0,0,0,3.455272782681135,2.0,64.0,,0,0,0,,,0,0,0,0,,8259.249733234623,14859.380351665208,3657.6925426113394,4601.557190623284,1114370.325663974,1109013.0651804777,low_value,0,17,6,1,transaction_active,no_recent_complaints,low_digital_engagement
1356,M,Almaty,medium_city,low,employee,medium,19,40,mass,0,75610.2975314457,2025-06-01,1080,41,1,0,1,1,0,0,0,1,0,544,,4,9,13,23,25769.62791393577,47918.87452633007,65320.539772739154,127975.49971472607,6442.406978483942,5024.65690559532,21224.376933335632,0.9684124195588156,0,4,13,4,1,5,3,1,0.4977385631598693,0.4531500739244922,0.0491113629156384,10,4,-6,-0.6,52322.14416801079,25769.62791393577,-26552.51625407502,-0.5074814244770373,3,6,9,10,30,4,3,79,22,4,2,5,1,1,9,3,-6,-0.6666666666666666,0,0,0,0,0,0,,,,,0,1,0,0.4522392610676617,0.1977792035490531,0,0,0,0,21.0,1941.4976032486084,4039.073242883857,2981.991012224182,-1040.493408975574,164883.03664760204,147847.76101314102,low_value,0,10,5,1,activity_drop,no_recent_complaints,medium_digital_engagement
811,M,South_KZ,medium_city,high,employee,medium,68,43,affluent,0,473528.60727199423,2025-06-01,2550,44,5,0,5,1,0,1,0,1,0,824,,6,14,22,49,212657.0492286641,406881.0158865486,651108.9045659126,1642362.3501338682,35442.84153811068,29595.85929845057,66173.72758559602,0.9879108958236128,0,6,22,51,2,7,3,2,0.7634398826711026,0.2309846935914219,0.0055754237374753,8,6,-2,-0.25,287422.4015425592,212657.0492286641,-74765.3523138951,-0.2601236087119133,2,4,7,7,20,4,20,39,27,1,3,6,1,1,2,2,0,0.0,0,0,0,0,0,0,,,,,0,2,1,0.2918447746374573,0.0928943219529991,1,2,2,0,37.0,20036.95919350512,36792.95432292149,4272.167445943587,15764.79174756153,597346.7077565389,659357.0152470603,high_value,0,12,2,0,transaction_active,no_recent_complaints,medium_digital_engagement
2248,F,Karaganda,large_city,high,entrepreneur,medium,30,55,affluent,0,574188.047502215,2025-06-01,1410,56,1,2,1,1,0,0,1,1,0,108,895.0,5,10,13,27,63881.82021910867,123202.99095940238,147525.8530885492,263172.4238168764,12776.364043821734,11348.142545273016,32788.245761110025,0.9885856971089684,0,5,13,40,2,4,3,2,0.765972081543348,0.222636569597476,0.011391348859176,8,5,-3,-0.375,105452.76102631852,63881.82021910867,-41570.94080720985,-0.3942138679217202,1,5,6,7,21,2,1,52,61,1,3,3,1,0,1,1,0,0.0,0,0,0,0,0,0,,,,,0,0,0,,,0,0,0,0,,12139.224452765646,24499.62780696705,2837.246778419055,9301.977674346592,1369349.097907494,1516151.461123333,medium_value,0,13,1,0,moderate_activity,no_recent_complaints,medium_digital_engagement
1289,M,Astana,large_city,medium,employee,low,49,49,mass,0,537154.2616269069,2025-06-01,1980,50,2,0,2,1,0,0,0,0,1,184,,6,8,13,21,130101.98882797302,142075.9855430474,252327.85395317507,446335.4321773568,21683.66480466217,19409.834919475004,57840.21894013076,0.9600510236134072,1,6,13,47,1,3,3,2,0.6262797748373685,0.2723253754487393,0.1013948497138922,11,6,-5,-0.4545454545454545,273856.8500170046,130101.98882797302,-143754.86118903157,-0.5249270236625646,0,0,0,0,0,1,0,202,196,0,0,0,0,0,9,0,-9,-1.0,0,0,0,0,0,0,,,,,1,3,0,0.0546493152561202,0.0060431525528955,2,2,0,0,51.0,13360.209531794775,28226.580327404125,4676.636954727187,8683.572577067589,460793.57902337227,395281.1843438275,medium_value,0,11,0,0,activity_drop,no_recent_complaints,low_digital_engagement
663,M,Almaty,medium_city,low,unemployed,high,49,61,mass,0,156772.7464252187,2025-06-01,1980,62,0,1,0,1,0,0,0,1,1,509,885.0,6,7,7,16,37871.17874246494,42892.42246826691,49766.62900574927,93019.8261610235,6311.863123744156,7109.518429392753,10275.60798828238,0.9965610859972278,0,2,7,39,1,3,1,1,0.4923594050070305,0.4683227546817416,0.0393178403112277,6,6,0,0.0,28644.76915642672,37871.17874246494,9226.40958603822,0.3220975367493296,2,5,10,8,37,5,37,32,45,4,5,7,1,2,3,2,-1,-0.3333333333333333,0,0,0,0,0,0,,,,,1,1,1,0.3683071548524638,0.0529555909417809,0,0,0,0,66.0,2893.102874621772,5329.195026552775,2586.653202664974,306.44967195679783,258702.27749624552,230585.9230311164,low_value,0,3,4,0,moderate_activity,no_recent_complaints,medium_digital_engagement
508,F,Almaty,large_city,high,employee,medium,33,41,affluent,1,648914.0656545828,2025-06-01,1500,42,2,3,1,1,1,0,0,1,1,664,400.0,3,6,12,31,52512.72449091254,76720.57607835447,242747.5709461466,440836.9370159836,17504.241496970844,20228.964245512216,76613.04071756951,0.9184600771886596,0,1,12,30,2,4,3,1,0.7802924006263224,0.0942236420724615,0.125483957301216,13,3,-10,-0.7692307692307693,178974.64157762876,52512.72449091254,-126461.91708671622,-0.7065912576886733,0,1,4,4,12,5,12,25,75,2,1,2,0,1,8,0,-8,-1.0,0,0,0,0,0,0,,,,,0,0,0,,,0,0,0,0,,15808.208892465076,33062.58538627261,3484.49258174574,12323.716310719336,834553.5904618616,721417.1866675878,medium_value,0,3,1,0,activity_drop,no_recent_complaints,medium_digital_engagement
319,M,Shymkent,large_city,premium,unemployed,medium,30,50,premium,0,1352087.7038520952,2025-06-01,1410,51,4,0,1,1,0,0,0,1,0,184,,4,11,21,44,180701.61668632185,440805.1365877975,1111135.4349491848,1881415.826399068,45175.404171580456,52911.21118805642,140789.28478110285,0.9931151702141928,0,4,21,10,2,4,3,2,0.8213602592380236,0.1501186356032174,0.0285211051587589,14,4,-10,-0.7142857142857143,527045.3534074784,180701.61668632185,-346343.73672115663,-0.6571421880146724,4,4,5,7,13,1,13,45,59,2,2,4,0,0,8,4,-4,-0.5,0,0,0,0,0,0,,,,,0,2,1,0.0,0.0,1,1,0,1,35.0,29107.15625308372,60925.08322829481,4114.987217813569,24992.16903527015,3914112.812619392,4203581.427045867,high_value,0,5,6,0,activity_drop,no_recent_complaints,medium_digital_engagement
2019,F,Atyrau,large_city,medium,self_employed,low,71,44,mass,0,412920.7074952388,2025-06-01,2640,45,4,1,3,1,1,0,0,1,0,686,544.0,4,12,19,33,112053.18816922874,389036.6612260728,720655.1106814534,820430.3085621764,28013.297042307186,37929.21635165544,134305.39924944533,0.9580401892957616,1,4,19,74,3,4,2,3,0.6372310296136336,0.2524256912189896,0.1103432791673767,8,4,-4,-0.5,340993.60931882914,112053.18816922874,-228940.4211496004,-0.671392116723047,0,5,6,1,14,3,14,18,4,2,2,2,1,1,0,0,0,0.0,0,0,0,0,0,0,,,,,1,2,1,0.4099806156303626,0.1567996171201767,1,2,0,0,67.0,12531.601305504786,28267.41359063914,3603.178287388776,8928.42301811601,459249.8685903462,483223.2018110713,medium_value,0,6,6,0,transaction_active,no_recent_complaints,low_digital_engagement
219,F,Almaty,large_city,high,employee,medium,79,19,affluent,0,1050920.147270744,2025-06-01,2880,20,3,0,3,1,1,0,0,1,0,129,,10,18,22,41,382356.3118956068,430244.2411101215,744085.8184124086,1521015.15544176,38235.63118956068,33822.08265510948,41960.84067486548,0.9171134129430958,3,5,3,63,3,8,4,3,0.8072563197671487,0.0609481854820289,0.1317954947508222,14,10,-4,-0.2857142857142857,495790.754701496,382356.3118956068,-113434.44280588918,-0.2287949941184066,2,4,9,8,23,3,23,55,23,2,1,5,1,1,6,2,-4,-0.6666666666666666,0,0,0,0,0,0,,,,,1,1,0,0.0735069978608448,0.0186010848082041,1,0,0,0,72.0,25027.468322810026,53530.43297577419,4506.573892310456,20520.894430499568,2023063.398129039,1811078.0774317747,high_value,0,16,1,0,activity_drop,no_recent_complaints,medium_digital_engagement
2096,M,North_KZ,large_city,medium,employee,medium,39,74,mass,0,298338.14520662744,2025-06-01,1680,75,1,0,1,1,0,0,0,1,0,187,,2,11,16,27,13641.373975951872,79772.29582088845,130527.94223535532,223617.6125760665,6820.686987975936,8157.996389709708,11345.233508884085,1.0,0,2,10,16,1,7,3,3,0.4650970283493972,0.3614500368597613,0.1734529347908413,5,2,-3,-0.6,35673.816424607685,13641.373975951872,-22032.442448655813,-0.6176082252152283,1,7,8,11,30,4,21,42,58,5,2,3,1,2,2,1,-1,-0.5,0,0,0,0,0,0,,,,,1,2,1,0.2260237983697873,0.0264826174801421,1,1,0,0,2.0,6785.485297733248,13049.995090622251,2581.611075952753,4203.874221780495,497974.5323297466,498894.83911178407,low_value,0,8,7,0,activity_drop,no_recent_complaints,medium_digital_engagement
49,F,Astana,large_city,low,unemployed,low,75,37,mass,0,120524.18382246804,2025-06-01,2760,38,5,0,3,1,0,0,0,0,0,671,,6,12,24,41,33008.64407404138,88030.57666421526,146860.7024681651,234438.17090141287,5501.440679006897,6119.195936173546,18544.94126086377,0.9704097814003672,0,6,24,10,2,5,5,4,0.5363355808475264,0.4445468149055225,0.019117604246951,6,6,0,0.0,31425.870477618304,33008.64407404138,1582.7735964230778,0.050365306429629,0,1,3,5,7,3,7,55,63,1,1,2,0,0,2,0,-2,-1.0,0,0,0,0,0,0,,,,,0,0,0,,,0,0,0,0,,13293.17669678956,26436.55832120052,5004.225014992821,8288.951681796738,376894.56917199737,414589.6247732316,medium_value,0,12,2,0,activity_drop,no_recent_complaints,low_digital_engagement
669,M,Almaty,medium_city,low,employee,medium,19,54,mass,1,168830.48312857313,2025-06-01,1080,55,1,1,1,1,0,0,0,1,1,782,88.0,6,12,19,33,65690.34364348455,162475.69150888114,179122.79958635615,312934.9219651213,10948.390607247426,9427.515767702957,27936.536383653147,0.9288840615563688,1,6,15,24,2,6,3,3,0.8825858670362028,0.0716716843522151,0.0457424486115821,11,6,-5,-0.4545454545454545,133499.09214925076,65690.34364348455,-67808.74850576621,-0.5079341545630637,0,4,7,10,16,8,16,75,57,3,1,6,0,0,3,0,-3,-1.0,1,1,0,0,0,1,3.662696130277165,2.0,84.0,,0,1,1,0.3092516171899802,0.0429196171469836,0,0,1,0,73.0,3335.4585340459807,7659.875773414305,2939.205132885476,396.2534011605048,229025.63320846457,244522.9006904752,low_value,0,12,4,0,activity_drop,no_recent_complaints,medium_digital_engagement
2138,F,Aktobe,large_city,high,entrepreneur,medium,36,42,affluent,0,780263.1747363383,2025-06-01,1590,43,2,0,2,1,1,0,0,1,0,196,,2,4,4,15,85576.30055352965,212286.3540669214,180593.24270584164,541135.10445686,42788.15027676483,45148.31067646041,62717.54977792029,0.9510896509378556,0,2,4,40,0,1,1,0,0.5284887465221111,0.2369890717171706,0.2345221817607182,9,2,-7,-0.7777777777777778,393419.9413860002,85576.30055352965,-307843.64083247056,-0.7824810296802742,0,3,4,6,8,7,8,32,69,0,0,3,0,1,6,0,-6,-1.0,0,0,0,0,0,0,,,,,1,1,1,0.3352650478811749,0.1413930985129193,1,1,0,0,50.0,17869.021586105766,36848.94612327376,2620.99325539472,15248.028330711046,1816227.508475897,1892538.728323104,high_value,0,4,0,0,activity_drop,no_recent_complaints,medium_digital_engagement
2311,F,Shymkent,large_city,medium,retired,high,22,35,pensioner,0,389420.298814792,2025-06-01,1170,36,1,2,1,1,0,0,0,1,0,84,803.0,4,9,15,32,82897.96190130642,231647.31137993903,240949.81803458816,724284.1614835487,20724.49047532661,16063.321202305877,48808.39423296267,0.9786259902955456,0,4,15,27,2,7,3,2,0.7104406946583841,0.2830179773794098,0.006541327962206,8,4,-4,-0.5,140510.04951561138,82897.96190130642,-57612.08761430495,-0.4100211181542851,2,8,13,11,33,4,33,55,35,5,5,3,1,1,3,2,-1,-0.3333333333333333,0,0,0,0,0,0,,,,,3,6,1,0.1523746298651659,0.0471855444732111,2,1,0,1,20.0,6907.142452608331,13138.237602214998,3351.582579512657,3555.559873095673,285847.2354073068,309683.879909164,low_value,0,8,4,0,transaction_active,no_recent_complaints,medium_digital_engagement
1937,M,East_KZ,rural,low,retired,low,32,30,pensioner,0,138142.87299492772,2025-06-01,1470,31,1,0,1,1,0,0,1,1,0,832,,3,5,10,25,27120.44584911575,25701.81017353833,75671.96842689345,178295.9111205444,9040.148616371916,7567.196842689345,28305.86230115858,0.9751880223375582,0,3,10,24,1,3,2,1,0.7569782628546939,0.2065924635601556,0.0364292735851502,5,3,-2,-0.4,43411.65262644236,27120.44584911575,-16291.20677732661,-0.375272669702593,0,2,3,2,5,5,5,53,45,0,1,1,0,0,2,0,-2,-1.0,0,0,0,0,0,0,,,,,2,3,2,0.0,0.0,1,0,0,1,60.0,6274.41594949918,13089.544537964255,2813.731807245843,3460.684142253337,321394.2079603219,316915.37695929466,low_value,0,2,0,0,activity_drop,no_recent_complaints,low_digital_engagement
867,F,Aktobe,small_city,low,employee,medium,65,56,mass,1,166994.81124456407,2025-06-01,2460,57,2,1,2,1,0,0,0,1,1,291,392.0,7,15,20,37,57777.13631051911,167729.8855776248,217292.11315808195,396442.9615284676,8253.876615788444,10864.605657904098,42308.10888471612,0.9740972881021084,0,7,20,52,3,9,3,2,0.768822386863045,0.2111301484963036,0.0200474646406513,9,7,-2,-0.2222222222222222,139382.87283086212,57777.13631051911,-81605.73652034301,-0.5854789391474925,4,6,10,11,19,3,19,7,79,1,3,3,1,1,4,4,0,0.0,0,0,0,0,0,0,,,,,1,1,0,0.2525430269842202,0.0233009684559679,0,0,1,0,83.0,5242.194486735587,11842.276182761048,3680.154258088368,1562.0402286472197,370735.2843040229,354727.7606692262,low_value,0,12,1,0,transaction_active,no_recent_complaints,medium_digital_engagement
2257,F,Astana,medium_city,medium,entrepreneur,medium,65,39,sme_owner,0,353691.0152182327,2025-06-01,2460,40,1,2,1,1,0,0,0,1,0,93,129.0,1,1,8,21,21056.61144818552,14926.129296977171,167297.11473662144,508739.7320649043,21056.61144818552,20912.13934207768,58504.59088685209,0.9328383765485287,0,1,8,43,1,3,1,0,0.8065572912442649,0.0865168548800618,0.1069258538756734,3,1,-2,-0.6666666666666666,51446.908171271854,21056.61144818552,-30390.296723086336,-0.5907118192975568,4,7,10,8,25,7,7,5,14,2,3,5,1,2,5,4,-1,-0.2,1,3,2,0,0,0,1.997041570553756,1.0,32.0,64.0,1,2,0,0.1734703577687367,0.0826338318189672,1,0,0,1,1.0,8015.531758427358,15083.47774573287,2494.4409133419267,5521.090845085431,707144.4843505743,731154.6314960049,medium_value,0,0,7,0,activity_drop,complaint_risk,medium_digital_engagement
169,M,Karaganda,large_city,medium,retired,medium,59,48,pensioner,0,411783.1472947229,2025-06-01,2280,49,2,0,2,1,0,0,1,1,0,367,,4,7,13,30,83227.83249882009,134136.21866763663,222170.8708137382,456436.4927349676,20806.958124705023,17090.06698567217,60551.7429368622,0.9466123654878434,2,4,13,73,2,6,1,1,0.4560245384121674,0.3546964368512204,0.1892790247366121,5,4,-1,-0.2,90094.69580170458,83227.83249882009,-6866.863302884492,-0.0762182861241712,1,4,6,9,29,2,29,17,65,2,2,5,1,2,4,1,-3,-0.75,0,0,0,0,0,0,,,,,0,1,0,0.0,0.0,0,0,0,0,82.0,9593.681418310942,21213.316710045383,3949.914098387149,5643.7673199237925,798175.2664460992,764904.8414961852,medium_value,0,6,0,0,activity_drop,no_recent_complaints,medium_digital_engagement
1259,F,South_KZ,medium_city,medium,employee,low,50,29,mass,1,268011.4894821782,2025-06-01,2010,30,3,0,2,1,0,0,0,0,1,458,,10,17,21,37,131848.83881641494,145436.21938339088,194006.7677986365,428236.6093012527,13184.883881641494,9238.417514220786,34656.52775987134,1.0,0,10,11,27,2,10,3,2,0.6243317107520389,0.3418685839013504,0.0337997053466106,16,10,-6,-0.375,134601.82856656594,131848.83881641494,-2752.9897501509986,-0.0204528406446539,0,0,0,0,0,1,0,239,107,0,0,0,0,0,4,0,-4,-1.0,0,1,0,0,0,1,4.733297143226294,4.0,4.0,,0,2,0,0.1636139801094303,0.0299448887842972,0,0,0,0,82.0,8674.39732926372,19661.51881617529,3384.688489874104,5289.708839389616,618399.8191464499,637611.465419524,medium_value,0,11,0,1,activity_drop,no_recent_complaints,low_digital_engagement
510,M,Atyrau,medium_city,medium,entrepreneur,medium,28,42,sme_owner,0,349285.4338628823,2025-06-01,1350,43,2,0,2,1,0,0,0,1,0,613,,5,12,21,28,37919.41718016655,115205.0520985082,224450.3104182465,251032.51317795808,7583.88343603331,10688.110019916498,21252.484703806527,1.0,0,5,21,71,2,10,4,3,0.6179721233512648,0.3446478124373635,0.0373800642113716,9,5,-4,-0.4444444444444444,76506.4517495611,37919.41718016655,-38587.03456939456,-0.5043631443751528,4,8,11,10,29,2,14,65,77,4,2,8,0,1,5,4,-1,-0.2,0,0,0,0,0,0,,,,,0,1,0,0.2396289876019419,0.0201851175500811,0,0,0,0,49.0,9347.915514048284,21839.00367497104,3643.7558268995945,5704.159687148691,1232501.8548595894,1308980.2439745867,medium_value,0,5,6,0,transaction_active,no_recent_complaints,medium_digital_engagement
368,F,Karaganda,small_city,low,employee,medium,57,39,mass,1,119100.44738999072,2025-06-01,2220,40,3,1,3,1,0,0,0,1,1,851,339.0,12,23,31,51,49613.22374752312,107369.21248330052,139874.6262627896,257517.32977564645,4134.435312293593,4512.084718154503,8792.065179414803,0.9524069867005988,1,12,31,16,6,12,7,3,0.4660739031311739,0.1185193571057,0.415406739763126,14,12,-2,-0.1428571428571428,80210.65281975614,49613.22374752312,-30597.429072233022,-0.3814634091183557,2,3,7,9,26,7,26,60,45,4,2,7,1,1,3,2,-1,-0.3333333333333333,0,0,0,0,0,0,,,,,0,1,0,0.2892346008021652,0.0274306682247898,0,0,0,0,80.0,8816.506246879493,16104.114153909532,4062.2729958968393,4754.233250982654,125961.1824807091,132954.47126904436,low_value,0,17,5,0,transaction_active,no_recent_complaints,medium_digital_engagement
1628,M,Shymkent,medium_city,medium,unemployed,medium,82,36,mass,0,330273.15195860475,2025-06-01,2970,37,1,1,1,1,1,0,0,1,1,582,468.0,5,8,12,22,68923.0590964733,116681.38434716155,140076.7291736065,307915.9606717568,13784.61181929466,11673.060764467207,28299.337513417955,0.9642668165162612,1,5,12,62,1,6,3,1,0.452847376232114,0.3182539290876608,0.228898694680225,6,5,-1,-0.1666666666666666,80725.9427057056,68923.0590964733,-11802.883609232304,-0.1462093004260214,0,4,7,12,18,4,18,6,69,2,3,2,1,1,3,0,-3,-1.0,0,0,0,0,0,0,,,,,0,2,0,0.1932602647730771,0.0422003579330425,0,0,0,1,74.0,5156.117697556046,10676.188956739654,3078.1191034739977,2077.998594082048,915838.3468470898,795239.447793347,low_value,0,9,3,0,activity_drop,no_recent_complaints,medium_digital_engagement
1421,F,Almaty,large_city,medium,entrepreneur,high,57,26,sme_owner,0,360592.068946488,2025-06-01,2220,27,7,1,3,1,1,0,0,1,0,525,423.0,13,22,33,57,150500.83022727494,237265.53686668404,463292.9538728724,731754.1665777863,11576.986940559613,14039.180420390072,49733.7022109188,0.9696163006973952,3,12,5,1,3,9,7,4,0.5776647225073905,0.3917200568537199,0.0306152206388895,13,13,0,0.0,145088.87361456302,150500.83022727494,5411.956612711918,0.037300976138867,6,12,17,15,40,1,40,18,76,2,6,4,0,2,10,6,-4,-0.4,0,1,0,0,1,0,4.561716678278652,4.0,38.0,,0,1,0,0.2297540619839144,0.0916981344615131,0,0,0,0,6.0,15107.353440161967,31938.92515588337,5622.418888235453,9484.934551926515,822629.5081116926,700316.348844219,medium_value,0,9,9,0,digital_active,no_recent_complaints,digital_power_user
1881,F,Shymkent,large_city,medium,self_employed,medium,65,56,mass,0,301334.37401896063,2025-06-01,2460,57,1,1,1,1,0,0,0,1,0,749,624.0,5,6,9,16,80014.84294370498,86187.91463224136,125330.29627843689,370707.4515820418,16002.968588740996,13925.588475381875,40720.47040683292,0.9642952051731524,0,5,9,57,1,3,2,1,0.7798395013630306,0.1970132499849603,0.0231472486520091,14,5,-9,-0.6428571428571429,225567.0271899687,80014.84294370498,-145552.18424626373,-0.6452724321435604,0,2,8,3,13,7,13,67,18,2,1,4,0,1,8,0,-8,-1.0,0,0,0,0,0,0,,,,,0,0,0,,,0,0,0,0,,6797.560015051009,11900.497646309705,2392.8501720456325,4404.709843005377,954345.1075124328,1022258.3324436758,low_value,0,5,1,0,activity_drop,no_recent_complaints,medium_digital_engagement
1991,M,Shymkent,large_city,medium,retired,high,79,46,pensioner,0,308335.34065219254,2025-06-01,2880,47,0,1,0,1,1,0,0,1,0,737,492.0,2,4,5,22,34247.08013911345,55645.883526113656,72770.68609992643,286685.238010396,17123.540069556726,14554.137219985289,28700.947211573606,1.0,0,2,5,25,1,1,1,0,0.63221922429664,0.3327196428781407,0.0350611328252191,5,2,-3,-0.6,70232.50628778042,34247.08013911345,-35985.426148666964,-0.5123756512577706,6,12,17,18,37,4,37,25,54,2,4,15,2,2,8,6,-2,-0.25,0,0,0,0,0,0,,,,,0,0,0,,,0,0,0,0,,5122.044098411938,10519.764772653723,2055.5995410613264,3066.4445573506114,471028.1904032582,491924.4237650936,low_value,0,2,13,0,activity_drop,no_recent_complaints,digital_power_user
1058,M,South_KZ,medium_city,medium,employee,high,51,20,mass,1,237840.17711516708,2025-06-01,2040,21,0,1,0,1,0,0,0,1,1,663,639.0,4,14,14,27,25391.802500849542,116360.91001686698,121628.16847135192,254747.79355562504,6347.950625212386,8687.72631938228,11315.033459530185,0.9919457024944868,0,4,14,51,1,3,2,2,0.6618635108775704,0.3035286621036655,0.0346078270187639,5,4,-1,-0.2,33772.397476273734,25391.802500849542,-8380.594975424192,-0.2481492461798676,7,17,23,19,55,5,7,56,42,7,4,6,1,2,8,7,-1,-0.125,0,0,0,0,0,0,,,,,1,4,2,0.4173072013078224,0.2050542307891132,2,0,0,0,63.0,4549.733271512095,9835.582738228251,2977.124037512921,1572.6092339991735,624865.5997945627,558723.4506599318,low_value,0,8,8,0,digital_active,no_recent_complaints,digital_power_user
839,M,Astana,medium_city,medium,employee,high,26,39,mass,1,379911.54762423504,2025-06-01,1290,40,3,1,3,1,1,0,0,1,1,113,547.0,4,13,23,45,85159.52648863172,187220.7558299635,412945.6946400473,730825.9225461949,21289.88162215793,17954.160636523797,60309.617198522734,0.9578995022050568,1,4,23,21,3,9,3,2,0.6826794095301193,0.2747819836641307,0.0425386068057498,5,4,-1,-0.2,86692.5441834242,85159.52648863172,-1533.0176947924774,-0.0176833856848048,7,8,15,18,34,3,34,28,70,1,5,3,2,1,9,7,-2,-0.2222222222222222,0,0,0,0,0,0,,,,,0,0,0,,,0,0,0,0,,12643.65313246165,24891.909086318177,3637.127602649255,9006.525529812396,473616.0259947966,447645.35784471687,medium_value,0,11,7,0,digital_active,no_recent_complaints,digital_power_user
1848,F,South_KZ,large_city,high,employee,high,58,46,affluent,1,693622.1015536094,2025-06-01,2250,47,2,1,2,1,0,1,1,1,1,549,755.0,4,9,17,38,110242.32871823043,222663.6444655901,366055.37290016015,824745.2880598067,27560.58217955761,21532.668994127067,65332.04138701163,0.9796524431554244,1,4,17,62,2,8,2,1,0.4969004664377888,0.1289031245816627,0.3741964089805486,12,4,-8,-0.6666666666666666,314194.49724551075,110242.32871823043,-203952.1685272803,-0.6491271181236271,0,4,8,9,32,7,32,8,24,2,5,7,1,0,10,0,-10,-1.0,0,0,0,0,0,0,,,,,0,1,0,0.3986986785208211,0.1327844476544518,1,0,0,0,30.0,14647.40585438446,29654.05772477371,3213.156110832644,11434.249743551814,4330200.52484202,3996810.7218731046,medium_value,0,8,1,0,activity_drop,no_recent_complaints,medium_digital_engagement
600,F,Almaty,medium_city,high,retired,medium,82,24,affluent,0,806475.9524271833,2025-06-01,2970,25,5,0,2,1,0,0,1,1,0,192,,9,21,32,53,286326.3383594535,533423.807765781,850351.2011004788,1577939.1383656696,31814.037595494832,26573.47503438996,51082.80974023336,0.8838868243485418,4,9,32,39,6,16,4,3,0.6502253350962569,0.3348089087579005,0.0149657561458425,9,9,0,0.0,279435.9338162907,286326.3383594535,6890.404543162789,0.0246582622680615,2,5,9,6,26,4,20,37,62,4,4,4,1,1,5,2,-3,-0.6,0,0,0,0,0,0,,,,,0,1,0,0.2352079082171919,0.11265941773289,0,1,0,0,51.0,21515.958696795875,43005.4074273348,6010.194812162385,15505.76388463349,992619.4866120628,1009473.3988321328,high_value,0,12,3,0,activity_drop,no_recent_complaints,medium_digital_engagement
1921,F,Astana,small_city,low,entrepreneur,high,26,37,sme_owner,0,120351.47734187637,2025-06-01,1290,38,0,0,0,1,0,0,0,1,0,143,,9,11,14,31,50267.53137910943,50255.98784261032,68751.43096909317,207248.6749336434,5585.281264345493,4910.816497792369,15488.75607461564,0.8862775206401616,1,9,14,24,1,6,2,1,0.6798650246619284,0.3050705152636552,0.0150644600744163,10,9,-1,-0.1,51230.72717441215,50267.53137910943,-963.195795302716,-0.0188011345617556,6,12,21,20,52,8,52,71,1,4,7,19,1,3,8,6,-2,-0.25,0,0,0,0,0,0,,,,,0,2,0,0.5787300172945483,0.0649214148297897,0,1,0,0,32.0,4608.994972728232,8261.790308713411,3014.275705016964,1594.719267711268,120248.9142898558,132568.64396708505,low_value,0,7,5,0,digital_active,no_recent_complaints,digital_power_user
1312,F,Almaty,small_city,premium,self_employed,high,58,27,premium,0,1653209.184610446,2025-06-01,2250,28,2,0,1,1,1,0,0,1,0,679,,10,14,19,26,1001845.5245660694,1539980.3464530825,1681225.6679119335,2051650.473023883,100184.55245660694,88485.56146904913,276274.81900713965,1.0,0,10,19,33,3,3,2,2,0.7132172289704248,0.2670947004278164,0.0196880706017587,15,10,-5,-0.3333333333333333,1464462.0395549382,1001845.5245660694,-462616.5149888689,-0.3158951905161445,0,7,11,13,26,6,26,62,51,3,1,6,1,1,4,0,-4,-1.0,0,0,0,0,0,0,,,,,2,3,1,0.337960561273914,0.1552021953997137,2,0,1,0,68.0,31873.985671971062,69439.01422425383,4489.496980291214,27384.488691679853,2262987.885260601,2244032.4372141617,high_value,0,15,3,0,activity_drop,no_recent_complaints,medium_digital_engagement
1337,M,Aktobe,medium_city,medium,employee,high,37,60,mass,0,291143.28505737154,2025-06-01,1620,61,1,0,1,1,0,0,0,1,0,162,,2,9,11,19,16917.185959095415,77274.63213659968,94361.15598570992,179724.60323807635,8458.592979547708,8578.286907791813,37658.14884600024,0.930574956514779,0,2,11,3,1,4,2,1,0.5594126496248111,0.3542007947085889,0.0863865556666,8,2,-6,-0.75,75959.90224831799,16917.185959095415,-59042.716289222575,-0.7772879445817084,1,4,7,9,30,2,30,67,58,2,2,10,0,1,6,1,-5,-0.8333333333333334,0,1,0,0,0,1,3.970094546785389,3.0,33.0,,0,1,0,0.391012948687742,0.1602824328601312,0,0,0,0,18.0,6170.895705436755,13750.450330338326,3048.789098084101,3122.1066073526536,486795.50026888,556101.9484419886,low_value,0,2,2,0,activity_drop,no_recent_complaints,medium_digital_engagement
1134,F,Astana,large_city,medium,unemployed,low,65,49,mass,0,299139.3144326869,2025-06-01,2460,50,2,1,2,1,1,0,0,0,1,418,254.0,1,2,5,16,14335.152581179247,24881.55684745037,56577.51661128104,232663.00326554137,14335.152581179247,11315.503322256209,50387.29925883871,0.9732980149605585,0,1,5,32,1,2,1,0,0.7268456166048524,0.2503946918318987,0.0227596915632488,8,1,-7,-0.875,93635.43394217768,14335.152581179247,-79300.28136099842,-0.8469046174332723,0,0,0,0,0,1,0,277,264,0,0,0,0,0,9,0,-9,-1.0,0,1,0,0,0,0,4.054513480790961,3.0,55.0,,0,0,0,,,0,0,0,0,,7338.423164634169,15889.974190661284,3723.01361765576,3615.40954697841,940938.8948096174,1014443.7440509436,low_value,0,2,1,1,activity_drop,no_recent_complaints,low_digital_engagement
820,M,Astana,large_city,medium,employee,low,27,59,mass,0,333390.6184288646,2025-06-01,1320,60,3,0,3,1,0,0,0,0,0,842,,5,14,21,45,66165.34274870958,170107.66430281484,237818.707917748,423247.1658356576,13233.068549741914,11324.70037703562,39965.81598675202,0.9607953249666056,2,5,21,21,2,7,5,4,0.5585090143769682,0.4266409859218163,0.0148499997012153,7,5,-2,-0.2857142857142857,73637.11290771897,66165.34274870958,-7471.770159009393,-0.1014674511801259,1,1,1,4,6,6,6,11,21,1,1,2,0,0,3,1,-2,-0.6666666666666666,0,0,0,0,0,0,,,,,2,4,1,0.1663347485984881,0.0713438052662486,2,0,0,0,26.0,10773.18318062784,24002.99037011798,4683.76702334328,6089.4161572845605,1572870.1962290008,1541595.4071277704,medium_value,0,11,0,0,activity_drop,no_recent_complaints,low_digital_engagement
2174,M,Astana,medium_city,medium,self_employed,medium,38,25,mass,0,381295.3295497526,2025-06-01,1650,26,1,1,1,1,0,0,0,1,0,673,354.0,5,5,11,21,35840.53083582683,41248.80451867422,136488.57974662865,177474.66810368295,7168.106167165366,12408.052704238968,21262.488412364222,0.9942863734578076,0,5,11,19,2,4,1,2,0.4507571619929671,0.3726866615505556,0.1765561764564771,11,5,-6,-0.5454545454545454,105457.7412413035,35840.53083582683,-69617.21040547668,-0.660143196564222,2,6,8,7,24,8,24,55,44,4,2,5,1,1,3,2,-1,-0.3333333333333333,0,1,1,0,0,0,2.248422211376208,1.0,15.0,51.0,1,3,0,0.3725972571883765,0.0863669237623112,2,2,1,0,63.0,10035.65747421354,17565.59327208112,3122.663849321694,6912.993624891846,1148233.0833207937,1319991.866931566,medium_value,1,0,0,0,activity_drop,complaint_risk,medium_digital_engagement
528,F,South_KZ,large_city,medium,self_employed,medium,35,43,mass,0,345670.56704115454,2025-06-01,1560,44,2,1,2,0,0,0,0,1,0,243,849.0,4,5,13,22,27643.45100303141,35574.12226291235,85901.10221003174,177658.76891485858,6910.862750757852,6607.777093079364,9062.794066457473,0.9339802942639438,1,4,13,41,1,3,2,1,0.7372016077440329,0.0551883485948383,0.2076100436611287,5,4,-1,-0.2,33655.4496615328,27643.45100303141,-6011.998658501394,-0.1786337344757848,1,3,4,4,14,2,14,42,77,2,2,5,0,1,3,1,-2,-0.6666666666666666,0,0,0,0,0,0,,,,,0,0,0,,,0,0,0,0,,12213.752303803998,21453.829381365933,2567.926597418428,9645.82570638557,378576.589448084,392114.17431149416,medium_value,1,0,0,0,activity_drop,no_recent_complaints,medium_digital_engagement
2055,M,Astana,large_city,low,retired,medium,34,35,pensioner,0,177097.85565578466,2025-06-01,1530,36,0,1,0,1,0,0,0,1,0,33,868.0,8,13,15,27,52151.078340183536,90055.61263153068,96088.04359036707,176204.02795556738,6518.884792522942,6405.869572691139,12171.933095532731,0.9662542055559488,1,8,15,6,2,3,2,2,0.7759257171615682,0.1271129289519101,0.0969613538865215,9,8,-1,-0.1111111111111111,43189.00917128578,52151.078340183536,8962.069168897753,0.2075080984922475,2,2,3,9,20,5,20,68,12,2,1,3,1,1,2,2,0,0.0,0,0,0,0,0,0,,,,,1,3,1,0.054954248601071,0.0056255689426324,0,2,1,0,43.0,853.2483550481102,1829.6993230750377,2152.5650538243667,-1299.3166987762563,454520.02580494987,501371.2037285683,low_value,0,8,2,0,transaction_active,no_recent_complaints,medium_digital_engagement
1367,M,Karaganda,medium_city,low,employee,medium,18,35,mass,0,141715.4644743408,2025-06-01,1050,36,0,2,0,1,0,0,0,1,1,809,769.0,4,9,15,29,19515.41073706591,36127.132489576914,61431.22279141657,121486.3334759292,4878.852684266478,4095.4148527611046,5790.43153299057,0.9919962538984046,0,4,15,64,2,3,2,2,0.312519801569128,0.6573256641124563,0.0301545343184157,4,4,0,0.0,17089.93708104625,19515.41073706591,2425.4736560196616,0.1419240834250733,1,4,8,7,19,1,19,42,41,2,1,2,1,1,2,1,-1,-0.5,0,0,0,0,0,0,,,,,0,2,1,0.2747180830991309,0.1280097185222179,1,1,1,0,82.0,1462.206346361398,2560.766646465448,2857.7604148415635,-1395.5540684801654,397142.9306572987,428282.90716120007,low_value,0,6,3,0,transaction_active,no_recent_complaints,medium_digital_engagement
618,M,Aktobe,small_city,medium,self_employed,high,60,51,mass,0,363639.5312133668,2025-06-01,2310,52,2,0,1,1,1,0,0,1,1,565,,6,9,17,34,97016.05878246731,111791.0610482414,256065.90574784344,378371.1082269083,16169.343130411218,15062.700338108438,67585.18184167957,0.9446631591929197,1,6,17,40,1,7,3,3,0.3982158180370104,0.3455269622900131,0.2562572196729765,7,6,-1,-0.1428571428571428,102909.88477345592,97016.05878246731,-5893.8259909885965,-0.057271718882624,7,14,23,15,42,8,42,40,13,4,5,4,2,1,11,7,-4,-0.3636363636363636,0,0,0,0,0,0,,,,,0,3,2,0.1465454329339163,0.0567463850089871,2,1,0,0,69.0,7926.278562112939,16630.075691974092,3851.266135552775,4075.012426560164,564413.4662607698,538597.393632404,low_value,0,6,4,0,digital_active,no_recent_complaints,digital_power_user
439,F,Almaty,rural,low,retired,high,59,27,pensioner,0,160295.52080671184,2025-06-01,2280,28,1,0,1,1,0,0,0,1,0,470,,3,4,6,13,38333.05518641449,35495.65940109575,58482.89388936635,132910.35693799288,12777.685062138162,9747.148981561058,33238.37770373314,0.9079958964888116,0,3,6,66,1,2,1,1,0.5527158099194964,0.3423005908356599,0.1049835992448436,10,3,-7,-0.7,115639.24418188272,38333.05518641449,-77306.18899546823,-0.6685117110751563,1,11,15,8,33,6,33,17,46,4,4,11,1,2,5,1,-4,-0.8,0,0,0,0,0,0,,,,,0,0,0,,,0,0,0,0,,5450.771403218635,9994.21047160879,3180.8576665489195,2269.9137366697155,281472.3303112077,289233.30784956494,low_value,0,0,7,0,activity_drop,no_recent_complaints,digital_power_user
1969,M,North_KZ,medium_city,medium,employee,medium,63,34,mass,1,210148.38482907845,2025-06-01,2400,35,1,0,1,1,0,0,1,1,1,368,,4,7,10,24,23934.19136343528,55031.156763164014,67853.31307180005,177149.86813385063,5983.54784085882,6785.331307180005,28809.637680839474,0.9540666304486042,1,4,10,55,1,3,1,1,0.614106075504237,0.0876098036891998,0.2982841208065631,5,4,-1,-0.2,41868.33550655439,23934.19136343528,-17934.14414311911,-0.4283462412856504,3,6,8,9,24,6,24,12,23,1,1,3,1,2,4,3,-1,-0.25,0,0,0,0,0,0,,,,,1,2,0,0.1478966603625224,0.0639401717162645,0,1,1,0,30.0,7284.075429976399,13604.415358848712,3099.8369056381416,4184.238524338258,540198.3468205297,464902.3430607991,low_value,0,3,7,1,moderate_activity,no_recent_complaints,medium_digital_engagement
441,F,North_KZ,large_city,low,employee,medium,55,48,mass,1,187453.64344113803,2025-06-01,2160,49,3,2,3,1,0,0,0,1,1,468,338.0,8,15,23,48,57467.405281586354,170326.2819697283,210096.1043419564,335072.5372457884,7183.425660198294,9134.613232258973,16256.339249948433,0.925589106927195,4,4,23,30,3,8,4,3,0.288062446128099,0.5797548837430967,0.1321826701288042,11,8,-3,-0.2727272727272727,89164.71036475268,57467.405281586354,-31697.305083166328,-0.3554915947520023,2,6,9,8,30,5,30,49,13,2,2,12,1,0,3,2,-1,-0.3333333333333333,0,0,0,0,0,0,,,,,0,0,0,,,0,0,0,0,,8073.198950256284,14728.936870408044,3382.062505348613,4691.136444907671,299565.6379347215,337707.85040178883,low_value,0,8,6,0,transaction_active,no_recent_complaints,medium_digital_engagement
1037,M,Almaty,rural,low,employee,high,44,50,mass,1,157778.57155929276,2025-06-01,1830,51,0,1,0,1,0,0,0,1,1,306,727.0,2,9,15,28,17893.173246126134,81534.56705267887,125618.96351891164,294567.3250010366,8946.586623063067,8374.597567927443,15775.258182884874,0.9170519009772552,0,2,15,9,2,3,2,2,0.6560204915493374,0.0542319271911273,0.2897475812595352,4,2,-2,-0.5,29047.019567829266,17893.173246126134,-11153.846321703128,-0.3839927981477473,4,8,15,13,33,2,33,62,3,3,3,5,1,1,5,4,-1,-0.2,0,0,0,0,0,0,,,,,2,2,0,0.2600737756782414,0.0717439059305008,1,1,0,0,24.0,131.28766197485083,247.44770838849345,2798.092766678131,-2666.80510470328,280348.755226857,314570.87635056843,low_value,0,2,8,0,digital_active,no_recent_complaints,digital_power_user
842,F,East_KZ,large_city,medium,self_employed,low,61,33,mass,0,277719.2684879161,2025-06-01,2340,34,1,0,1,1,1,0,0,0,0,485,,2,12,15,25,19118.47732714903,115786.2328187485,155978.05586875143,178622.89303916722,9559.238663574515,10398.53705791676,36442.494665376245,0.9568811622701324,1,2,2,45,2,5,2,2,0.385206447131708,0.4650097875942282,0.1497837652740637,6,2,-4,-0.6666666666666666,45967.02544043829,19118.47732714903,-26848.548113289256,-0.5840827822996341,4,5,5,7,10,8,10,22,2,0,1,3,0,0,5,4,-1,-0.2,1,1,0,0,1,0,3.526288138055848,2.0,26.0,,0,1,0,0.1693190944009187,0.0367639102618027,0,0,1,0,23.0,6725.275330210508,15374.753341825715,3101.2355616210884,3624.039768589419,519924.60312384926,471894.4752252745,low_value,0,8,5,0,activity_drop,no_recent_complaints,low_digital_engagement
1104,F,Almaty,small_city,premium,self_employed,low,42,53,premium,0,1237296.9084998162,2025-06-01,1770,54,4,0,2,1,1,0,0,1,0,769,,4,14,24,46,394686.2009962734,1200833.6997599732,2269761.706476648,4042921.924436405,98671.55024906834,94573.404436527,121566.55604738728,0.96933925482658,0,4,24,28,2,11,3,3,0.5678051635423158,0.2318961909748859,0.2002986454827982,7,4,-3,-0.4285714285714285,708894.3041680601,394686.2009962734,-314208.1031717867,-0.4432368849973102,0,3,3,5,11,6,11,76,59,1,1,3,0,0,1,0,-1,-1.0,0,0,0,0,0,0,,,,,1,4,2,0.0,0.0,2,0,0,0,15.0,28563.784493802432,52840.04566594657,4614.881423374474,23948.90307042796,1458904.3903601544,1609362.9806408568,high_value,0,5,2,0,activity_drop,no_recent_complaints,low_digital_engagement
621,F,Almaty,medium_city,medium,employee,low,38,39,mass,0,269628.13303642254,2025-06-01,1650,40,2,0,1,1,0,0,0,0,0,141,,5,7,12,23,38247.41702888442,58622.02746304114,106210.2024861984,152378.17286696797,7649.483405776884,8850.8502071832,12623.247138964438,0.9997764356821952,0,2,12,38,2,5,1,1,0.7838399341594748,0.1485641303816394,0.0675959354588858,6,5,-1,-0.1666666666666666,60860.739112660056,38247.41702888442,-22613.32208377564,-0.3715584531748102,3,3,4,4,6,6,6,1,11,1,1,2,0,0,6,3,-3,-0.5,0,1,0,0,0,0,3.0540812652980103,2.0,31.0,,0,0,0,,,0,0,0,0,,6173.447685446881,14506.725605662416,3264.2959588839785,2909.1517265629027,647356.0518866432,556388.8082912249,low_value,0,3,1,0,moderate_activity,no_recent_complaints,low_digital_engagement
1431,F,Shymkent,large_city,medium,employee,high,64,22,mass,1,520617.3728402275,2025-06-01,2430,23,0,2,0,1,1,0,0,1,1,398,572.0,8,13,20,41,264195.2185826638,247976.09565451968,474284.3854501925,1513042.73641726,33024.402322832975,23714.21927250962,57785.062648071005,1.0,0,8,20,18,3,5,4,3,0.6471156113848567,0.1271258822009802,0.2257585064141628,12,8,-4,-0.3333333333333333,352104.44966529094,264195.2185826638,-87909.23108262714,-0.2496680492569557,3,7,13,12,33,6,33,3,55,3,5,11,1,1,13,3,-10,-0.7692307692307693,0,0,0,0,0,0,,,,,1,3,0,0.2476951078036529,0.0331462120995701,1,0,0,0,45.0,9325.124428673853,18069.350756432537,2267.424126816766,7057.700301857085,707154.452465003,748455.177756064,medium_value,0,9,5,0,activity_drop,no_recent_complaints,medium_digital_engagement
2145,M,Astana,small_city,high,employee,low,32,31,affluent,1,736415.8555020891,2025-07-01,1500,32,5,1,3,1,0,1,0,0,1,702,748.0,7,14,27,52,247639.45319541648,408519.9124335822,999330.7008728632,2069110.756878152,35377.064742202354,37012.24818047642,64880.25463133692,0.9463961892998048,3,7,27,3,4,10,5,2,0.7757047871306275,0.1374649768633134,0.0868302360060591,15,7,-8,-0.5333333333333333,718399.7434630605,247639.45319541648,-470760.290267644,-0.6552901703421197,0,0,0,0,1,1,1,135,16,0,0,0,0,0,4,0,-4,-1.0,0,0,0,0,0,0,,,,,0,2,0,0.3248464568563448,0.153209045838334,1,0,1,1,45.0,20762.08967413923,39302.05902637821,5251.772740509664,15510.316933629569,1146275.6192507318,1010459.9801585504,high_value,1,0,0,0,activity_drop,no_recent_complaints,low_digital_engagement
2296,M,Almaty,rural,medium,entrepreneur,medium,31,19,sme_owner,0,197384.01694432303,2025-07-01,1470,20,2,1,2,1,1,0,0,1,0,581,871.0,6,12,16,31,58569.58607606069,169076.62415505724,261787.8186811903,389785.5966691094,9761.597679343447,16361.738667574396,27982.418140261874,0.971363185119689,0,6,16,63,3,6,2,1,0.810005685073015,0.1258705303991479,0.0641237845278371,9,6,-3,-0.3333333333333333,123392.15734117036,58569.58607606069,-64822.57126510967,-0.5253378550297971,1,1,1,7,18,6,18,52,29,2,3,4,0,1,5,1,-4,-0.8,0,0,0,0,0,0,,,,,0,4,0,0.5109038617187889,0.161263275935885,1,0,0,0,10.0,6521.6304348398135,13605.834475401942,4192.916503594757,2328.7139312450563,424199.039336807,378697.7076657656,low_value,0,5,0,0,activity_drop,no_recent_complaints,medium_digital_engagement
1834,M,Shymkent,rural,medium,employee,low,71,30,mass,1,331803.07617840124,2025-07-01,2670,31,2,0,1,1,0,0,0,1,1,104,,6,15,22,43,76006.79131880663,229912.40244153765,273422.3888822918,597994.6050345075,12667.798553134438,12428.290403740535,27647.581761789053,0.9635066635119196,1,6,18,31,2,9,5,4,0.6404594888097624,0.3304416643676513,0.0290988468225861,7,6,-1,-0.1428571428571428,102247.3436167144,76006.79131880663,-26240.552297907765,-0.2566379855918155,0,3,4,3,14,7,14,21,33,2,0,6,1,0,2,0,-2,-1.0,0,0,0,0,0,0,,,,,0,0,0,,,0,0,0,0,,7434.915545896797,14529.035435629014,3297.4022574114547,4137.513288485343,717687.4969488126,699290.0820507732,low_value,0,9,3,0,activity_drop,no_recent_complaints,low_digital_engagement
1356,M,Almaty,medium_city,low,employee,medium,19,40,mass,0,75610.2975314457,2025-07-01,1110,41,3,0,3,1,0,0,0,1,0,645,,3,9,13,26,7747.08497182942,19007.72384523661,32523.697823846785,61503.06608319248,2582.3616572764736,2501.822909526676,4193.810373780115,0.9328799253711344,0,3,13,56,1,2,2,2,0.5867980223697102,0.4120382754255708,0.001163702204719,6,3,-3,-0.5,15859.634576252256,7747.08497182942,-8112.549604422836,-0.5115218490954594,6,9,15,15,29,8,20,4,14,3,5,7,1,1,8,6,-2,-0.25,0,0,0,0,0,0,,,,,0,0,0,,,0,0,0,0,,5510.806159171756,12542.20935985182,3556.528641573126,1954.2775175986296,141404.99727426597,126742.8492862531,low_value,0,8,7,0,digital_active,no_recent_complaints,medium_digital_engagement
811,M,South_KZ,medium_city,high,employee,medium,68,43,affluent,0,473528.60727199423,2025-07-01,2580,44,2,0,1,1,0,0,0,1,0,412,,6,6,8,22,125534.96334031252,124593.68598053388,179388.75604053828,658280.1156007603,20922.49389005209,22423.594505067285,95806.63578566368,1.0,0,6,8,36,1,3,2,1,0.449616008819582,0.41413150951378,0.136252481666638,9,6,-3,-0.3333333333333333,146691.44823591542,125534.96334031252,-21156.484895602887,-0.1442243917421697,3,6,7,13,30,6,22,76,19,1,1,10,1,1,3,3,0,0.0,0,0,0,0,0,0,,,,,0,0,0,,,0,0,0,0,,13888.417114844546,24823.6260703286,4028.1156223251,9860.301492519446,832462.9590795502,811390.3962685241,medium_value,0,2,6,0,moderate_activity,no_recent_complaints,medium_digital_engagement
2248,F,Karaganda,large_city,high,entrepreneur,medium,30,55,affluent,0,574188.047502215,2025-07-01,1440,56,4,0,4,1,0,0,0,1,0,863,,7,11,16,48,257026.6907820608,330746.7459254,617363.4039190212,1767013.347115887,36718.09868315154,38585.21274493883,162074.28434304576,0.9942430560224595,0,7,16,42,1,4,4,2,0.6838835853434807,0.0868568757577131,0.2292595388988062,16,7,-9,-0.5625,484649.7944691701,257026.6907820608,-227623.1036871093,-0.4696651196074923,4,7,14,9,34,2,34,20,31,3,3,12,1,1,8,4,-4,-0.5,0,0,0,0,0,0,,,,,0,3,1,0.2748684800283631,0.086364224316676,3,1,0,0,86.0,17498.56631177375,33409.99931035353,4640.676005210701,12857.890306563047,784568.9290548891,688848.5670949019,medium_value,0,11,6,0,activity_drop,no_recent_complaints,medium_digital_engagement
1289,M,Astana,large_city,medium,employee,low,49,49,mass,0,537154.2616269069,2025-07-01,2010,50,2,1,2,1,0,0,0,1,0,167,469.0,5,8,12,24,93807.14408049115,207569.09869637733,286655.0032662951,632685.157291198,18761.428816098232,23887.91693885793,42928.48993175091,0.9794549806762298,0,5,12,23,1,3,2,2,0.3490645235351051,0.4413242759573568,0.209611200507538,9,5,-4,-0.4444444444444444,219720.2548928388,93807.14408049115,-125913.11081234756,-0.5730610082978354,2,4,5,7,15,1,5,27,46,1,1,6,1,0,3,2,-1,-0.3333333333333333,0,0,0,0,0,0,,,,,0,3,0,0.3086487684117902,0.0159601729286787,2,0,1,1,40.0,11348.400986927143,24333.12350085331,2900.53849930849,8447.862487618653,696246.8125260532,770728.152730035,medium_value,0,1,2,0,moderate_activity,no_recent_complaints,low_digital_engagement
663,M,Almaty,medium_city,low,unemployed,high,49,61,mass,0,156772.7464252187,2025-07-01,2010,62,0,3,0,1,0,0,0,1,0,45,375.0,3,6,10,18,26477.74137187612,41849.60488437912,81800.31301951056,222024.67328624325,8825.913790625373,8180.031301951056,30303.346926826896,0.9385566808673677,0,3,10,22,2,5,2,2,0.6434278938109413,0.2037031447812226,0.1528689614078359,8,3,-5,-0.625,67059.16443456424,26477.74137187612,-40581.423062688125,-0.6051584955593524,3,8,13,18,30,5,30,28,65,3,1,5,1,1,12,3,-9,-0.75,0,1,1,0,1,0,2.7747428337600657,1.0,88.0,46.0,0,0,0,,,0,0,0,0,,1302.5785064310726,3009.6134655195915,1803.692160987752,-501.1136545566792,332406.41837972705,287487.6737010016,low_value,0,5,7,0,activity_drop,complaint_risk,medium_digital_engagement
508,F,Almaty,large_city,high,employee,medium,33,41,affluent,1,648914.0656545828,2025-07-01,1530,42,2,0,2,1,1,1,0,1,1,57,,4,8,13,36,45152.1100777887,107054.10327715833,150317.6358626672,449202.4974629138,11288.027519447174,11562.895066359017,46332.13841726902,0.9716060606701772,1,4,13,13,2,6,3,2,0.5589704072338116,0.4155784174713716,0.0254511752948165,8,4,-4,-0.5,149517.58688272577,45152.1100777887,-104365.47680493706,-0.6980147217517375,3,9,12,6,21,4,21,70,33,2,1,6,1,0,12,3,-9,-0.75,1,1,0,0,0,0,3.683822139931608,3.0,79.0,,0,1,1,0.0,0.0,0,0,1,0,20.0,14325.304006612409,29898.4176507761,3660.714019562187,10664.589987050222,961211.2428764452,1069609.4552274316,medium_value,0,5,9,0,activity_drop,no_recent_complaints,medium_digital_engagement
319,M,Shymkent,large_city,premium,unemployed,medium,30,50,premium,0,1352087.7038520952,2025-07-01,1440,51,1,0,1,1,1,1,0,1,0,589,,4,6,9,16,218980.31584013245,288841.44409477187,458528.18414403166,949665.8652964724,54745.07896003311,50947.57601600352,131888.69715057084,0.9665937497510024,0,4,9,5,1,4,2,1,0.8906797257098775,0.0930151857037439,0.0163050885863784,8,4,-4,-0.5,477853.12165341625,218980.31584013245,-258872.8058132838,-0.5417413721554435,3,7,11,8,28,7,28,8,20,4,3,8,1,1,6,3,-3,-0.5,0,0,0,0,0,0,,,,,0,1,0,0.3559805346448008,0.1019940566900633,1,0,1,0,72.0,25884.50021009497,60854.73667570869,4405.715193289927,21478.785016805043,4510267.010275018,5135377.581616189,high_value,0,5,4,0,moderate_activity,no_recent_complaints,medium_digital_engagement
2019,F,Atyrau,large_city,medium,self_employed,low,71,44,mass,0,412920.7074952388,2025-07-01,2670,45,3,1,1,1,0,0,1,0,0,762,722.0,5,9,14,28,83516.50960579985,146691.99653779264,253630.5543131765,464267.91521367367,16703.301921159968,18116.46816522689,25523.341454795453,0.9536842440389964,1,5,14,37,2,4,2,3,0.885672644849489,0.0592642284689579,0.055063126681553,9,5,-4,-0.4444444444444444,132584.51859200755,83516.50960579985,-49068.0089862077,-0.3700885254725782,0,1,2,3,6,4,6,14,41,1,0,1,0,0,3,0,-3,-1.0,0,0,0,0,0,0,,,,,0,3,1,0.1545569606150204,0.0318076649476519,1,1,0,0,65.0,8730.571077811745,19075.47317274241,4054.332860618976,4676.238217192769,1301518.226036765,1400694.0346076728,low_value,0,7,2,0,activity_drop,no_recent_complaints,low_digital_engagement
219,F,Almaty,large_city,high,employee,medium,79,19,affluent,0,1050920.147270744,2025-07-01,2910,20,3,2,3,1,0,0,1,1,1,42,24.0,5,12,20,32,212059.2174432813,692670.9062394586,877632.6242316962,1370282.4412272903,42411.84348865625,43881.63121158481,78459.70458516419,0.9851788277314248,0,5,20,17,2,9,4,2,0.8470402632937117,0.1301267021271179,0.0228330345791703,12,5,-7,-0.5833333333333334,499598.8276977538,212059.2174432813,-287539.6102544725,-0.5755410027271474,2,2,3,2,10,4,10,51,57,0,1,3,0,0,8,2,-6,-0.75,0,0,0,0,0,0,,,,,0,0,0,,,0,0,0,0,,20565.761288396232,36698.674416854046,4318.60174505818,16247.159543338052,1212971.3377455922,1220816.649422137,high_value,1,0,0,0,activity_drop,no_recent_complaints,medium_digital_engagement
2096,M,North_KZ,large_city,medium,employee,medium,39,74,mass,0,298338.14520662744,2025-07-01,1710,75,6,1,3,1,1,0,1,1,0,583,774.0,10,16,25,47,64340.29617463958,116971.86570864936,155462.95807573828,281586.8009054813,6434.029617463958,6218.518323029532,20723.327005460047,0.912019702654526,0,10,25,2,5,12,4,3,0.5344681885601762,0.4431813294044097,0.022350482035414,11,10,-1,-0.0909090909090909,77771.31645947481,64340.29617463958,-13431.020284835227,-0.1726988933231429,4,8,9,9,24,3,24,51,42,3,2,8,0,1,6,4,-2,-0.3333333333333333,0,0,0,0,0,0,,,,,1,2,0,0.126614845531068,0.0085577398491511,0,1,1,0,53.0,12808.10350154366,28958.4133364572,5195.712313695774,7612.391187847885,67965.3418149793,67617.83758854911,medium_value,0,4,4,0,transaction_active,no_recent_complaints,medium_digital_engagement
49,F,Astana,large_city,low,unemployed,low,75,37,mass,0,120524.18382246804,2025-07-01,2790,38,2,0,2,0,0,0,0,0,1,281,,2,8,10,19,10841.391095826137,44175.53822919157,43220.45458559096,62222.95447706842,5420.695547913068,4322.045458559096,9459.185066463348,0.9444920571966672,1,2,10,41,1,2,2,1,0.4908007542691085,0.3211239615431839,0.1880752841877075,3,2,-1,-0.3333333333333333,10019.67815770268,10841.391095826137,821.7129381234554,0.0820099134114162,3,4,5,8,11,4,2,57,62,1,1,2,0,1,6,3,-3,-0.5,0,0,0,0,0,0,,,,,1,1,0,0.3002085836547701,0.0384377440777396,0,1,0,0,55.0,5500.947800532881,12851.078301908914,3187.4926935650874,2313.4551069677937,190935.9966599944,212022.68332042816,low_value,0,4,1,0,moderate_activity,no_recent_complaints,low_digital_engagement
669,M,Almaty,medium_city,low,employee,medium,19,54,mass,1,168830.48312857313,2025-07-01,1110,55,1,0,1,1,0,0,1,1,1,567,,7,10,21,38,65021.9455695107,97037.33900761398,224661.28203578884,395849.4753153215,9288.849367072957,10698.156287418517,32466.5536304876,0.9533779668234788,0,5,5,16,2,9,2,4,0.7552276822914157,0.0237937732860658,0.2209785444225184,10,7,-3,-0.3,94640.4894059598,65021.9455695107,-29618.5438364491,-0.3129584813261112,1,4,7,12,19,1,19,69,50,3,3,7,0,0,2,1,-1,-0.5,0,0,0,0,0,0,,,,,0,0,0,,,0,0,0,0,,4744.669680473968,9096.72491530288,2270.9362481863827,2473.733432287585,356221.1560102456,310873.57770517,low_value,1,0,0,0,transaction_active,no_recent_complaints,medium_digital_engagement
2138,F,Aktobe,large_city,high,entrepreneur,medium,36,42,affluent,0,780263.1747363383,2025-07-01,1620,43,3,0,3,0,1,0,0,1,1,437,,5,19,27,43,146383.267531931,543105.8019670801,847480.1119242306,1337398.4557330706,29276.6535063862,31388.15229349002,133237.52953486884,0.9815639432365596,0,5,27,69,2,11,6,2,0.603684479519944,0.3334725061176744,0.0628430143623816,8,5,-3,-0.375,238494.5147312332,146383.267531931,-92111.24719930222,-0.3862195627564231,5,7,11,12,23,5,23,13,10,3,1,5,1,0,7,5,-2,-0.2857142857142857,0,0,0,0,0,0,,,,,0,1,0,0.1474412130067378,0.072883265439253,1,0,0,1,20.0,19021.174801797813,36720.68594355307,3381.1948479890243,15639.97995380879,2057898.389951476,1788209.5480428766,high_value,0,16,4,0,transaction_active,no_recent_complaints,medium_digital_engagement
2311,F,Shymkent,large_city,medium,retired,high,22,35,pensioner,0,389420.298814792,2025-07-01,1200,36,3,0,1,1,0,0,0,1,0,730,,9,15,19,39,92460.71007406844,130311.75361068091,171615.79096719684,345441.2987331249,10273.41223045205,9032.410050905097,17714.337099812394,0.9808802239183934,1,3,19,51,3,7,2,1,0.6412884712979571,0.2249621818041626,0.1337493468978802,14,9,-5,-0.3571428571428571,147672.48069348637,92460.71007406844,-55211.77061941792,-0.3738798885217971,3,12,17,16,37,8,4,53,37,3,3,13,2,2,4,3,-1,-0.25,0,1,0,0,0,0,4.558343133750715,3.0,88.0,,0,1,0,0.0641586393606394,0.0190531271701863,1,1,1,0,67.0,12870.523753949748,23601.18475450624,3940.567710782608,8929.95604316714,657009.096454192,753343.7588722914,medium_value,0,10,9,0,digital_active,no_recent_complaints,digital_power_user
1937,M,East_KZ,rural,low,retired,low,32,30,pensioner,0,138142.87299492772,2025-07-01,1500,31,1,0,1,1,0,0,0,0,0,351,,7,10,12,19,30804.1069737629,32917.7905746557,35366.62626107985,69447.93051412769,4400.586710537557,2947.218855089988,4305.351154568504,0.9572735776792438,0,2,12,59,2,4,3,2,0.8093145776070135,0.110974616772978,0.0797108056200083,10,7,-3,-0.3,57967.57873843481,30804.1069737629,-27163.471764671907,-0.4685976602065914,1,3,3,5,17,2,17,55,28,1,2,1,0,1,2,1,-1,-0.5,0,0,0,0,0,0,,,,,0,1,0,0.1649457489719504,0.0589257569678841,0,0,0,0,82.0,3708.031753335153,7719.497858528632,2246.4752374501822,1461.5565158849708,200631.67467710248,223744.96981404372,low_value,0,9,2,0,moderate_activity,no_recent_complaints,low_digital_engagement
867,F,Aktobe,small_city,low,employee,medium,65,56,mass,1,166994.81124456407,2025-07-01,2490,57,1,1,1,1,0,0,0,1,1,694,230.0,5,13,19,36,16461.309431147303,50953.88762379547,63247.56017021287,159210.92326279028,3292.2618862294607,3328.818956326993,9035.24368089562,0.9719711805370168,1,5,19,37,2,4,2,2,0.2019611952445048,0.6837034012276743,0.1143354035278208,6,5,-1,-0.1666666666666666,19873.363193257945,16461.309431147303,-3412.0537621106414,-0.1716898005098696,5,11,14,9,28,2,28,11,53,4,4,4,0,2,5,5,0,0.0,0,0,0,0,0,0,,,,,0,1,0,0.2587362616269573,0.0505399754191705,0,1,0,1,53.0,1997.4837875797864,3924.389881212033,3366.674623176167,-1369.1908355963806,147371.7719203744,135717.37091671716,low_value,0,7,8,0,transaction_active,no_recent_complaints,medium_digital_engagement
2257,F,Astana,medium_city,medium,entrepreneur,medium,65,39,sme_owner,0,353691.0152182327,2025-07-01,2490,40,6,0,4,1,1,0,0,1,0,273,,16,26,34,68,174306.02857938994,280336.5816766523,298615.8598365235,828500.4208203175,10894.126786211871,8782.819406956572,20903.15992095753,0.997719850425901,0,1,27,53,3,12,7,5,0.7121308175102165,0.2072480923611346,0.0806210901286489,19,16,-3,-0.1578947368421052,168908.72568547612,174306.02857938994,5397.302893913817,0.0319539613599601,2,8,9,7,24,8,24,75,37,4,3,8,0,1,4,2,-2,-0.5,0,0,0,0,0,0,,,,,3,4,1,0.3387839225988648,0.0564736039619349,1,1,0,0,88.0,19180.47981796271,43804.89571695309,4707.181188142161,14473.29862982055,860587.7671035989,809660.5022701488,medium_value,0,15,6,0,transaction_active,no_recent_complaints,medium_digital_engagement
169,M,Karaganda,large_city,medium,retired,medium,59,48,pensioner,0,411783.1472947229,2025-07-01,2310,49,1,1,1,1,0,0,1,1,0,30,527.0,2,5,10,23,33162.51160160848,76687.28327880496,102442.70684822823,275277.9720888499,16581.25580080424,10244.270684822824,32401.25650992269,1.0,0,2,10,53,1,5,1,2,0.6585645236515055,0.1583174269895554,0.183118049358939,4,2,-2,-0.5,56777.21869131838,33162.51160160848,-23614.707089709904,-0.4159187017965138,2,4,6,6,15,6,15,4,61,1,1,3,0,0,8,2,-6,-0.75,0,0,0,0,0,0,,,,,0,1,0,0.3468370503500604,0.1702485924862573,0,1,0,0,6.0,8802.691609318976,19447.4357356284,2442.2881776068857,6360.4034317120895,1161810.209090595,1090616.8311114574,medium_value,0,2,4,0,activity_drop,no_recent_complaints,medium_digital_engagement
1259,F,South_KZ,medium_city,medium,employee,low,50,29,mass,1,268011.4894821782,2025-07-01,2040,30,2,0,2,1,0,0,0,0,1,297,,5,16,21,46,39863.13747011003,118898.72939511598,202507.47777100213,319065.9051540885,7972.627494022005,9643.213227190578,26947.87183965721,0.9646168666649908,1,5,4,57,2,7,2,3,0.6439450447397721,0.2702179053216353,0.0858370499385924,6,5,-1,-0.1666666666666666,44388.38428648995,39863.13747011003,-4525.24681637992,-0.101946644130438,2,3,3,7,7,4,7,37,56,0,0,2,0,0,3,2,-1,-0.3333333333333333,0,0,0,0,0,0,,,,,1,3,1,0.3442287508610751,0.160525169251663,2,1,2,1,46.0,9901.346450884395,21657.09762683768,4340.337231335577,5561.0092195488205,523571.1290281252,522689.5543073967,medium_value,0,10,1,0,transaction_active,no_recent_complaints,low_digital_engagement
510,M,Atyrau,medium_city,medium,entrepreneur,medium,28,42,sme_owner,0,349285.4338628823,2025-07-01,1380,43,4,1,4,1,0,0,0,1,0,654,789.0,11,17,23,41,113054.14961765638,186143.98487508213,238318.8006569054,295546.97842933005,10277.64996524149,10361.686985082844,30906.595662127944,0.9101495268184436,1,11,23,70,3,8,4,2,0.5652405768353775,0.3302302628805429,0.1045291602840794,14,11,-3,-0.2142857142857142,144780.13681295846,113054.14961765638,-31725.98719530208,-0.2191321813453519,2,6,10,6,31,5,6,20,41,3,4,12,1,1,5,2,-3,-0.6,0,0,0,0,0,0,,,,,0,1,0,0.0300956604089258,0.0064861203964494,0,0,0,0,52.0,11692.04368745955,20861.37292531856,4020.0803861631175,7671.963301296433,930055.4674954794,978207.9429733212,medium_value,0,11,2,0,activity_drop,no_recent_complaints,medium_digital_engagement
368,F,Karaganda,small_city,low,employee,medium,57,39,mass,1,119100.44738999072,2025-07-01,2250,40,3,0,1,1,0,0,0,1,1,880,,8,16,28,57,34609.369653357586,50839.41805544534,138845.93048525765,222849.73128365623,4326.171206669698,4958.783231616345,7569.7569904585425,0.947266485346886,2,8,28,28,4,11,4,3,0.7149070636117434,0.0663229046649872,0.2187700317232692,10,8,-2,-0.2,33539.54033619798,34609.369653357586,1069.8293171596088,0.0318975545411688,1,3,4,8,20,5,20,39,70,2,1,7,0,0,4,1,-3,-0.75,0,0,0,0,0,0,,,,,1,2,0,0.0466379960541059,0.0149530862810354,2,0,0,0,34.0,6870.817897527345,13636.63265752154,3728.107362516642,3142.710535010703,183686.3738109506,183285.79626522464,low_value,0,12,1,0,activity_drop,no_recent_complaints,medium_digital_engagement
1628,M,Shymkent,medium_city,medium,unemployed,medium,82,36,mass,0,330273.15195860475,2025-07-01,3000,37,3,1,3,1,0,0,0,1,1,69,22.0,6,11,18,39,66300.60016766118,123827.49332839416,219555.4383533633,357465.4448232989,11050.10002794353,12197.524352964629,22783.24932385712,0.9040821179729452,1,5,8,16,2,4,2,3,0.4506040279327207,0.5431911239367611,0.006204848130518,9,6,-3,-0.3333333333333333,87089.57977064024,66300.60016766118,-20788.97960297906,-0.2387080022400965,4,5,9,11,27,5,27,58,3,3,4,4,1,0,5,4,-1,-0.2,0,0,0,0,0,0,,,,,0,0,0,,,0,0,0,0,,9098.382770943905,17192.80297760723,4424.007177658589,4674.375593285314,1045601.1930703558,943287.8665453044,low_value,0,3,2,0,transaction_active,no_recent_complaints,medium_digital_engagement
1421,F,Almaty,large_city,medium,entrepreneur,high,57,26,sme_owner,0,360592.068946488,2025-07-01,2250,27,3,1,3,1,0,0,0,1,0,811,702.0,6,11,20,37,98741.3291675088,127777.32024132666,329282.463242643,628448.8760185883,16456.8881945848,16464.12316213215,49820.29708623475,0.9882210340833166,0,6,20,58,3,8,4,3,0.302781858183551,0.5259091640104944,0.1713089778059546,9,6,-3,-0.3333333333333333,142072.48664527352,98741.3291675088,-43331.15747776472,-0.3049933065925278,4,7,15,19,37,7,37,6,5,3,1,12,1,2,9,4,-5,-0.5555555555555556,0,0,0,0,0,0,,,,,1,2,2,0.2222024668650438,0.0142071339502511,1,1,1,0,57.0,8745.860107027205,19410.677638466663,3005.5642726443043,5740.295834382901,1255700.9574409795,1250269.6113593965,medium_value,0,7,4,0,activity_drop,no_recent_complaints,digital_power_user
1881,F,Shymkent,large_city,medium,self_employed,medium,65,56,mass,0,301334.37401896063,2025-07-01,2490,57,0,4,0,1,0,0,0,1,0,406,526.0,2,3,4,18,12962.906581731677,23271.25176445327,29192.515205600947,113372.46158785434,6481.4532908658375,7298.128801400237,28214.49632227145,0.9186059696072212,0,2,4,51,1,1,0,1,0.5958082217368922,0.3347851823812969,0.0694065958818109,3,2,-1,-0.3333333333333333,21351.2798655642,12962.906581731677,-8388.373283832521,-0.3928744944869309,5,9,9,11,29,2,3,66,77,4,5,11,1,1,7,5,-2,-0.2857142857142857,0,0,0,0,0,0,,,,,0,2,0,0.1656836580289502,0.041487362682474,2,1,0,0,28.0,6095.085932928603,14143.120076812627,3007.177526882784,3087.9084060458194,468092.3005050884,535820.0710133335,low_value,0,4,6,0,moderate_activity,no_recent_complaints,medium_digital_engagement
1991,M,Shymkent,large_city,medium,retired,high,79,46,pensioner,0,308335.34065219254,2025-07-01,2910,47,2,1,2,1,0,0,0,1,0,367,632.0,5,9,14,27,66274.93203745598,143848.28293696386,172673.97713549566,420231.202936755,13254.986407491197,12333.855509678262,32448.57180481823,0.9683496916657174,1,5,14,14,1,7,3,2,0.7662324150365707,0.0562185527192516,0.1775490322441775,8,5,-3,-0.375,135477.0565163835,66274.93203745598,-69202.12447892754,-0.5108032773841583,4,8,14,14,37,1,37,49,67,4,3,5,2,1,9,4,-5,-0.5555555555555556,0,0,0,0,0,0,,,,,0,0,0,,,0,0,0,0,,6466.239251626645,12081.2073775772,4048.1291393958495,2418.110112230795,667934.2535205972,759565.6340016511,low_value,0,3,7,0,activity_drop,no_recent_complaints,medium_digital_engagement
1058,M,South_KZ,medium_city,medium,employee,high,51,20,mass,1,237840.17711516708,2025-07-01,2070,21,0,0,0,1,0,0,0,1,1,53,,4,10,16,35,30170.295804692483,98450.07891709363,153839.39804857096,258445.1834754629,7542.573951173121,9614.962378035683,29663.700383226955,0.9358358366502864,0,4,16,20,1,6,3,1,0.8869888161263259,0.1021313508303879,0.0108798330432862,4,4,0,0.0,27293.74743372301,30170.295804692483,2876.548370969471,0.1053922103571358,6,15,27,15,49,1,33,67,53,7,5,17,2,2,7,6,-1,-0.1428571428571428,0,0,0,0,0,0,,,,,0,1,0,0.2969118955456665,0.1176590029342656,1,1,1,0,65.0,1774.938455384497,3683.787456643677,2938.7418905496497,-1163.803435165153,382056.5244039314,364328.88857883366,low_value,0,4,9,0,digital_active,no_recent_complaints,digital_power_user
839,M,Astana,medium_city,medium,employee,high,26,39,mass,1,379911.54762423504,2025-07-01,1320,40,2,1,2,1,0,0,0,1,1,771,95.0,8,17,23,42,71401.15718141766,154335.7627682404,342564.9723566977,532609.3182751414,8925.144647677207,14894.1292328999,63715.64014009899,1.0,0,8,23,57,2,6,5,2,0.6240916121251715,0.2082001204082036,0.1677082674666249,11,8,-3,-0.2727272727272727,96162.97301489676,71401.15718141766,-24761.815833479093,-0.2574984430820707,7,16,18,16,46,2,40,45,64,7,7,19,1,1,8,7,-1,-0.125,1,1,1,0,0,0,5.0,4.0,37.0,32.0,1,2,0,0.1632941941309726,0.0321699968560093,0,1,0,1,17.0,8216.506573582345,16796.343993032922,3601.371140227405,4615.13543335494,433962.69414029375,372324.7063164943,low_value,0,8,11,0,digital_active,complaint_risk,digital_power_user
1848,F,South_KZ,large_city,high,employee,high,58,46,affluent,1,693622.1015536094,2025-07-01,2280,47,2,0,1,0,0,1,0,1,1,681,,2,9,21,40,58239.65543113295,265491.60145894013,565858.6557504997,1134384.4691850878,29119.82771556648,26945.65027383332,92384.63961156264,0.9407426114752342,1,2,21,54,2,4,5,2,0.5972219132973671,0.3194131739334153,0.0833649127692176,6,2,-4,-0.6666666666666666,202778.40371142136,58239.65543113295,-144538.74828028842,-0.7127916268932901,3,7,13,9,24,7,24,3,65,1,3,9,1,1,9,3,-6,-0.6666666666666666,0,0,0,0,0,0,,,,,0,1,0,0.5299524986992388,0.0656420023489816,1,0,0,0,59.0,14858.811747328444,28443.71923964334,3333.36969714841,11525.442050180034,1110516.3573613586,1231025.863761075,medium_value,0,2,5,0,activity_drop,no_recent_complaints,medium_digital_engagement
600,F,Almaty,medium_city,high,retired,medium,82,24,affluent,0,806475.9524271833,2025-07-01,3000,25,4,1,1,1,0,0,0,1,0,387,863.0,8,13,24,55,135172.48795442734,195769.9497294477,403100.4813663019,1164573.0337728595,16896.560994303418,16795.85339026258,44348.28691504257,0.9967525022730136,0,7,24,17,3,9,2,4,0.7189558388192002,0.1589450503787896,0.1220991108020102,11,8,-3,-0.2727272727272727,187685.7144310317,135172.48795442734,-52513.22647660441,-0.2797934122785955,2,5,6,7,16,1,16,13,78,1,2,3,0,1,2,2,0,0.0,0,0,0,0,0,0,,,,,1,2,1,0.3604930147189363,0.0314472001105263,1,0,0,0,14.0,18263.39925274063,33890.73969881172,5252.988612631,13010.410640109629,2928503.841220505,2593795.505424519,medium_value,0,11,4,0,transaction_active,no_recent_complaints,medium_digital_engagement
1921,F,Astana,small_city,low,entrepreneur,high,26,37,sme_owner,0,120351.47734187637,2025-07-01,1320,38,3,0,1,1,0,0,0,1,0,220,,9,14,22,49,36450.55443708273,50999.42700434519,89267.38845284721,208803.0593578112,4050.061604120303,4057.6085660385097,4877.51511415453,0.9169294308581604,1,9,22,64,3,10,2,3,0.8559691768743101,0.0683666838581153,0.0756641392675745,10,9,-1,-0.1,46293.35431640085,36450.55443708273,-9842.799879318118,-0.212617988578784,5,11,14,19,37,1,37,55,16,5,2,5,1,1,5,5,0,0.0,0,0,0,0,0,0,,,,,2,3,0,0.339055703668346,0.1415413926720111,2,0,1,0,40.0,6101.939221927313,12391.945938775752,4383.135948656727,1718.803273270586,128418.87320665237,113161.00467530017,low_value,0,8,10,0,transaction_active,no_recent_complaints,medium_digital_engagement
1312,F,Almaty,small_city,premium,self_employed,high,58,27,premium,0,1653209.184610446,2025-07-01,2280,28,3,0,3,1,0,1,1,1,0,185,,8,12,20,33,1070459.569549601,1638825.9034836425,1937110.1411763309,3262393.350609022,133807.44619370013,96855.50705881654,416089.8429541366,0.9998487293045576,0,8,20,11,4,4,2,2,0.5348203753659997,0.4418611997219361,0.0233184249120641,11,8,-3,-0.2727272727272727,1276405.9800730173,1070459.569549601,-205946.41052341624,-0.1613486725529404,6,8,12,15,31,4,31,35,41,2,2,5,1,2,7,6,-1,-0.1428571428571428,0,0,0,0,0,0,,,,,1,3,0,0.1513219282690588,0.0112822374388985,0,3,1,0,79.0,31829.82285884397,64671.42769941862,3758.614778332952,28071.208080511024,4452073.732450423,4579588.9198645465,high_value,0,8,5,0,transaction_active,no_recent_complaints,medium_digital_engagement
1337,M,Aktobe,medium_city,medium,employee,high,37,60,mass,0,291143.28505737154,2025-07-01,1650,61,2,0,2,1,0,0,0,1,1,428,,2,9,16,31,27300.37772344779,126392.77659157716,227152.18725889327,413040.1038907649,13650.188861723896,14197.01170368083,57098.19344319134,0.9360902755787344,0,2,16,71,1,5,2,2,0.5327874668766397,0.4522998342833044,0.014912698840056,4,2,-2,-0.5,65089.69585826992,27300.37772344779,-37789.31813482213,-0.5805729714440022,6,10,14,14,40,2,40,17,43,5,6,6,2,1,7,6,-1,-0.1428571428571428,0,0,0,0,0,0,,,,,0,2,0,0.0740041831542747,0.0341370959913388,1,0,1,1,3.0,8292.503755731155,14661.440001108558,3378.932948836934,4913.570806894221,260391.79959292404,242195.92276298848,low_value,0,7,9,0,transaction_active,no_recent_complaints,medium_digital_engagement
1134,F,Astana,large_city,medium,unemployed,low,65,49,mass,0,299139.3144326869,2025-07-01,2490,50,3,3,3,1,1,0,0,1,0,463,486.0,8,12,19,39,141795.21664601573,228104.21328509663,281868.701542073,750280.5288698846,17724.402080751966,14835.194818003842,51160.943859261366,1.0,0,8,16,7,3,8,3,3,0.4632352487190805,0.4992791782179689,0.0374855730629506,13,8,-5,-0.3846153846153846,201038.73024051444,141795.21664601573,-59243.51359449871,-0.2946870661370683,3,6,7,6,23,2,7,45,79,1,2,7,1,1,6,3,-3,-0.5,0,0,0,0,0,0,,,,,0,3,0,0.2832910138682137,0.1303245713627607,3,1,0,0,22.0,8634.802770774244,18928.18348207216,4468.4398655145405,4166.362905259703,575625.2950389256,618507.1496344054,low_value,0,7,1,0,transaction_active,no_recent_complaints,low_digital_engagement
820,M,Astana,large_city,medium,employee,low,27,59,mass,0,333390.6184288646,2025-07-01,1350,60,1,2,1,1,0,0,1,0,0,278,340.0,2,6,12,17,23328.487064094985,56425.31721322429,93857.91803739846,148812.57585891662,11664.243532047492,7821.493169783204,11429.315260152462,0.9797542993413374,0,2,12,15,2,2,2,1,0.2389771725066636,0.7411509323552765,0.0198718951380598,11,2,-9,-0.8181818181818182,91988.67367216498,23328.487064094985,-68660.18660807,-0.7463982669514889,0,1,1,0,3,3,3,29,12,0,0,1,0,0,9,0,-9,-1.0,0,1,0,0,0,0,3.2111076987771456,3.0,32.0,,0,2,0,0.3011263691400627,0.0398060605101208,0,1,1,0,60.0,4694.351237586504,9318.75361295094,3602.531934128688,1091.8193034578155,266252.7993799138,261554.30827489932,low_value,0,7,2,0,activity_drop,no_recent_complaints,low_digital_engagement
2174,M,Astana,medium_city,medium,self_employed,medium,38,25,mass,0,381295.3295497526,2025-07-01,1680,26,3,2,3,1,0,0,0,1,0,475,821.0,9,16,18,41,158036.40536832207,290553.85289779224,312604.3489909007,727493.352188362,17559.60059648023,17366.90827727226,38912.078873880295,0.910175682937434,5,9,18,18,2,6,4,2,0.7153814432021682,0.2519125462421278,0.0327060105557039,12,9,-3,-0.25,187602.2441618633,158036.40536832207,-29565.83879354119,-0.1575985347383786,6,10,15,13,35,5,19,77,42,2,3,14,1,1,7,6,-1,-0.1428571428571428,0,0,0,0,0,0,,,,,1,3,2,0.1129082101740396,0.0105496207102674,1,2,1,0,47.0,14036.082172932896,32706.24138581712,3708.4512611212176,10327.63091181168,1023725.6056955308,1159327.9991132654,medium_value,0,12,9,0,digital_active,no_recent_complaints,medium_digital_engagement
528,F,South_KZ,large_city,medium,self_employed,medium,35,43,mass,0,345670.56704115454,2025-07-01,1590,44,4,1,2,1,1,0,1,1,0,736,268.0,6,11,23,44,132340.8518677943,304905.7629072597,454407.79830228206,1244339.9047111108,22056.808644632383,19756.860795751392,73338.19429990508,0.9755881699640694,0,6,23,63,2,9,5,4,0.5891335475405697,0.3357521372928799,0.0751143151665504,12,6,-6,-0.5,316642.6112156557,132340.8518677943,-184301.75934786143,-0.5820497710029907,2,5,8,6,21,4,21,78,45,2,3,8,1,1,6,2,-4,-0.6666666666666666,0,0,0,0,0,0,,,,,0,3,1,0.5347223212346159,0.0993454955898356,0,1,1,0,60.0,13970.946921639614,25810.10573770219,4829.592112890076,9141.354808749536,1195398.1946194293,1363341.088423962,medium_value,0,4,4,0,activity_drop,no_recent_complaints,medium_digital_engagement
2055,M,Astana,large_city,low,retired,medium,34,35,pensioner,0,177097.85565578466,2025-07-01,1560,36,3,0,3,1,0,0,0,1,0,871,,6,9,14,36,28973.506290059464,53462.373753303575,53356.877602976696,210436.4740476596,4828.91771500991,3811.205543069764,8484.469627930792,0.9221700092631444,2,6,14,5,1,4,2,1,0.5314613515112926,0.4151441635573074,0.0533944849314,6,6,0,0.0,31235.017660872545,28973.506290059464,-2261.511370813081,-0.072403076424254,4,6,12,12,33,3,33,79,66,5,3,4,1,1,4,4,0,0.0,0,0,0,0,0,0,,,,,0,3,1,0.3862820320942111,0.0415921429087471,0,2,2,0,42.0,7801.093202283349,15431.22790858032,4796.422512816859,3004.6706894664894,153089.7972531276,143501.6350585315,low_value,0,5,1,0,moderate_activity,no_recent_complaints,medium_digital_engagement
1367,M,Karaganda,medium_city,low,employee,medium,18,35,mass,0,141715.4644743408,2025-07-01,1080,36,1,1,1,1,0,0,0,1,0,885,385.0,3,9,12,21,9814.293144115383,29855.27075826397,45505.49249353107,81649.98881945945,3271.431048038461,3792.1243744609214,5912.327889339694,0.9567636273297268,1,3,12,40,1,4,1,1,0.5734465314086982,0.2839720880678415,0.1425813805234602,5,3,-2,-0.4,14390.025514101844,9814.293144115383,-4575.732369986459,-0.3179794480212952,2,3,11,11,23,8,23,33,17,1,2,5,1,1,4,2,-2,-0.5,0,0,0,0,0,0,,,,,1,1,0,0.3141052871037778,0.0985958537367465,1,0,0,0,11.0,3978.226497472872,8120.782228619385,2837.265529594429,1140.9609678784432,258976.56506420305,262413.72480776603,low_value,0,7,0,0,moderate_activity,no_recent_complaints,medium_digital_engagement
618,M,Aktobe,small_city,medium,self_employed,high,60,51,mass,0,363639.5312133668,2025-07-01,2340,52,0,2,0,1,1,0,0,1,0,528,719.0,0,3,5,13,0.0,54850.01210789074,85683.84566631488,203493.1416575001,0.0,17136.769133262977,59561.37776837036,0.9525888722295244,0,0,3,1,0,1,1,0,0.4857035479649111,0.3400009401176596,0.1742955119174292,2,0,-2,-1.0,36689.25166428999,0.0,-36689.25166428999,-1.0,4,9,13,16,41,3,41,61,19,4,6,12,2,2,4,4,0,0.0,0,0,0,0,0,0,,,,,2,2,1,0.3636484514223776,0.0617782847414594,1,0,0,0,12.0,5264.415993458893,11119.490404918371,2740.5086239709835,2523.90736948791,467880.94625830266,493971.9424552557,low_value,0,1,7,0,activity_drop,no_recent_complaints,medium_digital_engagement
439,F,Almaty,rural,low,retired,high,59,27,pensioner,0,160295.52080671184,2025-07-01,2310,28,0,0,0,1,0,0,0,1,0,493,,0,3,5,19,0.0,23322.26667421925,38202.25512600839,131628.71813632562,0.0,7640.451025201677,12124.618671459024,1.0,0,0,5,3,1,1,1,1,0.8130263513849685,0.1485365015193613,0.0384371470956702,1,0,-1,-1.0,8080.441272161131,0.0,-8080.441272161131,-1.0,6,10,17,16,36,7,36,66,2,5,5,13,1,2,6,6,0,0.0,0,0,0,0,0,0,,,,,2,3,1,0.3154613108733639,0.1251690915378621,2,1,1,1,66.0,2012.5193675347405,4243.475406523029,2906.1508117795934,-893.6314442448529,173271.05535014745,152263.02894033666,low_value,0,1,4,0,activity_drop,no_recent_complaints,digital_power_user
1969,M,North_KZ,medium_city,medium,employee,medium,63,34,mass,1,210148.38482907845,2025-07-01,2430,35,4,0,4,1,0,0,0,1,1,479,,6,20,31,62,21259.76024885828,80689.86529009907,144219.3725513377,241153.6605184979,3543.293374809713,4652.2378242367,15654.09973136229,0.9095886965430984,2,6,31,64,3,13,3,5,0.7042879844293624,0.1467809907825809,0.1489310247880567,8,6,-2,-0.25,28715.597548155623,21259.76024885828,-7455.837299297342,-0.2596441633085996,3,7,12,7,27,1,27,15,51,2,2,3,1,1,4,3,-1,-0.25,1,1,0,0,0,1,3.156943264767631,2.0,88.0,,0,2,0,0.4265504541290367,0.0551081648621168,1,0,0,1,79.0,8711.078947799037,19778.834063523624,4236.119462440299,4474.959485358738,376533.3533022536,426382.1396232487,low_value,0,12,2,0,transaction_active,no_recent_complaints,medium_digital_engagement
441,F,North_KZ,large_city,low,employee,medium,55,48,mass,1,187453.64344113803,2025-07-01,2190,49,1,0,1,1,0,0,0,1,1,576,,1,7,10,26,7733.013441866072,48484.10680465535,93202.85155408856,283515.81371339475,7733.013441866072,9320.285155408856,28137.93883787208,0.9431296171368224,0,1,9,44,1,3,2,1,0.762398413044215,0.1924277799882351,0.0451738069675499,12,1,-11,-0.9166666666666666,74995.09207360067,7733.013441866072,-67262.07863173459,-0.8968864064560805,2,6,7,5,13,4,13,3,3,1,1,6,0,0,5,2,-3,-0.6,0,0,0,0,0,0,,,,,0,0,0,,,0,0,0,0,,5660.72594989915,10795.436084726798,3323.428327091709,2337.2976228074403,384543.8140645161,347507.50593211834,low_value,0,2,4,0,activity_drop,no_recent_complaints,medium_digital_engagement
1037,M,Almaty,rural,low,employee,high,44,50,mass,1,157778.57155929276,2025-07-01,1860,51,1,0,1,1,0,0,0,1,1,365,,6,9,13,29,41204.86238491545,57564.54468292696,87696.62476510867,124242.4511050242,6867.477064152575,6745.894212700668,29247.163560525933,0.9676868898201428,0,6,13,64,2,5,2,1,0.8915715574729027,0.1040148955857761,0.0044135469413211,6,6,0,0.0,42608.98129148971,41204.86238491545,-1404.1189065742656,-0.0329535901590472,4,9,14,12,41,4,18,40,21,3,5,15,1,1,8,4,-4,-0.5,0,0,0,0,0,0,,,,,0,0,0,,,0,0,0,0,,5548.32741251217,10857.408965073617,3326.9901706303463,2221.3372418818235,266778.5542584328,251691.95063140505,low_value,0,5,4,0,moderate_activity,no_recent_complaints,medium_digital_engagement
842,F,East_KZ,large_city,medium,self_employed,low,61,33,mass,0,277719.2684879161,2025-07-01,2370,34,1,0,1,1,0,0,0,0,0,194,,6,10,19,24,80157.68200727228,134195.9341336605,296670.576531902,521137.784661368,13359.613667878712,15614.240870100102,34808.54630102429,0.9150144652097656,5,3,19,49,2,5,2,2,0.538031563931098,0.1211241525536108,0.3408442835152911,10,6,-4,-0.4,172938.46589281425,80157.68200727228,-92780.78388554195,-0.5364959345889346,0,2,4,1,9,5,9,57,64,1,0,1,0,0,1,0,-1,-1.0,0,0,0,0,0,0,,,,,0,0,0,,,0,0,0,0,,8946.329892116006,20833.07134099955,2895.194798017842,6051.135094098164,822786.1394995805,874154.3235726702,medium_value,0,4,1,0,activity_drop,no_recent_complaints,low_digital_engagement
1104,F,Almaty,small_city,premium,self_employed,low,42,53,premium,0,1237296.9084998162,2025-07-01,1800,54,1,1,1,1,0,0,1,0,1,309,200.0,3,8,11,18,148745.13376539116,754649.5867278284,697641.8863676738,1205099.3862940455,49581.71125513039,63421.98966978852,198043.17798155936,0.9576059639390704,0,3,11,18,1,3,1,2,0.5331726412240392,0.3766285151143759,0.0901988436615847,6,3,-3,-0.5,446499.9710002885,148745.13376539116,-297754.8372348973,-0.6668641804563632,3,4,6,6,13,5,13,6,59,2,2,1,1,0,6,3,-3,-0.5,0,0,0,0,0,0,,,,,0,0,0,,,0,0,0,0,,23548.01346914429,42843.72930815128,2202.2638924139706,21345.74957673032,1286827.0235981713,1366722.6187679323,high_value,0,5,1,0,moderate_activity,no_recent_complaints,low_digital_engagement
621,F,Almaty,medium_city,medium,employee,low,38,39,mass,0,269628.13303642254,2025-07-01,1680,40,3,0,1,1,0,0,0,0,0,741,,2,8,14,35,25957.100114943456,126834.54448692726,180013.37888329296,441251.954566546,12978.550057471728,12858.098491663784,47124.22450743618,0.9350220264985464,0,2,6,57,2,5,3,2,0.6488942525447341,0.1457798525239042,0.2053258949313615,4,2,-2,-0.5,46553.15941161666,25957.100114943456,-20596.059296673204,-0.4424202257588076,0,1,3,4,11,8,11,21,47,1,2,1,0,0,1,0,-1,-1.0,0,0,0,0,0,0,,,,,0,2,1,0.1958337941342686,0.024320271164105,0,0,0,0,15.0,10925.85274212272,20759.118465088377,4288.649582584143,6637.203159538576,905437.5579966158,972319.466453899,medium_value,0,4,1,0,activity_drop,no_recent_complaints,low_digital_engagement
1431,F,Shymkent,large_city,medium,employee,high,64,22,mass,1,520617.3728402275,2025-07-01,2460,23,0,0,0,1,0,0,0,1,1,130,,1,3,9,28,14028.177141307164,43663.322746540405,81642.41273080849,378630.7089785012,14028.177141307164,9071.379192312052,18110.61958059513,0.9772132480801592,0,1,9,13,1,3,1,1,0.4710819180705313,0.5094882429400478,0.0194298389894209,2,1,-1,-0.5,22551.05160358793,14028.177141307164,-8522.874462280766,-0.3779368967842171,6,11,13,15,30,8,23,40,33,3,2,13,1,1,6,6,0,0.0,0,0,0,0,0,0,,,,,2,3,1,0.3782414369306875,0.1650326731459275,1,1,1,0,20.0,8483.861622498165,15526.077118963623,2104.364520541925,6379.49710195624,3049263.337729172,3136930.6229280583,medium_value,0,0,3,1,moderate_activity,no_recent_complaints,medium_digital_engagement
2145,M,Astana,small_city,high,employee,low,32,31,affluent,1,736415.8555020891,2025-08-01,1530,32,3,0,3,1,0,0,0,0,1,62,,6,12,20,45,169513.14338070227,414533.7426370366,573263.8036120017,1540316.4522689444,28252.19056345038,28663.19018060009,86334.22788233841,0.9469600204225092,1,6,20,52,3,6,2,2,0.6339513006802525,0.2896003937006746,0.0764483056190729,13,6,-7,-0.5384615384615384,297438.19612607267,169513.14338070227,-127925.0527453704,-0.4300895258628716,0,0,0,0,0,1,0,295,275,0,0,0,0,0,5,0,-5,-1.0,0,0,0,0,0,0,,,,,1,1,0,0.33255549498523,0.1083281231930187,1,0,1,0,45.0,17507.940252144457,36900.80269502175,4623.89523971657,12884.045012427889,739252.3647957927,788563.3470707238,medium_value,0,6,0,0,activity_drop,no_recent_complaints,low_digital_engagement
2296,M,Almaty,rural,medium,entrepreneur,medium,31,19,sme_owner,0,197384.01694432303,2025-08-01,1500,20,2,0,2,1,0,0,0,1,0,677,,4,7,11,27,33614.19318656249,66587.57161678949,89381.41459953651,234576.4792808105,8403.548296640622,8125.58314541241,35536.53402128041,0.9632664608232442,1,4,11,33,2,3,2,1,0.7788276461801278,0.1189092331703634,0.1022631206495086,5,4,-1,-0.2,50497.60543148297,33614.19318656249,-16883.41224492048,-0.3343408484552505,3,5,8,12,22,6,22,72,65,3,1,8,1,1,5,3,-2,-0.4,0,0,0,0,0,0,,,,,0,3,0,0.2818395975546071,0.1129608958074113,2,0,0,0,65.0,4844.654596740149,9342.787981804064,3021.6218031776625,1823.0327935624864,390106.8757633696,417770.9418339103,low_value,0,7,4,0,moderate_activity,no_recent_complaints,medium_digital_engagement
1834,M,Shymkent,rural,medium,employee,low,71,30,mass,1,331803.07617840124,2025-08-01,2700,31,3,3,3,1,0,0,0,1,1,209,410.0,8,18,27,47,82191.74175987954,227262.7700903133,341480.0598048024,654857.6545284322,10273.967719984945,12647.40962240009,46061.1875746564,0.964224370068886,1,8,27,14,5,9,4,4,0.41451037999531,0.5778023092515515,0.0076873107531386,15,8,-7,-0.4666666666666667,170896.8587185999,82191.74175987954,-88705.11695872035,-0.5190564509133716,4,6,9,6,20,8,20,46,73,2,2,6,1,1,7,4,-3,-0.4285714285714285,0,0,0,0,0,0,,,,,0,1,1,0.1034373508531533,0.048245261443556,0,1,0,0,8.0,9686.443718724016,20202.081110216863,3437.798860327652,6248.644858396363,274863.3725046111,248078.21058355205,medium_value,0,12,6,1,transaction_active,no_recent_complaints,low_digital_engagement
1356,M,Almaty,medium_city,low,employee,medium,19,40,mass,0,75610.2975314457,2025-08-01,1140,41,5,1,5,1,0,0,1,1,1,171,374.0,6,12,17,37,24613.6197797002,41893.70566628974,55394.41642617408,140366.18826174844,4102.269963283366,3258.495083892593,7381.66683091987,0.9881068536182436,0,6,17,11,3,7,3,1,0.5280901029357108,0.452353403217779,0.0195564938465102,16,6,-10,-0.625,67499.45860344778,24613.6197797002,-42885.83882374759,-0.6353508563038613,4,5,9,5,14,4,14,67,44,1,2,2,0,1,7,4,-3,-0.4285714285714285,0,0,0,0,0,0,,,,,0,1,0,0.1872459908970881,0.0911998007284274,1,1,0,0,15.0,6947.21807001948,14510.52378488296,4877.799200612702,2069.418869406777,321873.86552413134,334064.4838004851,low_value,0,8,2,1,activity_drop,no_recent_complaints,medium_digital_engagement
811,M,South_KZ,medium_city,high,employee,medium,68,43,affluent,0,473528.60727199423,2025-08-01,2610,44,3,0,1,1,1,0,1,1,0,757,,7,11,16,34,186279.70925620545,300838.1258450087,357471.51483140426,1106819.7411864258,26611.38703660077,22341.969676962766,83411.2625899464,0.9560157677371566,1,1,16,34,2,6,1,3,0.6143334244117689,0.1985279261906216,0.1871386493976094,9,7,-2,-0.2222222222222222,235715.60353875355,186279.70925620545,-49435.894282548135,-0.2097268638154473,2,5,7,9,15,3,15,71,3,1,1,6,1,0,5,2,-3,-0.6,0,0,0,0,0,0,,,,,1,1,0,0.3314808115828677,0.0940918511685623,0,0,0,0,64.0,14528.02840272398,33275.81824770898,3972.354810946685,10555.673591777297,608553.8074294094,669583.3495833119,medium_value,0,5,1,0,activity_drop,no_recent_complaints,medium_digital_engagement
2248,F,Karaganda,large_city,high,entrepreneur,medium,30,55,affluent,0,574188.047502215,2025-08-01,1470,56,4,0,3,1,0,0,0,1,0,423,,6,12,22,42,117289.68166390435,255293.0391584571,430188.681296445,744639.7768180806,19548.2802773174,19554.03096802023,28451.53125711932,0.9341071251054688,1,6,14,47,4,5,2,2,0.573493105660643,0.2019667827087001,0.2245401116306567,9,6,-3,-0.3333333333333333,184185.62344759563,117289.68166390435,-66895.94178369126,-0.363198497969221,5,9,12,12,26,1,4,61,2,3,2,4,0,1,9,5,-4,-0.4444444444444444,0,0,0,0,0,0,,,,,2,2,1,0.1900513679599418,0.0668047963503678,1,1,1,0,27.0,16506.819959888904,32336.79145955333,3636.5244943262433,12870.29546556266,592056.1343144993,570364.655613542,medium_value,0,10,3,0,transaction_active,no_recent_complaints,medium_digital_engagement
1289,M,Astana,large_city,medium,employee,low,49,49,mass,0,537154.2616269069,2025-08-01,2040,50,3,1,1,1,1,0,0,1,0,687,87.0,8,15,22,38,96091.51253523114,138580.88217126686,142885.2653009893,279246.6567337312,12011.439066903891,6494.784786408604,27028.721146997486,0.9541542007816096,1,4,22,43,2,6,3,1,0.64703633404846,0.0640329215881422,0.2889307443633979,9,8,-1,-0.1111111111111111,68500.8609155447,96091.51253523114,27590.65161968644,0.4027781731634466,2,3,4,4,18,1,18,68,8,1,2,3,1,1,4,2,-2,-0.5,0,0,0,0,0,0,,,,,1,3,1,0.3645837916842498,0.1801863122285207,2,1,0,0,40.0,14291.359290015347,25695.767999193737,3539.532288716733,10751.827001298616,928675.7627095066,1030505.9261379322,medium_value,0,8,2,0,transaction_active,no_recent_complaints,low_digital_engagement
663,M,Almaty,medium_city,low,unemployed,high,49,61,mass,0,156772.7464252187,2025-08-01,2040,62,2,1,2,1,0,0,0,1,1,365,43.0,3,7,18,34,10192.436404550594,34427.46496570323,58312.35489259491,168488.17460651812,3397.4788015168647,3239.5752718108283,12491.24600333541,1.0,0,3,3,70,3,4,4,2,0.8215094856615694,0.1468507867470069,0.0316397275914235,4,3,-1,-0.25,20419.10781972612,10192.436404550594,-10226.671415175522,-0.5008383081897402,4,9,15,18,43,2,43,60,6,4,5,5,2,2,8,4,-4,-0.5,0,0,0,0,0,0,,,,,0,1,0,0.1370109389938546,0.0534932844203183,0,1,0,0,49.0,4061.4046272877977,9342.18596520085,3244.2558036797086,817.1488236080891,180308.71403565173,174609.82852500022,low_value,0,4,4,0,digital_active,no_recent_complaints,digital_power_user
508,F,Almaty,large_city,high,employee,medium,33,41,affluent,1,648914.0656545828,2025-08-01,1560,42,4,0,3,1,0,0,0,1,1,764,,10,19,29,53,443801.9813641429,709920.0174764607,1371647.4675726213,2026597.8899320136,44380.198136414285,47298.18853698694,121000.0381872534,0.9294426977303296,2,10,16,25,5,7,3,4,0.5995333583007793,0.351766549035854,0.0487000926633665,13,10,-3,-0.2307692307692307,477755.8494665408,443801.9813641429,-33953.868102397944,-0.0710694974018855,2,4,6,10,23,3,15,25,61,3,1,7,1,2,3,2,-1,-0.3333333333333333,0,0,0,0,0,0,,,,,0,0,0,,,0,0,0,0,,15533.49121550507,30196.45661519148,4565.023500489722,10968.467715015347,1096709.9744844346,1007282.547317538,medium_value,0,16,6,0,transaction_active,no_recent_complaints,medium_digital_engagement
319,M,Shymkent,large_city,premium,unemployed,medium,30,50,premium,0,1352087.7038520952,2025-08-01,1470,51,0,5,0,1,0,0,0,1,0,614,812.0,2,6,8,20,87079.50281089383,312991.2314601225,328264.6768895351,798272.4503875356,43539.751405446914,41033.08461119189,146946.43679779748,0.9323991905764109,0,2,8,72,1,3,1,1,0.5927814283432993,0.114002442811491,0.2932161288452096,3,2,-1,-0.3333333333333333,146815.28344307476,87079.50281089383,-59735.78063218093,-0.4068771263541,5,9,9,14,23,7,23,26,73,3,3,4,1,1,8,5,-3,-0.375,0,0,0,0,0,0,,,,,1,3,0,0.195307097256002,0.0369044744920375,2,0,1,1,17.0,24539.88352167705,47416.638698504044,1430.964649247658,23108.91887242939,2818056.91582588,3192072.5130122164,high_value,1,0,0,0,moderate_activity,no_recent_complaints,medium_digital_engagement
2019,F,Atyrau,large_city,medium,self_employed,low,71,44,mass,0,412920.7074952388,2025-08-01,2700,45,0,0,0,1,0,0,0,0,0,327,,4,8,10,21,58238.85622083044,107402.68631685936,136318.39463731585,329378.88119305635,14559.714055207609,13631.839463731583,58484.75624384788,0.8907035245217135,0,4,10,42,2,4,2,1,0.5439130656980584,0.4455817258294777,0.0105052084724638,5,4,-1,-0.2,65738.46110530653,58238.85622083044,-7499.604884476095,-0.1140824527739167,0,0,4,0,11,7,11,71,62,1,1,1,0,0,1,0,-1,-1.0,0,1,0,0,0,0,4.001963804793193,3.0,46.0,,0,2,0,0.0583070682279529,0.0226380506203648,2,1,1,0,45.0,6863.796274823506,14202.201357483687,2282.8934213071248,4580.902853516382,986583.3008628062,879577.1856084976,low_value,0,1,0,0,activity_drop,no_recent_complaints,low_digital_engagement
219,F,Almaty,large_city,high,employee,medium,79,19,affluent,0,1050920.147270744,2025-08-01,2940,20,1,2,1,1,0,0,0,1,1,142,481.0,2,4,6,17,171570.3907866941,300067.96717426414,419965.0459608929,910200.6539539312,85785.19539334705,69994.17432681548,175628.9207916532,0.9251307812099084,0,2,6,36,1,1,1,1,0.7155506039136473,0.2824782149615257,0.0019711811248268,6,2,-4,-0.6666666666666666,475839.4108340871,171570.3907866941,-304269.0200473929,-0.6394363584009306,1,7,9,13,26,8,26,58,32,1,4,3,1,2,1,1,0,0.0,0,0,0,0,0,0,,,,,1,1,1,0.3846549373341381,0.1123403372865465,0,1,0,0,30.0,23369.063957303624,44398.6115056696,2668.370777512709,20700.69317979092,3514087.597297615,3782844.796076248,high_value,0,4,4,0,activity_drop,no_recent_complaints,medium_digital_engagement
2096,M,North_KZ,large_city,medium,employee,medium,39,74,mass,0,298338.14520662744,2025-08-01,1740,75,2,6,1,1,0,0,0,1,0,108,600.0,1,3,7,17,16707.144188268143,61013.49417544732,131714.8388757598,429339.6574154861,16707.144188268143,18816.40555367997,32261.143124807902,0.9090208372397756,0,1,7,39,0,2,2,1,0.654116845606832,0.289359789767575,0.0565233646255928,8,1,-7,-0.875,134464.3753278141,16707.144188268143,-117757.23113954595,-0.8757504049118038,0,0,1,3,12,5,12,21,54,1,1,5,0,0,10,0,-10,-1.0,0,0,0,0,0,0,,,,,1,2,1,0.4316116299017483,0.0296631857806312,1,0,0,0,76.0,9622.590324844088,20410.703723948776,3116.8459068468765,6505.744417997212,562975.1366002224,487547.331929811,medium_value,0,2,0,0,activity_drop,no_recent_complaints,medium_digital_engagement
49,F,Astana,large_city,low,unemployed,low,75,37,mass,0,120524.18382246804,2025-08-01,2820,38,2,0,2,1,0,0,0,0,1,513,,7,13,20,47,26645.643319236257,58383.87437959097,83272.82717892781,248658.12437265096,3806.520474176608,4163.64135894639,5718.025146494793,0.9409395194818152,0,7,20,61,3,7,2,2,0.565225001164822,0.2342497153796071,0.2005252834555707,7,7,0,0.0,27577.86730883433,26645.643319236257,-932.2239895980748,-0.0338033387121071,0,1,1,2,9,1,9,62,70,2,1,3,0,0,2,0,-2,-1.0,0,0,0,0,0,0,,,,,2,5,1,0.296937670735234,0.0851180985527852,3,2,0,1,54.0,6762.349402517447,14107.75920254311,3817.332841987976,2945.0165605294706,156645.72176212267,164006.4885617044,low_value,1,0,0,0,activity_drop,no_recent_complaints,low_digital_engagement
669,M,Almaty,medium_city,low,employee,medium,19,54,mass,1,168830.48312857313,2025-08-01,1140,55,2,0,2,1,0,0,0,1,1,868,,8,16,21,42,54854.96600365415,122560.85958990976,146059.26009905117,336062.53612315323,6856.870750456769,6955.20286185958,11673.0390917335,0.9975781398355336,0,8,21,65,2,8,5,4,0.3908758254762036,0.4710619099771174,0.138062264546679,8,8,0,0.0,56011.24800796879,54854.96600365415,-1156.2820043146348,-0.020643746487315,5,10,12,12,28,6,28,63,31,5,5,9,0,2,6,5,-1,-0.1666666666666666,1,1,0,0,0,0,3.838946251678587,3.0,62.0,,0,1,0,0.2422832101170418,0.0558775514807729,0,0,1,0,79.0,5266.555146494688,10802.391172263266,3345.5277034478163,1921.0274430468712,310071.6060414256,264811.4389280149,low_value,0,12,1,0,transaction_active,no_recent_complaints,medium_digital_engagement
2138,F,Aktobe,large_city,high,entrepreneur,medium,36,42,affluent,0,780263.1747363383,2025-08-01,1650,43,3,0,3,1,1,0,0,1,0,881,,7,12,18,42,202115.2141351446,454486.7370439287,659369.9060703242,1448414.459078737,28873.60201930637,36631.66144835135,89886.87804584939,0.9382207706977916,1,1,12,73,1,8,2,2,0.5444485964580749,0.340509284433765,0.1150421191081601,13,7,-6,-0.4615384615384615,629470.6786664964,202115.2141351446,-427355.4645313518,-0.6789124243827909,5,8,8,8,21,2,21,47,60,2,1,3,1,1,7,5,-2,-0.2857142857142857,0,0,0,0,0,0,,,,,1,1,0,0.3372265658306927,0.1157178744803076,1,0,0,0,9.0,15590.49709240548,36539.14927731044,3864.796627834936,11725.700464570544,2112405.01534198,1816570.9470931664,medium_value,1,0,0,0,transaction_active,no_recent_complaints,medium_digital_engagement
2311,F,Shymkent,large_city,medium,retired,high,22,35,pensioner,0,389420.298814792,2025-08-01,1230,36,3,1,1,1,0,0,1,1,0,566,376.0,6,12,13,30,99322.4198334516,191128.32778062223,232544.78377978428,759053.9437597583,16553.736638908602,17888.060290752637,34913.89046542781,0.939719546748636,0,6,13,12,1,4,1,2,0.5588985164498896,0.3319902217930955,0.1091112617570149,7,6,-1,-0.1428571428571428,127563.29800331914,99322.4198334516,-28240.87816986753,-0.2213871749312464,3,6,11,17,38,7,28,49,44,4,6,3,1,1,7,3,-4,-0.5714285714285714,0,1,0,0,0,0,3.711278971343362,3.0,63.0,,0,1,0,0.232774607243635,0.0145235304694126,0,1,0,0,17.0,11989.678482479012,26265.396205665904,3449.02842293832,8540.650059540692,701194.9844210169,756137.0817340228,medium_value,0,7,3,0,activity_drop,no_recent_complaints,medium_digital_engagement
1937,M,East_KZ,rural,low,retired,low,32,30,pensioner,0,138142.87299492772,2025-08-01,1530,31,0,0,0,1,0,0,0,0,0,513,,1,5,13,23,5420.030341754808,35612.146018414925,84584.12997200777,162493.9481909577,5420.030341754808,6506.47153630829,14476.0265584409,0.9455466445781282,0,1,13,73,1,3,2,1,0.5762613832212564,0.2932646038842512,0.1304740128944922,7,1,-6,-0.8571428571428571,45804.00686511919,5420.030341754808,-40383.97652336439,-0.8816690784778857,4,4,6,5,11,7,3,57,17,1,1,3,0,0,7,4,-3,-0.4285714285714285,0,0,0,0,0,0,,,,,0,5,1,0.0700833653868477,0.0051940367730245,1,2,2,0,42.0,4515.226820648275,9862.051993753455,1976.445232176829,2538.781588471446,303747.58444034815,327271.1082850615,low_value,0,2,3,0,activity_drop,no_recent_complaints,low_digital_engagement
867,F,Aktobe,small_city,low,employee,medium,65,56,mass,1,166994.81124456407,2025-08-01,2520,57,3,3,3,1,0,0,1,1,1,166,133.0,10,24,34,71,68250.44571743679,146730.58314734304,240000.2997170175,431851.525843429,6825.044571743679,7058.832344618162,21178.859108701858,0.9743681349208728,0,10,34,54,4,6,8,3,0.5169120163180219,0.3362128425349599,0.1468751411470181,13,10,-3,-0.2307692307692307,85274.30091847881,68250.44571743679,-17023.855201042024,-0.1996364088322063,1,4,7,17,27,4,27,19,69,3,2,3,0,2,5,1,-4,-0.8,0,0,0,0,0,0,,,,,0,2,0,0.0,0.0,1,0,0,0,28.0,8697.61000848014,17207.26110003968,3606.32603575145,5091.28397272869,318617.64283327415,339483.4635759984,medium_value,0,21,4,0,activity_drop,no_recent_complaints,medium_digital_engagement
2257,F,Astana,medium_city,medium,entrepreneur,medium,65,39,sme_owner,0,353691.0152182327,2025-08-01,2520,40,1,1,1,1,0,0,0,1,0,209,381.0,4,8,14,24,115214.09490462537,180059.22270067412,464163.9791974779,629280.3496830873,28803.52372615633,33154.56994267699,124372.31189880724,0.9796297851683728,2,4,14,63,2,5,2,2,0.4102873698720815,0.3693575872300652,0.2203550428978533,10,4,-6,-0.6,270782.6550853192,115214.09490462537,-155568.56018069378,-0.5745144944076153,3,7,15,6,26,5,26,75,24,3,4,9,1,1,5,3,-2,-0.4,0,0,0,0,0,0,,,,,0,4,0,0.3554087095773537,0.1050222165273343,1,1,0,0,22.0,5505.128549046862,10410.423276333073,3554.7737860814364,1950.3547629654247,740809.4884250716,829184.2646933292,low_value,0,6,4,0,activity_drop,no_recent_complaints,medium_digital_engagement
169,M,Karaganda,large_city,medium,retired,medium,59,48,pensioner,0,411783.1472947229,2025-08-01,2340,49,1,0,1,1,0,0,0,1,0,42,,3,3,9,20,102294.20596038213,111861.17762252886,334781.4997095332,532079.8509244513,34098.06865346071,37197.94441217036,130612.71608639458,0.9555448130881576,0,3,9,69,2,4,1,1,0.620772566223789,0.2920486191023109,0.0871788146739003,4,3,-1,-0.25,126267.12031681488,102294.20596038213,-23972.91435643276,-0.1898587240786254,6,9,13,11,33,4,3,49,16,2,2,8,0,1,7,6,-1,-0.1428571428571428,0,0,0,0,0,0,,,,,1,4,0,0.3816057047764171,0.1148325820876484,2,2,1,0,72.0,10753.521507559402,19544.870408946103,2619.310634422824,8134.210873136579,1537680.6513979835,1743054.4815250104,medium_value,0,4,5,0,moderate_activity,no_recent_complaints,medium_digital_engagement
1259,F,South_KZ,medium_city,medium,employee,low,50,29,mass,1,268011.4894821782,2025-08-01,2070,30,3,1,3,1,0,0,0,0,1,133,160.0,10,16,20,48,65227.30656891273,80208.54227177105,96085.49779353268,349536.1902484937,6522.730656891274,4804.274889676634,9929.288678290191,1.0,0,10,20,11,3,5,4,3,0.952018140722048,0.038285622053474,0.0096962372244778,12,10,-2,-0.1666666666666666,60260.39211036037,65227.30656891273,4966.914458552361,0.0824241974638332,1,2,3,3,8,6,8,33,70,1,1,3,0,0,3,1,-2,-0.6666666666666666,0,0,0,0,0,0,,,,,1,3,1,0.2647913905685566,0.0172966412133302,3,1,0,2,60.0,10777.022762495712,20141.351852855056,3817.665571714794,6959.357190780917,756660.4236938633,651978.7063233317,medium_value,1,0,0,0,activity_drop,no_recent_complaints,low_digital_engagement
510,M,Atyrau,medium_city,medium,entrepreneur,medium,28,42,sme_owner,0,349285.4338628823,2025-08-01,1410,43,5,0,3,0,0,0,0,1,1,409,,9,13,24,57,183743.9789811858,278886.45714272273,593698.8349002303,1349667.3859496636,20415.9976645762,24737.451454176266,41053.39568576942,1.0,0,9,24,46,3,11,6,3,0.7972654837942608,0.0760016628316349,0.1267328533741043,11,9,-2,-0.1818181818181818,260228.88045032893,183743.9789811858,-76484.90146914314,-0.2939139627269086,5,9,11,12,29,2,29,59,38,2,2,9,1,1,8,5,-3,-0.375,0,0,0,0,0,0,,,,,1,2,0,0.436078954138312,0.1242146639785005,1,0,0,0,24.0,15250.984961302778,34262.386045558975,4810.308329821526,10440.676631481252,651120.5374504804,728474.1831916787,medium_value,0,4,6,0,transaction_active,no_recent_complaints,medium_digital_engagement
368,F,Karaganda,small_city,low,employee,medium,57,39,mass,1,119100.44738999072,2025-08-01,2280,40,1,1,1,1,0,0,0,1,1,493,822.0,4,9,11,24,33103.401650958855,108923.47806804995,73857.90560992455,233898.3738905437,8275.850412739714,6714.355055447686,29098.158207636287,0.9154975612147956,3,4,11,9,2,5,2,1,0.5577438123773653,0.429436242652319,0.0128199449703156,7,4,-3,-0.4285714285714285,44945.25574581551,33103.401650958855,-11841.85409485666,-0.2634728381973699,4,9,12,11,27,3,6,61,25,1,3,4,1,1,6,4,-2,-0.3333333333333333,0,0,0,0,0,0,,,,,0,0,0,,,0,0,0,0,,1248.4447367465937,2855.53050222982,2346.352790366219,-1097.9080536196252,135571.53866439493,123739.6469141986,low_value,1,0,0,0,moderate_activity,no_recent_complaints,medium_digital_engagement
1628,M,Shymkent,medium_city,medium,unemployed,medium,82,36,mass,0,330273.15195860475,2025-08-01,3030,37,0,0,0,1,0,0,0,1,1,339,,5,6,11,24,76523.73280400776,105333.21034998028,163372.6923270224,393545.4132716459,15304.746560801552,14852.06293882022,21113.015083116214,0.9822295449759164,0,5,11,49,1,4,3,2,0.4871029475689267,0.2314811400471406,0.2814159123839327,8,5,-3,-0.375,102823.87601254808,76523.73280400776,-26300.143208540336,-0.2557785626106023,2,7,9,10,30,8,23,75,63,2,1,3,1,1,3,2,-1,-0.3333333333333333,0,0,0,0,0,0,,,,,1,1,0,0.2414918023887391,0.0951592396366495,1,0,0,0,49.0,4596.514203594516,9707.489706303168,2092.274664774849,2504.2395388196664,684252.1373039896,595494.6583168223,low_value,1,0,0,0,moderate_activity,no_recent_complaints,medium_digital_engagement
1421,F,Almaty,large_city,medium,entrepreneur,high,57,26,sme_owner,0,360592.068946488,2025-08-01,2280,27,3,0,3,1,0,0,0,1,0,724,,10,18,23,36,340159.8007635402,560552.8836618017,592678.278773804,949234.5041838436,34015.98007635402,25768.620816252347,62480.648540656126,0.9185219807369742,5,10,23,3,2,7,3,4,0.7163129538049348,0.2106112405757968,0.0730758056192683,12,10,-2,-0.1666666666666666,275692.9932902432,340159.8007635402,64466.807473297,0.2338354947070701,5,10,14,14,35,6,35,51,55,1,5,6,0,1,9,5,-4,-0.4444444444444444,0,0,0,0,0,0,,,,,0,0,0,,,0,0,0,0,,11541.325802055651,21829.70099072809,3459.069528246281,8082.25627380937,1061774.0311557986,1136559.973114873,medium_value,0,11,7,0,transaction_active,no_recent_complaints,medium_digital_engagement
1881,F,Shymkent,large_city,medium,self_employed,medium,65,56,mass,0,301334.37401896063,2025-08-01,2520,57,1,0,1,0,0,0,0,1,0,101,,2,4,4,10,21726.7865765306,47900.69742834811,49491.62328029558,120392.72247897678,10863.3932882653,12372.905820073896,15632.121099152731,0.994169610777752,0,2,4,18,1,1,0,0,0.4313862384363204,0.3071505133062528,0.2614632482574268,4,2,-2,-0.5,40162.44578406469,21726.7865765306,-18435.65920753409,-0.459027303930998,1,1,2,6,17,1,17,2,41,3,1,5,0,0,5,1,-4,-0.8,0,0,0,0,0,0,,,,,1,2,1,0.0,0.0,2,1,0,1,87.0,7987.743546478176,17875.30930714885,3633.3268958879416,4354.416650590235,717826.9405927727,756407.6051187193,low_value,0,2,3,1,activity_drop,no_recent_complaints,medium_digital_engagement
1991,M,Shymkent,large_city,medium,retired,high,79,46,pensioner,0,308335.34065219254,2025-08-01,2940,47,1,1,1,1,0,0,1,1,0,529,155.0,0,6,6,14,0.0,102329.05754790858,108631.3318866704,276761.4173436536,0.0,18105.22198111173,56257.87306579441,0.9642784273930746,0,0,6,33,1,3,1,1,0.6241714161825731,0.3327667637256939,0.0430618200917329,8,0,-8,-1.0,159978.2789218072,0.0,-159978.2789218072,-1.0,4,6,9,10,31,1,31,67,71,2,5,10,1,1,10,4,-6,-0.6,0,0,0,0,0,0,,,,,1,4,0,0.3669783308400241,0.1793575778926349,3,1,1,0,1.0,6393.205134026139,13379.671939606618,2877.261508553569,3515.9436254725697,513180.99392058246,498167.3904481109,low_value,0,4,4,0,activity_drop,no_recent_complaints,medium_digital_engagement
1058,M,South_KZ,medium_city,medium,employee,high,51,20,mass,1,237840.17711516708,2025-08-01,2100,21,3,2,3,1,0,0,0,1,1,164,788.0,5,13,25,43,64471.98675665883,154186.30301745678,202030.58093655927,486679.2622363509,12894.397351331763,8081.223237462371,27267.20325047669,0.9713425078880892,2,5,11,46,2,12,3,2,0.6418250325106227,0.2677842391570897,0.0903907283322876,6,5,-1,-0.1666666666666666,81967.66599978649,64471.98675665883,-17495.679243127663,-0.2134461074342806,3,11,14,12,36,5,24,70,66,5,2,12,2,1,9,3,-6,-0.6666666666666666,0,0,0,0,0,0,,,,,0,1,0,0.5417405715282845,0.1866597227919263,0,0,0,0,13.0,6035.499565505146,13769.208712023574,3362.499671250568,2672.9998942545785,923409.6934966752,955815.4015297872,low_value,0,10,4,0,activity_drop,no_recent_complaints,medium_digital_engagement
839,M,Astana,medium_city,medium,employee,high,26,39,mass,1,379911.54762423504,2025-08-01,1350,40,3,1,3,1,0,0,0,1,1,485,883.0,5,19,25,51,78798.82164246171,221100.1832217101,240829.4978549873,474716.4985359282,15759.764328492343,9633.179914199492,27837.90848986844,0.9890250977274544,0,5,20,73,2,12,5,3,0.7493530692889928,0.21517712195743,0.0354698087535773,5,5,0,0.0,44509.01312475117,78798.82164246171,34289.808517710546,0.7704014560287389,4,9,13,16,34,8,34,4,42,2,5,6,2,2,4,4,0,0.0,0,0,0,0,0,0,,,,,0,0,0,,,0,0,0,0,,12242.522499971588,28187.772116779008,3883.409233503357,8359.11326646823,1506158.602628037,1623140.8820939143,medium_value,0,9,7,0,transaction_active,no_recent_complaints,medium_digital_engagement
1848,F,South_KZ,large_city,high,employee,high,58,46,affluent,1,693622.1015536094,2025-08-01,2310,47,1,2,1,1,1,1,0,1,1,419,592.0,8,12,18,37,173065.60821538736,195698.7598630557,375366.8534935892,875315.2503059981,21633.20102692342,20853.71408297717,83584.03860170483,0.977848161844738,1,8,18,4,2,5,1,3,0.8077900811433666,0.1789352921046471,0.0132746267519861,12,8,-4,-0.3333333333333333,186344.16937913807,173065.60821538736,-13278.56116375071,-0.0712582594239049,4,6,10,15,33,6,33,13,36,2,2,9,0,1,6,4,-2,-0.3333333333333333,0,0,0,0,0,0,,,,,2,2,1,0.2939081224418554,0.045712937750944,2,0,0,1,45.0,15225.679912379264,27403.54530339473,3161.7212720657053,12063.958640313558,2387731.4258110872,2675238.2451736988,medium_value,0,6,4,0,transaction_active,no_recent_complaints,medium_digital_engagement
600,F,Almaty,medium_city,high,retired,medium,82,24,affluent,0,806475.9524271833,2025-08-01,3030,25,3,1,3,0,1,0,0,1,0,190,202.0,6,10,17,40,204382.52499596297,351469.8258649812,869235.4102187576,1127537.3320642696,34063.75416599383,51131.49471875045,179009.97964297893,0.930770451948884,1,6,17,30,2,5,2,1,0.7450605780330716,0.2061823797565933,0.048757042210335,8,6,-2,-0.25,253844.8992014685,204382.52499596297,-49462.37420550556,-0.194852740240602,1,3,4,8,29,7,29,33,14,4,3,10,0,2,4,1,-3,-0.75,0,0,0,0,0,0,,,,,4,6,1,0.0,0.0,4,2,0,0,9.0,18847.73756166792,38109.70821991508,4216.868611782725,14630.868949885196,1109648.3945884474,1126484.4299784857,medium_value,0,6,2,0,activity_drop,no_recent_complaints,medium_digital_engagement
1921,F,Astana,small_city,low,entrepreneur,high,26,37,sme_owner,0,120351.47734187637,2025-08-01,1350,38,5,1,4,1,0,0,0,1,0,496,20.0,5,15,24,43,23857.73885666755,63436.424820272456,90747.59945488178,160671.61508922547,4771.54777133351,3781.149977286741,14897.863584909328,0.9487533535656546,1,5,24,9,3,10,2,2,0.7404136812004996,0.0959767931529084,0.1636095256465921,8,5,-3,-0.375,31287.80680678682,23857.73885666755,-7430.067950119268,-0.2374748730712428,4,11,22,15,48,8,14,47,26,7,2,12,0,3,6,4,-2,-0.3333333333333333,0,0,0,0,0,0,,,,,0,0,0,,,0,0,0,0,,12248.441837576269,26608.88194403514,5208.662063180171,7039.779774396098,142479.92728060912,131089.93395814585,medium_value,0,11,12,1,digital_active,no_recent_complaints,digital_power_user
1312,F,Almaty,small_city,premium,self_employed,high,58,27,premium,0,1653209.184610446,2025-08-01,2310,28,4,0,1,0,0,0,1,1,0,529,,8,15,21,41,682548.5424969037,1475600.5421981106,1626394.1830626577,3711984.060206723,85318.56781211296,77447.34205060275,220473.1984992887,0.9331150753052444,3,8,21,40,3,10,2,4,0.3741050626099673,0.4054272357891006,0.2204677016009321,10,8,-2,-0.2,909220.6226456312,682548.5424969037,-226672.08014872763,-0.2493037162852311,6,9,14,14,37,1,9,6,36,2,4,3,1,2,9,6,-3,-0.3333333333333333,0,0,0,0,0,0,,,,,2,5,0,0.40943805655251,0.1018754730584397,0,1,1,1,1.0,34568.656468303794,61875.57961548557,5275.08689606201,29293.569572241784,4131200.5624663737,4561280.322004924,high_value,0,9,4,0,transaction_active,no_recent_complaints,medium_digital_engagement
1337,M,Aktobe,medium_city,medium,employee,high,37,60,mass,0,291143.28505737154,2025-08-01,1680,61,2,0,2,1,1,0,0,1,0,665,,4,5,6,14,80825.7388350269,91351.83011322025,121875.26226850436,309384.8972806086,20206.43470875673,20312.543711417395,45990.63081761015,1.0,0,4,6,33,1,2,1,1,0.509251900914808,0.2081491512832022,0.2825989478019898,9,4,-5,-0.5555555555555556,173665.1732689046,80825.7388350269,-92839.43443387769,-0.534588672480258,2,5,8,10,27,1,27,1,28,3,2,2,1,1,7,2,-5,-0.7142857142857143,0,0,0,0,0,0,,,,,0,1,1,0.3167274979674915,0.07786149569207,0,0,0,0,67.0,10739.286605167832,23149.5167077261,3566.2704133969123,7173.016191770919,500828.72039860295,460252.8518044539,medium_value,0,7,2,0,activity_drop,no_recent_complaints,medium_digital_engagement
1134,F,Astana,large_city,medium,unemployed,low,65,49,mass,0,299139.3144326869,2025-08-01,2520,50,2,3,2,1,0,0,1,1,0,727,105.0,2,3,8,19,14443.040422810103,27443.51907968026,43701.49130503056,122824.76653834931,7221.520211405053,5462.68641312882,12610.744084315858,0.9515915012214804,0,1,8,74,1,4,1,1,0.5259713113059489,0.3075904351901659,0.1664382535038852,5,2,-3,-0.6,34577.83858350433,14443.040422810103,-20134.798160694227,-0.582303550063413,2,4,4,6,12,8,11,6,45,2,1,3,0,1,4,2,-2,-0.5,0,0,0,0,0,0,,,,,1,2,0,0.1509382501796906,0.0386546635105018,1,0,1,0,71.0,9315.418093957538,18256.81039637092,3544.121871882101,5771.296222075436,1298910.1030961676,1418110.3192503382,medium_value,0,4,1,0,activity_drop,no_recent_complaints,low_digital_engagement
820,M,Astana,large_city,medium,employee,low,27,59,mass,0,333390.6184288646,2025-08-01,1380,60,3,0,3,1,0,0,0,1,0,790,,7,10,13,27,47867.08728954165,89945.71161941384,78635.79732417337,165657.3762584402,6838.155327077379,6048.9074864748745,21289.69451830356,0.944746820231098,0,7,13,55,1,3,3,1,0.3894378355126008,0.5869415577931091,0.02362060669429,16,7,-9,-0.5625,116553.5013096219,47867.08728954165,-68686.41402008025,-0.5893123179338581,0,1,3,1,5,1,5,34,60,1,0,2,0,0,4,0,-4,-1.0,0,0,0,0,0,0,,,,,0,2,2,0.1452612284063253,0.0191561495533677,0,1,0,0,12.0,10875.398917723378,20116.46407245306,4741.071928311952,6134.3269894114255,430103.2254038319,466583.8231878134,medium_value,0,6,1,0,activity_drop,no_recent_complaints,low_digital_engagement
2174,M,Astana,medium_city,medium,self_employed,medium,38,25,mass,0,381295.3295497526,2025-08-01,1710,26,2,0,2,0,1,0,0,1,0,148,,4,9,15,36,128845.7681336371,235937.76239525664,394584.3063130907,1121150.6850289204,32211.44203340928,26305.62042087272,55057.30166125368,0.950359801484393,1,2,15,2,1,5,2,1,0.5730531885868384,0.1298638499357451,0.2970829614774165,5,4,-1,-0.2,155103.27393957847,128845.7681336371,-26257.50580594137,-0.1692904678219117,4,6,13,10,25,8,25,76,46,2,4,3,0,1,7,4,-3,-0.4285714285714285,0,0,0,0,0,0,,,,,0,0,0,,,0,0,0,0,,5721.129553563066,11224.504192863064,4485.894320236689,1235.235233326377,1106901.143577293,1060546.296893346,low_value,0,9,6,0,transaction_active,no_recent_complaints,medium_digital_engagement
528,F,South_KZ,large_city,medium,self_employed,medium,35,43,mass,0,345670.56704115454,2025-08-01,1620,44,0,1,0,0,0,0,0,1,0,54,217.0,4,6,11,17,68807.060748981,84062.45421274923,173481.73999178343,192101.11516496012,17201.76518724525,15771.067271980311,47475.23703619216,0.948281513216906,0,3,11,9,2,5,2,1,0.7788429221451925,0.1469526840771478,0.0742043937776597,8,4,-4,-0.5,114865.59629190272,68807.060748981,-46058.53554292172,-0.4009776384730137,1,3,5,6,22,6,22,3,8,4,3,3,0,1,3,1,-2,-0.6666666666666666,0,0,0,0,0,0,,,,,0,1,0,0.1017388062546101,0.018244412004544,0,0,1,0,38.0,7654.906210705476,16416.40867563476,2543.715047764503,5111.191162940973,326707.76120111934,359516.85405359586,medium_value,0,3,6,0,activity_drop,no_recent_complaints,medium_digital_engagement
2055,M,Astana,large_city,low,retired,medium,34,35,pensioner,0,177097.85565578466,2025-08-01,1590,36,1,3,1,1,0,0,0,1,0,136,848.0,6,11,15,18,50606.61847434842,85345.34215968648,116243.7055474944,141423.90910857808,8434.436412391404,7749.580369832959,16969.328529880633,0.9274878215545056,0,6,15,25,2,6,3,1,0.7140065603273104,0.2552363515084908,0.0307570881641986,10,6,-4,-0.4,97504.5018808941,50606.61847434842,-46897.88340654568,-0.4809817239396129,2,2,7,5,20,1,15,66,77,1,1,8,1,0,10,2,-8,-0.8,0,0,0,0,0,0,,,,,0,2,0,0.2558850692290319,0.0266778289411043,1,1,1,0,75.0,3849.4308274455616,7786.026928250839,3037.799892678384,811.6309347671777,504273.2239306522,443710.7679319144,low_value,0,4,3,0,activity_drop,no_recent_complaints,medium_digital_engagement
1367,M,Karaganda,medium_city,low,employee,medium,18,35,mass,0,141715.4644743408,2025-08-01,1110,36,0,2,0,1,0,0,0,1,0,271,359.0,1,5,6,13,9591.77296652099,44053.663949278925,71847.46638747636,136345.99838021537,9591.77296652099,11974.57773124606,31087.56778917633,0.9644667098341526,0,1,6,60,1,3,1,0,0.6505932811174826,0.1832936761859768,0.1661130426965405,5,1,-4,-0.8,50933.24339005999,9591.77296652099,-41341.470423539,-0.8116795175782404,2,5,7,8,20,7,8,15,48,2,3,8,1,0,4,2,-2,-0.5,1,3,1,0,0,0,2.012496471094874,1.0,64.0,86.0,0,1,0,0.4683259102250081,0.0345271725188388,1,1,1,0,87.0,4271.512126058553,7733.05124755048,2721.259476463249,1550.252649595304,284372.1253956499,244796.45627728835,low_value,0,2,3,0,activity_drop,complaint_risk,medium_digital_engagement
618,M,Aktobe,small_city,medium,self_employed,high,60,51,mass,0,363639.5312133668,2025-08-01,2370,52,1,0,1,1,0,0,0,1,1,853,,2,6,13,24,23414.361683734376,61750.54187671946,159406.98312047112,194359.66888250617,11707.180841867188,12262.075624651625,25674.98873555538,0.9302882749658212,0,2,13,34,1,2,2,2,0.5843615011161563,0.1735942140115043,0.2420442848723392,4,2,-2,-0.5,38903.96937817404,23414.361683734376,-15489.60769443966,-0.3981498017302487,4,9,14,12,43,4,43,75,18,4,6,11,2,1,5,4,-1,-0.2,0,0,0,0,0,0,,,,,0,1,0,0.2874100467603806,0.0764709102198104,1,0,1,0,22.0,8010.120101580129,17000.557533664585,3525.344615773729,4484.7754858064,536517.7139188885,484694.6414156759,low_value,0,6,3,0,moderate_activity,no_recent_complaints,medium_digital_engagement
439,F,Almaty,rural,low,retired,high,59,27,pensioner,0,160295.52080671184,2025-08-01,2340,28,2,0,2,1,0,0,0,1,0,393,,5,10,13,28,30631.782053811978,65415.6282495584,82794.88600951465,129611.24525757488,6126.356410762395,6368.837385347281,21629.18491408806,0.9867335506655602,0,5,7,9,1,4,2,2,0.5689761685996994,0.3055531068504172,0.1254707245498834,10,5,-5,-0.5,79991.59721461385,30631.782053811978,-49359.815160801874,-0.6170625025572588,3,5,8,11,26,8,26,42,55,1,3,6,0,0,9,3,-6,-0.6666666666666666,0,0,0,0,0,0,,,,,0,2,0,0.1617695992784845,0.0093184424986784,2,1,0,0,80.0,7300.703385713477,13538.261711813648,4400.0753590634,2900.628026650077,314608.8179861626,282560.9907886768,low_value,0,5,6,0,activity_drop,no_recent_complaints,medium_digital_engagement
1969,M,North_KZ,medium_city,medium,employee,medium,63,34,mass,1,210148.38482907845,2025-08-01,2460,35,2,0,1,1,0,0,0,1,1,651,,14,19,25,44,67479.48113721724,112682.9947880757,121671.3860360698,273533.8456210692,4819.96293837266,4866.855441442792,6142.638500714403,0.9491895358760222,1,14,24,27,2,6,3,2,0.5134034209993276,0.3226922367492998,0.1639043422513728,19,14,-5,-0.2631578947368421,115722.29080638818,67479.48113721724,-48242.809669170936,-0.4168843300024596,3,6,11,7,29,3,29,47,25,2,2,6,1,1,5,3,-2,-0.4,0,0,0,0,0,0,,,,,0,1,0,0.1915287740542733,0.0726454917404826,0,0,0,0,73.0,6595.086481229777,14457.031991524687,2671.4549435114554,3923.6315377183214,941537.3881427284,993006.8609071424,low_value,0,13,2,0,transaction_active,no_recent_complaints,medium_digital_engagement
441,F,North_KZ,large_city,low,employee,medium,55,48,mass,1,187453.64344113803,2025-08-01,2220,49,0,2,0,1,0,0,0,1,1,475,176.0,9,17,24,35,132098.37186394437,258181.78742696068,404262.6570446488,628978.0439177756,14677.596873771596,16844.27737686037,53478.84070738135,0.9823120686452018,1,1,4,31,2,5,4,4,0.5702088198331079,0.2226763893538204,0.2071147908130716,20,9,-11,-0.55,382091.8895670408,132098.37186394437,-249993.5177030964,-0.6542759072598249,0,1,7,5,19,1,19,71,26,3,3,7,0,1,7,0,-7,-1.0,0,0,0,0,0,0,,,,,0,3,0,0.4910610744305684,0.0265814529978206,0,1,0,0,78.0,3251.088873353852,6084.916973914807,2777.3075063666693,473.78136698718254,275813.39031573967,297186.4315601649,low_value,0,14,0,0,activity_drop,no_recent_complaints,medium_digital_engagement
1037,M,Almaty,rural,low,employee,high,44,50,mass,1,157778.57155929276,2025-08-01,1890,51,1,1,1,1,0,0,1,1,1,447,51.0,7,11,16,31,39584.81058291865,59295.25342201536,120238.77055092472,291445.7737535626,5654.97294041695,7514.923159432795,18661.399458783057,0.9567534441154216,1,7,16,14,1,4,2,1,0.5797652254769492,0.4032707999440683,0.0169639745789825,12,7,-5,-0.4166666666666667,76033.95832520946,39584.81058291865,-36449.14774229081,-0.4793798527020248,5,12,13,12,39,5,39,7,63,3,5,10,1,3,13,5,-8,-0.6153846153846154,0,0,0,0,0,0,,,,,1,1,0,0.1100552350036103,0.0065876580679773,1,0,0,0,65.0,4284.5894913012335,8121.234375905995,3205.2595341681204,1079.329957133113,232377.83237099752,241859.8097960844,low_value,0,8,9,0,activity_drop,no_recent_complaints,medium_digital_engagement
842,F,East_KZ,large_city,medium,self_employed,low,61,33,mass,0,277719.2684879161,2025-08-01,2400,34,1,0,1,1,1,0,0,0,0,780,,3,5,11,22,23740.090587320014,32618.105253128542,82504.82052295322,150683.3718829141,7913.363529106671,7500.438229359383,25959.787496973,0.9983772803948122,0,3,11,18,1,3,1,1,0.5228086400389798,0.2387529552448127,0.2384384047162074,8,3,-5,-0.625,75262.70864881181,23740.090587320014,-51522.6180614918,-0.6845703401654705,1,2,2,5,5,5,5,42,37,1,1,1,0,0,3,1,-2,-0.6666666666666666,0,0,0,0,0,0,,,,,0,3,0,0.2515513838420588,0.1164138194258959,0,1,2,0,11.0,9883.873363008415,18947.268080207374,3363.495779413537,6520.37758359488,592661.9905328543,535094.0479691387,medium_value,1,0,0,0,activity_drop,no_recent_complaints,low_digital_engagement
1104,F,Almaty,small_city,premium,self_employed,low,42,53,premium,0,1237296.9084998162,2025-08-01,1830,54,7,1,4,1,0,0,0,0,0,441,444.0,10,20,31,61,241785.507868514,654474.5221674399,891399.4025279663,2143738.5233518085,24178.550786851403,28754.81943638601,105655.62422935758,0.941063433519507,2,8,31,54,4,13,7,2,0.5674513766540648,0.2832504349662713,0.1492981883796639,11,10,-1,-0.0909090909090909,323128.6598782441,241785.507868514,-81343.15200973008,-0.2517361104409013,3,5,6,7,11,1,9,27,63,1,2,3,0,0,6,3,-3,-0.5,0,0,0,0,0,0,,,,,1,2,0,0.2891724409840232,0.023096448586889,0,1,0,1,79.0,32497.33944826682,76607.20722445445,7264.764052243889,25232.57539602293,1310261.539811642,1126186.641610057,high_value,0,17,3,0,transaction_active,no_recent_complaints,low_digital_engagement
621,F,Almaty,medium_city,medium,employee,low,38,39,mass,0,269628.13303642254,2025-08-01,1710,40,2,3,2,1,1,0,0,0,0,308,740.0,7,11,17,32,150444.20595892705,171051.64658879364,290845.243037692,443979.8789311328,21492.029422703865,17108.54370809953,43228.71516396402,0.9302509674140328,0,7,17,39,3,8,3,2,0.8476265044774629,0.1215861084596441,0.0307873870628928,11,7,-4,-0.3636363636363636,155828.37651029348,150444.20595892705,-5384.170551366435,-0.0345519261121916,3,4,6,6,9,7,9,77,17,0,1,1,0,0,6,3,-3,-0.5,0,0,0,0,0,0,,,,,0,1,0,0.4585030625044528,0.136925823970864,0,0,0,0,67.0,9738.109306432803,17354.781177022458,3321.2801593077,6416.829147125105,270877.2068819427,272412.1124350475,medium_value,0,13,2,0,transaction_active,no_recent_complaints,low_digital_engagement
1431,F,Shymkent,large_city,medium,employee,high,64,22,mass,1,520617.3728402275,2025-08-01,2490,23,4,0,3,1,0,0,0,1,1,339,,4,10,16,30,69217.62635104623,177632.28966363752,350230.1606496216,436746.7534917485,17304.406587761558,21889.38504060135,30485.29606543697,0.9450249732299576,0,4,16,27,2,5,2,2,0.7132901983221469,0.2578435464664871,0.028866255211366,5,4,-1,-0.2,66951.72183974134,69217.62635104623,2265.9045113048924,0.0338438571711219,5,8,16,17,40,8,32,50,56,3,3,10,1,2,10,5,-5,-0.5,0,0,0,0,0,0,,,,,0,0,0,,,0,0,0,0,,14614.399289747516,26052.8277646194,4864.488369029351,9749.910920718165,488466.6088549783,493606.35019833694,medium_value,0,4,4,0,digital_active,no_recent_complaints,digital_power_user
2145,M,Astana,small_city,high,employee,low,32,31,affluent,1,736415.8555020891,2025-09-01,1560,32,2,1,2,1,0,0,0,0,1,563,635.0,6,11,13,36,156232.04133917,193178.34232496977,326631.5779608808,1084793.6741257175,26038.67355652833,25125.50599699083,58292.927686035575,0.9300385508788782,1,6,13,33,2,3,1,2,0.6005698508449714,0.3680298085867323,0.0314003405682963,7,6,-1,-0.1428571428571428,169467.05294439825,156232.04133917,-13235.01160522824,-0.0780978448334179,1,1,1,3,8,8,8,19,48,0,1,2,0,0,1,1,0,0.0,0,1,0,0,0,0,3.485107173968024,2.0,23.0,,0,0,0,,,0,0,0,0,,14340.940653619353,26426.59161127892,3860.939978158317,10480.000675461037,571165.6269107829,620767.3629836169,medium_value,0,11,1,0,moderate_activity,no_recent_complaints,low_digital_engagement
2296,M,Almaty,rural,medium,entrepreneur,medium,31,19,sme_owner,0,197384.01694432303,2025-09-01,1530,20,2,4,1,1,1,0,0,1,0,697,875.0,5,8,15,30,35972.855844902246,73175.93936073648,128179.82681236828,217587.71694471544,7194.571168980449,8545.321787491219,12233.122883198595,0.961948175514258,1,5,15,71,3,5,2,1,0.7193518645549183,0.2742390308222628,0.0064091046228191,14,5,-9,-0.6428571428571429,140343.26049643336,35972.855844902246,-104370.4046515311,-0.7436794918569214,2,4,4,6,16,3,16,28,52,1,1,2,0,1,12,2,-10,-0.8333333333333334,0,1,0,0,0,0,4.609135000016108,4.0,4.0,,0,0,0,,,0,0,0,0,,5552.504116181359,12778.842449801452,2807.94687631895,2744.557239862409,369017.7805058692,321002.29482488846,low_value,0,3,8,0,activity_drop,no_recent_complaints,medium_digital_engagement
1834,M,Shymkent,rural,medium,employee,low,71,30,mass,1,331803.07617840124,2025-09-01,2730,31,0,3,0,1,0,0,0,0,1,395,510.0,6,12,16,34,154616.1676392646,245993.38797115893,375938.28233116656,656687.2522132678,25769.36127321077,23496.14264569791,67637.96172457228,1.0,0,6,16,2,3,4,1,1,0.8561756323922696,0.1063877505081696,0.0374366170995607,7,6,-1,-0.1428571428571428,219592.6465665372,154616.1676392646,-64976.478927272605,-0.2958955135484673,1,2,3,3,5,5,5,62,58,1,0,0,0,0,4,1,-3,-0.75,0,0,0,0,0,0,,,,,0,2,0,0.3920890968626613,0.0580952215055023,0,0,1,0,5.0,5093.547779183438,11981.152244651932,2465.505034553744,2628.0427446296944,546336.7434444183,533020.47927561,low_value,0,5,0,0,activity_drop,no_recent_complaints,low_digital_engagement
1356,M,Almaty,medium_city,low,employee,medium,19,40,mass,0,75610.2975314457,2025-09-01,1170,41,2,1,2,1,0,0,0,1,0,317,288.0,4,10,11,23,9130.98541588729,28540.20817200388,25351.15245658364,59903.14852054091,2282.7463539718224,2304.6502233257856,3248.8172565859386,0.979967739665801,0,4,11,55,1,5,2,1,0.2281418356836194,0.6923979520805035,0.0794602122358772,6,4,-2,-0.3333333333333333,20975.95032744596,9130.98541588729,-11844.964911558667,-0.5646926468957231,0,3,5,7,19,7,19,5,47,1,3,2,1,1,4,0,-4,-1.0,0,0,0,0,0,0,,,,,0,0,0,,,0,0,0,0,,2211.103657127948,4028.697629800437,3755.753669252645,-1544.6500121246977,147271.6543549544,142837.77910503562,low_value,0,5,4,0,activity_drop,no_recent_complaints,medium_digital_engagement
811,M,South_KZ,medium_city,high,employee,medium,68,43,affluent,0,473528.60727199423,2025-09-01,2640,44,4,0,4,1,1,0,0,1,0,786,,11,21,30,52,160825.91790537525,352102.18932104966,490721.0522135255,803860.0216453366,14620.53799139775,16357.368407117518,61130.81772764445,1.0,0,11,30,19,4,15,3,3,0.8141658678299958,0.0125505159689563,0.1732836162010478,20,11,-9,-0.45,298682.2783290334,160825.91790537525,-137856.36042365816,-0.4615485096567841,1,4,9,6,26,5,26,10,10,2,3,7,0,0,7,1,-6,-0.8571428571428571,0,0,0,0,0,0,,,,,0,2,0,0.2079446074271259,0.0673932706501082,1,0,0,0,43.0,14155.68761009557,27318.38277245943,4838.857239616988,9316.830370478585,894012.4219097164,893650.6429131802,medium_value,0,8,2,0,activity_drop,no_recent_complaints,medium_digital_engagement
2248,F,Karaganda,large_city,high,entrepreneur,medium,30,55,affluent,0,574188.047502215,2025-09-01,1500,56,3,0,3,1,1,0,0,1,0,629,,5,7,18,36,152754.31367641664,192132.24572505293,524586.5165562764,1246167.3548545807,30550.86273528333,29143.695364237574,125313.69745652446,1.0,0,5,18,1,3,5,3,3,0.4913656452165126,0.3629231080892,0.1457112466942871,5,5,0,0.0,142058.9677791858,152754.31367641664,10695.345897230844,0.0752880727238249,2,4,5,13,18,3,18,54,1,1,1,7,1,1,4,2,-2,-0.5,0,0,0,0,0,0,,,,,0,1,0,0.1635754868767189,0.0299348745698263,0,0,0,0,21.0,15252.453150108651,27387.600205303963,4364.776375217246,10887.676774891406,1081542.9030235154,1179855.4425516792,medium_value,0,4,2,0,transaction_active,no_recent_complaints,medium_digital_engagement
1289,M,Astana,large_city,medium,employee,low,49,49,mass,0,537154.2616269069,2025-09-01,2070,50,1,0,1,1,0,0,1,0,0,104,,3,8,13,24,69165.20010283602,185799.97664150383,378398.164857305,699046.6788238984,23055.066700945343,29107.55114286961,60865.01586364296,0.9149213541167276,0,3,13,33,2,4,3,1,0.4169399925369212,0.323058980288186,0.2600010271748928,7,3,-4,-0.5714285714285714,167553.88933206577,69165.20010283602,-98388.68922922974,-0.5872062392669302,2,2,2,5,7,3,7,59,25,1,0,2,0,0,4,2,-2,-0.5,0,0,0,0,0,0,,,,,0,3,1,0.2778370689015136,0.0915347621088017,1,1,2,1,39.0,12049.049778765457,22843.902016200147,3147.108814281881,8901.940964483576,385481.8743863743,358326.4225124403,medium_value,0,3,1,0,activity_drop,no_recent_complaints,low_digital_engagement
663,M,Almaty,medium_city,low,unemployed,high,49,61,mass,0,156772.7464252187,2025-09-01,2070,62,0,1,0,1,0,0,0,1,0,653,237.0,8,12,15,31,25697.412134617924,38848.59968165348,60098.49112987246,110337.08066874184,3212.1765168272404,4006.566075324831,5279.937737844749,0.9049322373164284,1,8,15,27,2,5,2,2,0.7525125061194357,0.2183418127331152,0.029145681147449,8,8,0,0.0,23762.53970101192,25697.412134617924,1934.872433606004,0.0814253214492728,5,15,23,19,50,8,50,19,1,4,2,17,1,1,7,5,-2,-0.2857142857142857,1,1,0,0,1,1,4.153418103584739,3.0,15.0,,0,1,0,0.257871641359932,0.1147376450015452,1,0,0,1,66.0,3045.406178659273,7049.763727382488,2405.2096248676435,640.1965537916294,583267.3525819333,591292.7987584908,low_value,0,7,9,0,digital_active,no_recent_complaints,digital_power_user
508,F,Almaty,large_city,high,employee,medium,33,41,affluent,1,648914.0656545828,2025-09-01,1590,42,2,1,2,1,0,0,0,1,1,361,835.0,3,8,15,36,72005.18415897356,153876.22168798774,291115.5846343593,836767.7251546858,24001.728052991184,19407.70564229062,33628.16594214871,0.9350703035431248,1,3,15,34,1,6,4,1,0.5461746741816071,0.3804924734936196,0.0733328523247732,6,3,-3,-0.5,177920.2646542334,72005.18415897356,-105915.08049525986,-0.5952952054173989,4,6,8,6,23,4,23,16,44,3,2,9,0,0,5,4,-1,-0.2,0,0,0,0,0,0,,,,,0,1,0,0.4104275908971095,0.053484047274978,1,0,0,0,10.0,15482.651211550856,30036.87663130016,4463.906870423665,11018.74434112719,536985.7946378913,481769.1857886159,medium_value,0,4,4,0,transaction_active,no_recent_complaints,medium_digital_engagement
319,M,Shymkent,large_city,premium,unemployed,medium,30,50,premium,0,1352087.7038520952,2025-09-01,1500,51,3,0,3,1,1,0,0,1,0,308,,6,12,19,37,261258.3076544241,650267.652252873,919328.2491598288,2379318.8171608723,43543.05127573735,48385.69732420152,169738.06425930338,0.956515307022514,0,6,19,63,2,4,4,3,0.720735675650805,0.1494986914176465,0.1297656329315483,12,6,-6,-0.5,656905.0857252141,261258.3076544241,-395646.77807079,-0.6022891079218872,3,7,14,8,37,3,10,1,3,3,5,12,1,1,5,3,-2,-0.4,0,0,0,0,0,0,,,,,1,2,0,0.1524784954545144,0.0538298498738049,1,1,0,0,76.0,29065.07820314623,56905.20054604209,3536.1105537887524,25528.96764935748,2829397.8109334754,2707181.279155524,high_value,0,3,4,0,transaction_active,no_recent_complaints,medium_digital_engagement
2019,F,Atyrau,large_city,medium,self_employed,low,71,44,mass,0,412920.7074952388,2025-09-01,2730,45,0,1,0,1,0,0,0,1,0,592,273.0,6,10,16,27,219850.0240105444,359294.5471185988,640784.2124576072,727762.8234729046,36641.67066842407,40049.01327860045,118453.6577565321,0.9636918508560616,1,4,16,65,2,4,3,1,0.7375800512822807,0.2617017889371559,0.0007181597805633,10,6,-4,-0.4,390666.9387263081,219850.0240105444,-170816.9147157637,-0.437244357745445,2,4,8,4,19,7,19,54,56,3,2,4,1,0,8,2,-6,-0.75,0,0,0,0,0,0,,,,,2,2,0,0.2141794854245044,0.0351086696332266,2,1,0,0,47.0,7510.746639411145,15966.663116477534,2892.4576326141523,4618.289006796993,257526.3915254708,233322.1944825572,low_value,0,8,1,0,activity_drop,no_recent_complaints,low_digital_engagement
219,F,Almaty,large_city,high,employee,medium,79,19,affluent,0,1050920.147270744,2025-09-01,2970,20,0,1,0,1,1,0,0,1,0,635,723.0,3,6,9,21,112001.78916455712,259127.0273036453,450058.0003160746,858751.109483723,37333.92972151904,50006.44447956385,156992.22179098663,0.9342797168418429,0,3,9,31,1,2,1,1,0.6157742346145658,0.1941705392315849,0.1900552261538492,9,3,-6,-0.6666666666666666,398771.1876046914,112001.78916455712,-286769.3984401343,-0.7191326940210475,4,8,9,11,22,7,22,27,50,2,1,3,1,1,6,4,-2,-0.3333333333333333,0,0,0,0,0,0,,,,,0,1,0,0.3947044115408303,0.0350294941516053,1,0,1,0,35.0,19828.530675278715,42097.67552352687,3005.8542560793903,16822.676419199324,1401604.6244215064,1244671.7769861943,high_value,0,7,5,0,activity_drop,no_recent_complaints,medium_digital_engagement
2096,M,North_KZ,large_city,medium,employee,medium,39,74,mass,0,298338.14520662744,2025-09-01,1770,75,0,2,0,1,0,0,0,1,0,869,683.0,6,13,15,27,95243.0709468972,168820.60065850164,220298.36281710217,557581.5806301303,15873.845157816198,14686.557521140145,33125.49586995488,0.9410768478992534,0,6,15,53,1,7,2,1,0.5482584398792142,0.4369678791297568,0.014773680991029,7,6,-1,-0.1428571428571428,107242.09450332218,95243.0709468972,-11999.023556424989,-0.1118872548321338,5,6,9,14,18,6,18,70,22,1,1,4,0,1,10,5,-5,-0.5,0,0,0,0,0,0,,,,,0,0,0,,,0,0,0,0,,4898.791632625602,9529.650681968444,2058.43634772323,2840.355284902372,744965.2607095699,805597.4809283114,low_value,0,5,2,0,transaction_active,no_recent_complaints,medium_digital_engagement
49,F,Astana,large_city,low,unemployed,low,75,37,mass,0,120524.18382246804,2025-09-01,2850,38,1,0,1,1,0,0,0,0,1,424,,4,7,13,24,32875.510316543565,60896.30620403375,104863.93370416948,160586.69293979454,8218.877579135891,8066.4564387822675,16285.860052886084,0.9141095906465164,2,4,13,53,1,7,2,2,0.6066971036015802,0.3198476543707964,0.0734552420276233,5,4,-1,-0.2,40355.45731332396,32875.510316543565,-7479.946996780396,-0.1853515607246205,2,2,3,6,4,4,4,38,28,1,1,2,0,0,6,2,-4,-0.6666666666666666,0,0,0,0,0,0,,,,,0,2,0,0.0791539702332363,0.0059902415811168,1,1,0,1,12.0,868.1302929167509,1693.2786844850505,4005.005794315887,-3136.8755013991363,234434.7147690837,255015.876315578,low_value,0,8,1,0,activity_drop,no_recent_complaints,low_digital_engagement
669,M,Almaty,medium_city,low,employee,medium,19,54,mass,1,168830.48312857313,2025-09-01,1170,55,3,0,2,1,0,0,0,1,1,253,,7,18,24,53,77564.12983652607,171542.99289220743,171205.70688454897,450936.59858017525,11080.589976646585,7133.57112018954,23000.74275566434,0.9336305561793798,5,7,16,42,4,12,4,4,0.818805188819983,0.1039489129585867,0.0772458982214302,9,7,-2,-0.2222222222222222,96843.25840847797,77564.12983652607,-19279.12857195188,-0.1990755875915894,2,4,4,11,21,1,21,19,24,3,3,2,0,1,4,2,-2,-0.5,0,0,0,0,0,0,,,,,2,2,0,0.1688130352737848,0.0563481083844248,1,0,0,0,47.0,5975.060244999359,13082.251706041456,3649.172527415832,2325.887717583528,504140.5447038387,531271.5695211055,low_value,0,13,4,0,transaction_active,no_recent_complaints,medium_digital_engagement
2138,F,Aktobe,large_city,high,entrepreneur,medium,36,42,affluent,0,780263.1747363383,2025-09-01,1680,43,3,0,3,1,1,0,1,1,0,291,,7,14,18,39,197403.4469214329,365998.0674712104,475944.288538717,1478358.7315700597,28200.492417347552,26441.349363262056,78882.55525316966,1.0,0,7,1,11,2,3,2,3,0.6263837260936258,0.2315969897223345,0.1420192841840397,14,7,-7,-0.5,404153.83306409896,197403.4469214329,-206750.3861426661,-0.5115635909603644,4,5,7,9,14,1,14,49,27,1,1,1,0,1,13,4,-9,-0.6923076923076923,0,0,0,0,0,0,,,,,2,4,1,0.1279003478849718,0.0607330516585368,1,2,1,0,2.0,16617.117508284668,34384.03616058147,3351.792426480261,13265.325081804407,671468.3574797645,610195.7979144604,medium_value,0,8,6,0,activity_drop,no_recent_complaints,medium_digital_engagement
2311,F,Shymkent,large_city,medium,retired,high,22,35,pensioner,0,389420.298814792,2025-09-01,1260,36,0,0,0,1,1,0,0,1,1,486,,0,6,9,13,0.0,64012.76590340579,101244.02643876016,158507.75847787815,0.0,11249.336270973352,33902.78237753701,0.9412643156499008,1,0,9,53,1,2,2,1,0.5359168408232325,0.3091927756049124,0.154890383571855,12,0,-12,-1.0,89013.77633821992,0.0,-89013.77633821992,-1.0,6,8,9,13,25,2,8,74,45,2,4,2,1,1,14,6,-8,-0.5714285714285714,0,0,0,0,0,0,,,,,2,3,0,0.2761935722380662,0.0374701439995691,1,0,1,0,7.0,4448.285223740652,8716.774378919605,2634.640852679401,1813.6443710612511,462998.1430832186,508955.1446063022,low_value,0,1,6,0,activity_drop,no_recent_complaints,medium_digital_engagement
1937,M,East_KZ,rural,low,retired,low,32,30,pensioner,0,138142.87299492772,2025-09-01,1560,31,3,0,3,1,0,0,0,0,0,895,,6,12,14,35,38914.3732220084,77590.40850841264,93347.59363095489,202281.1237447197,6485.728870334733,6667.68525935392,12601.76601190037,0.9905405506180583,0,6,14,22,1,6,2,2,0.5049032251451947,0.4064842018548328,0.0886125729999724,7,6,-1,-0.1428571428571428,48076.049361294725,38914.3732220084,-9161.676139286326,-0.1905663269133392,0,0,1,1,10,2,10,21,79,0,2,3,0,0,3,0,-3,-1.0,0,0,0,0,0,0,,,,,0,1,0,0.2210421509073227,0.0534358155499489,0,0,1,0,23.0,9126.19144324997,15969.209386723342,4129.406042767236,4996.785400482735,501919.7876282944,485220.7751642032,low_value,0,5,0,0,activity_drop,no_recent_complaints,low_digital_engagement
867,F,Aktobe,small_city,low,employee,medium,65,56,mass,1,166994.81124456407,2025-09-01,2550,57,2,3,2,1,0,0,0,1,1,880,672.0,11,19,26,44,67745.51008987443,104911.45073473798,114431.03013032062,305772.790013466,6158.68273544313,4401.193466550793,6902.425013907513,1.0,0,11,10,56,3,7,3,4,0.5704291894224263,0.3511596555063861,0.0784111550711875,14,11,-3,-0.2142857142857142,85050.81699478635,67745.51008987443,-17305.306904911922,-0.2034702018908618,4,5,9,9,21,6,21,71,15,2,2,5,1,1,5,4,-1,-0.2,0,0,0,0,0,0,,,,,0,2,0,0.4432102165976811,0.0708496072433211,1,0,2,1,55.0,6653.578012450666,14066.532539808422,4284.28017149004,2369.2978409606267,149607.74870544858,136034.67749752352,low_value,0,11,8,0,transaction_active,no_recent_complaints,medium_digital_engagement
2257,F,Astana,medium_city,medium,entrepreneur,medium,65,39,sme_owner,0,353691.0152182327,2025-09-01,2550,40,3,1,2,1,0,0,0,1,0,472,233.0,9,12,19,38,85092.64847584658,136580.9713977759,224144.2936905381,314538.7392837517,9454.738719538507,11797.068088975691,23923.665878253672,0.9429982151402287,0,9,8,43,3,9,3,1,0.6900028285405095,0.283018372621326,0.0269787988381644,11,9,-2,-0.1818181818181818,136643.7904472507,85092.64847584658,-51551.141971404126,-0.377266627357682,5,5,7,14,21,1,17,69,45,3,3,7,0,1,5,5,0,0.0,0,0,0,0,0,0,,,,,0,0,0,,,0,0,0,0,,9108.99471479696,19390.97311134141,4217.300955787037,4891.693759009924,316475.3621576462,289529.9664030966,low_value,0,13,6,0,transaction_active,no_recent_complaints,medium_digital_engagement
169,M,Karaganda,large_city,medium,retired,medium,59,48,pensioner,0,411783.1472947229,2025-09-01,2370,49,1,0,1,1,0,0,0,1,0,596,,3,7,9,26,52953.771352711,115734.8423262499,139156.31720361265,476382.02644239593,17651.257117570334,15461.813022623628,65334.6759564952,0.9640967639558295,0,3,9,29,1,4,1,2,0.5186086819917661,0.4026603837815454,0.0787309342266883,4,3,-1,-0.25,77168.59618104904,52953.771352711,-24214.82482833804,-0.3137911796597472,3,5,7,8,20,8,20,22,22,1,1,6,0,1,6,3,-3,-0.5,0,0,0,0,0,0,,,,,1,3,0,0.1272685175618834,0.014249583402744,0,1,0,0,41.0,11145.431756331089,25010.382364443685,2554.044481426761,8591.387274904328,673755.1497339084,631688.9400004591,medium_value,0,6,6,0,moderate_activity,no_recent_complaints,medium_digital_engagement
1259,F,South_KZ,medium_city,medium,employee,low,50,29,mass,1,268011.4894821782,2025-09-01,2100,30,0,1,0,1,1,0,0,0,1,637,313.0,12,17,22,35,159549.52553366325,203454.39015527564,330180.2107010329,442695.9516887766,13295.793794471936,15008.191395501495,54405.18842962105,0.960026352427466,1,10,1,1,2,4,4,3,0.8539813107415288,0.0805585511508146,0.0654601381076564,14,12,-2,-0.1428571428571428,138770.15718277416,159549.52553366325,20779.368350889068,0.1497394596413158,0,1,2,3,9,3,9,19,52,1,1,1,0,0,2,0,-2,-1.0,0,0,0,0,0,0,,,,,0,0,0,,,0,0,0,0,,5286.794671348626,11102.894442512968,2318.641848184057,2968.1528231645693,286939.9266086096,248972.56988912623,low_value,0,12,1,0,activity_drop,no_recent_complaints,low_digital_engagement
510,M,Atyrau,medium_city,medium,entrepreneur,medium,28,42,sme_owner,0,349285.4338628823,2025-09-01,1440,43,1,0,1,1,0,0,0,1,1,707,,2,4,9,20,60546.67717393967,88759.48253613121,231540.5421504809,492579.808747342,30273.33858696984,25726.72690560899,63076.03416088421,0.9886483914678073,0,2,9,26,2,2,1,1,0.6022885704861402,0.3782448374386671,0.0194665920751926,4,2,-2,-0.5,104768.92993478727,60546.67717393967,-44222.2527608476,-0.4220931987028353,5,12,13,11,28,6,28,64,41,3,3,4,1,1,8,5,-3,-0.375,0,0,0,0,0,0,,,,,0,0,0,,,0,0,0,0,,5950.619302465525,11381.78286744163,3230.3458532524205,2720.2734492131044,1503339.136909717,1441306.8855905205,low_value,0,2,12,1,moderate_activity,no_recent_complaints,medium_digital_engagement
368,F,Karaganda,small_city,low,employee,medium,57,39,mass,1,119100.44738999072,2025-09-01,2310,40,0,0,0,0,0,0,1,1,1,871,,9,18,25,39,43774.23890124234,90634.253529007,127486.07899030688,181270.82573122985,4863.80432236026,5099.443159612275,18442.84081885048,0.9743164408306044,0,9,25,17,3,12,5,2,0.8141854874827849,0.1705925439378718,0.0152219685793432,12,9,-3,-0.25,42311.83770382437,43774.23890124234,1462.4011974179666,0.0345624599823464,1,1,2,9,12,5,12,68,1,1,2,4,1,0,5,1,-4,-0.8,1,1,1,0,0,0,4.691052830304593,4.0,40.0,1.0,1,1,0,0.3962990594132358,0.0286106101390886,0,1,0,0,60.0,543.8318572794112,1115.3976491102285,2146.327067121094,-1602.4952098416827,160062.59565600508,163984.65875597694,low_value,0,10,0,0,activity_drop,complaint_risk,medium_digital_engagement
1628,M,Shymkent,medium_city,medium,unemployed,medium,82,36,mass,0,330273.15195860475,2025-09-01,3060,37,1,1,1,1,1,0,0,1,1,830,99.0,1,3,6,16,9351.076030035409,26414.22526771652,42341.80879673094,98808.03059844472,9351.076030035409,7056.96813278849,25919.448114901952,0.935613792068326,0,1,6,23,0,2,1,1,0.7590214594571817,0.1206018381576609,0.1203767023851576,3,1,-2,-0.6666666666666666,21580.30687878614,9351.076030035409,-12229.230848750734,-0.5666847518638535,4,8,11,14,24,8,11,18,57,2,3,5,0,1,4,4,0,0.0,0,0,0,0,0,0,,,,,0,1,1,0.1646356047164832,0.0497605020189189,0,0,0,0,50.0,7555.372378410636,14143.912729116835,3884.4661702376457,3670.9062081729903,1197028.8338711658,1264783.4401402622,low_value,0,1,5,0,activity_drop,no_recent_complaints,medium_digital_engagement
1421,F,Almaty,large_city,medium,entrepreneur,high,57,26,sme_owner,0,360592.068946488,2025-09-01,2310,27,3,0,3,0,1,0,1,1,0,403,,5,8,13,34,38653.355454277895,45849.19897020793,79737.58243438427,161527.63301171162,7730.671090855579,6133.660187260329,16316.378301672574,0.956264510647541,0,5,13,39,2,6,2,2,0.5703466305094068,0.3203602681354667,0.1092931013551264,15,5,-10,-0.6666666666666666,83510.25580270762,38653.355454277895,-44856.90034842972,-0.5371424134348699,2,6,10,9,33,1,33,66,70,4,5,10,1,1,5,2,-3,-0.6,0,0,0,0,0,0,,,,,0,0,0,,,0,0,0,0,,14182.793103143118,26600.88439302765,4222.910792810067,9959.88231033305,1563938.8738788166,1753920.508932711,medium_value,0,5,4,1,activity_drop,no_recent_complaints,medium_digital_engagement
1881,F,Shymkent,large_city,medium,self_employed,medium,65,56,mass,0,301334.37401896063,2025-09-01,2550,57,1,1,1,1,0,0,0,1,0,69,254.0,1,3,4,9,9289.696956716212,25920.46466310797,36606.23874860362,88398.371123765,9289.696956716212,9151.559687150906,14816.839141120674,1.0,0,1,4,4,1,2,1,0,0.7487735456827888,0.1830236472632548,0.0682028070539565,8,1,-7,-0.875,86419.22542529252,9289.696956716212,-77129.5284685763,-0.8925042788685146,5,8,10,8,21,4,12,38,28,1,2,7,0,1,10,5,-5,-0.5,0,0,0,0,0,0,,,,,0,1,0,0.4078913476341391,0.1339471439619189,0,0,0,0,8.0,7379.189715953327,15269.215866723382,2217.2042873373084,5161.985428616019,354796.47761994216,307547.21004498366,medium_value,0,3,4,0,activity_drop,no_recent_complaints,medium_digital_engagement
1991,M,Shymkent,large_city,medium,retired,high,79,46,pensioner,0,308335.34065219254,2025-09-01,2970,47,1,2,1,0,1,0,0,1,0,30,867.0,4,7,12,23,25619.85264453326,44166.68424581115,82481.64045049324,208615.3692845748,6404.963161133315,6873.470037541104,14499.65676291872,0.9777051251399048,0,4,12,64,2,2,2,1,0.2598348774133002,0.3431407324527186,0.3970243901339812,4,4,0,0.0,28087.790911914864,25619.85264453326,-2467.9382673816035,-0.0878651608850698,2,8,13,13,35,3,35,30,2,5,4,7,1,1,3,2,-1,-0.3333333333333333,0,0,0,0,0,0,,,,,0,0,0,,,0,0,0,0,,6930.580971423184,13815.415908665447,2580.2896092171,4350.291362206084,353519.0439284081,356667.78665637004,low_value,0,5,2,0,moderate_activity,no_recent_complaints,medium_digital_engagement
1058,M,South_KZ,medium_city,medium,employee,high,51,20,mass,1,237840.17711516708,2025-09-01,2130,21,1,2,1,0,0,0,0,1,1,452,23.0,17,19,21,39,279593.92962955154,327090.9969774589,291877.3983308409,651201.9457661795,16446.701742914796,13898.923730040044,43561.22235142429,0.9458411257476882,2,17,21,35,4,10,4,3,0.628881022715317,0.2207749293523882,0.1503440479322947,17,17,0,0.0,294292.12387582625,279593.92962955154,-14698.19424627471,-0.0499442324609287,4,13,16,16,42,8,21,29,68,4,3,7,1,2,7,4,-3,-0.4285714285714285,0,0,0,0,0,0,,,,,1,1,1,0.5661937072895578,0.2375311183562209,0,0,0,0,87.0,6250.420851504571,12931.210541889768,3973.030227506852,2277.39062399772,216206.59682487304,241749.562567837,low_value,0,16,11,0,digital_active,no_recent_complaints,digital_power_user
839,M,Astana,medium_city,medium,employee,high,26,39,mass,1,379911.54762423504,2025-09-01,1380,40,2,0,2,1,1,0,1,1,1,253,,6,13,21,44,65231.08651191085,126153.8130173081,250513.26084679304,649158.4757937134,10871.847751985142,11929.202897466335,26333.710994086072,0.9582571458833103,1,6,21,66,3,6,3,3,0.7017645877116112,0.0791976477916748,0.2190377644967137,10,6,-4,-0.4,139793.21824045785,65231.08651191085,-74562.131728547,-0.5333744559789225,6,10,16,20,44,6,44,70,21,4,3,18,2,1,7,6,-1,-0.1428571428571428,0,0,0,0,0,0,,,,,0,4,0,0.4128497330775551,0.0814911060669707,0,0,1,0,16.0,8891.80367940301,17922.90880081797,3784.6148794557,5107.188799947311,753332.803103488,834440.0150098102,medium_value,0,14,3,0,digital_active,no_recent_complaints,digital_power_user
1848,F,South_KZ,large_city,high,employee,high,58,46,affluent,1,693622.1015536094,2025-09-01,2340,47,5,0,1,1,1,0,0,1,1,547,,10,21,28,61,349456.71677583945,720355.9504468903,920313.4366717788,2475243.9373717974,34945.671677583945,32868.3370239921,45389.65688626237,0.9449821546507186,0,9,28,60,4,8,5,2,0.7422928781757988,0.1174550429003353,0.1402520789238657,14,10,-4,-0.2857142857142857,506730.9662651212,349456.71677583945,-157274.24948928173,-0.310370314742115,3,8,19,8,48,6,29,38,15,7,7,17,1,1,6,3,-3,-0.5,0,0,0,0,0,0,,,,,1,2,1,0.1670404324753991,0.0759616148124398,1,0,0,0,69.0,20060.296243226363,43128.45006103936,4839.878216462741,15220.418026763622,375755.9398935859,335064.1621128847,high_value,0,14,4,0,digital_active,no_recent_complaints,digital_power_user
600,F,Almaty,medium_city,high,retired,medium,82,24,affluent,0,806475.9524271833,2025-09-01,3060,25,3,3,3,1,0,0,1,1,1,844,288.0,3,8,14,28,146415.56608769437,331611.5554932312,590441.8078924089,1282130.6995005994,48805.18869589813,42174.41484945778,187272.0453620038,0.9296840136405748,1,3,14,63,2,4,2,1,0.5711766974487005,0.310349577214367,0.1184737253369323,4,3,-1,-0.25,207849.3456301366,146415.56608769437,-61433.77954244224,-0.2955687897702709,4,7,9,12,16,4,16,44,11,1,2,2,0,1,8,4,-4,-0.5,0,0,0,0,0,0,,,,,0,0,0,,,0,0,0,0,,20963.383179037886,41192.20894226014,3794.9910566714266,17168.39212236646,1289464.7847096722,1125381.9998401462,high_value,0,9,7,0,moderate_activity,no_recent_complaints,medium_digital_engagement
1921,F,Astana,small_city,low,entrepreneur,high,26,37,sme_owner,0,120351.47734187637,2025-09-01,1380,38,1,1,1,1,0,0,0,1,0,506,832.0,4,10,11,18,22419.281684515267,66149.21671794965,71668.04777942805,108472.73568435149,5604.820421128817,6515.277070857095,22411.469266776978,0.9608705933186296,1,4,11,50,2,4,2,1,0.5052106086725487,0.3226363459418935,0.1721530453855578,12,4,-8,-0.6666666666666666,63040.7191056214,22419.281684515267,-40621.43742110614,-0.6443682432151046,5,11,16,16,39,3,39,31,69,3,3,10,1,1,13,5,-8,-0.6153846153846154,0,0,0,0,0,0,,,,,0,1,0,0.0904917658603899,0.0117105925076343,0,0,1,0,86.0,3966.367138486635,7309.786495159803,2904.871302698005,1061.4958357886303,154241.41635587905,171088.69010083226,low_value,0,9,8,0,activity_drop,no_recent_complaints,digital_power_user
1312,F,Almaty,small_city,premium,self_employed,high,58,27,premium,0,1653209.184610446,2025-09-01,2340,28,2,0,1,0,1,0,0,1,1,659,,2,8,12,28,71609.90271024572,286123.96319418383,403053.6055747987,999681.7111161464,35804.95135512286,33587.80046456656,40945.558298805736,0.9229581680532593,1,2,12,67,1,5,1,2,0.4543654062390002,0.4221382921809957,0.123496301580004,2,2,0,0.0,73442.29116557405,71609.90271024572,-1832.388455328328,-0.0249500448072521,8,14,23,22,44,8,27,13,19,5,2,13,1,2,12,8,-4,-0.3333333333333333,0,0,0,0,0,0,,,,,0,3,2,0.349893984102311,0.1041928109116967,3,0,0,1,3.0,31422.246200003312,66031.0204182514,2910.1846098213646,28512.061590181947,6700227.287944936,6278410.5811164845,high_value,1,0,0,0,digital_active,no_recent_complaints,digital_power_user
1337,M,Aktobe,medium_city,medium,employee,high,37,60,mass,0,291143.28505737154,2025-09-01,1710,61,5,0,1,1,1,0,0,1,0,700,,6,14,26,42,21876.098844557164,64373.09650555765,112451.53375374472,231667.98121906785,3646.016474092861,4325.058990528643,7986.87674402761,0.964526073727084,0,6,11,65,3,11,5,2,0.8126450797118646,0.1633670159614204,0.0239879043267151,6,6,0,0.0,32631.062200754,21876.098844557164,-10754.963356196837,-0.3295928060824303,3,5,11,17,32,1,32,15,57,2,5,4,1,1,5,3,-2,-0.4,0,0,0,0,0,0,,,,,0,0,0,,,0,0,0,0,,13017.72901760496,23136.59922501527,5537.147592064474,7480.581425540487,544174.3210636877,607998.5892931792,medium_value,0,9,4,0,transaction_active,no_recent_complaints,medium_digital_engagement
1134,F,Astana,large_city,medium,unemployed,low,65,49,mass,0,299139.3144326869,2025-09-01,2550,50,2,0,2,1,1,0,0,0,0,293,,6,12,15,28,84169.37015704095,139056.68714307962,223177.3226071167,449072.78476350615,14028.228359506824,14878.488173807778,38843.862643393615,0.9507795072712945,0,6,15,38,2,4,3,3,0.598342234169263,0.3850757607656931,0.0165820050650438,7,6,-1,-0.1428571428571428,104759.09228410092,84169.37015704095,-20589.72212705997,-0.1965435331495787,4,5,7,10,13,8,4,9,6,1,1,1,0,0,5,4,-1,-0.2,0,0,0,0,0,0,,,,,2,2,1,0.4373811052594353,0.1414239664896607,2,0,1,0,88.0,9213.589553496851,16393.614238697017,3680.030220813821,5533.559332683032,157360.15061996138,145674.10740196938,medium_value,0,6,2,0,transaction_active,no_recent_complaints,low_digital_engagement
820,M,Astana,large_city,medium,employee,low,27,59,mass,0,333390.6184288646,2025-09-01,1410,60,5,0,3,1,0,0,0,0,0,632,,6,14,24,49,88463.50769237652,182158.44743109145,458637.2142324968,753047.3888878322,14743.91794872942,19109.883926354032,82587.0655029588,0.8833745351284714,0,5,5,17,3,8,5,3,0.7472495463302022,0.2391398754940377,0.0136105781757601,8,6,-2,-0.25,124808.63851984937,88463.50769237652,-36345.13082747284,-0.29120685281486,2,2,3,4,7,3,7,46,27,0,0,2,0,0,4,2,-2,-0.5,0,0,0,0,0,0,,,,,0,0,0,,,0,0,0,0,,14949.336572704078,28880.77034264246,4285.296931056326,10664.039641647752,1090315.4786066154,964528.1411389788,medium_value,0,6,2,0,transaction_active,no_recent_complaints,low_digital_engagement
2174,M,Astana,medium_city,medium,self_employed,medium,38,25,mass,0,381295.3295497526,2025-09-01,1740,26,1,0,1,1,0,0,0,1,0,459,,2,4,8,25,37067.06291123964,73256.80449710524,125760.49843409064,504365.1195045181,18533.53145561982,15720.062304261332,46781.77837149712,0.9775829752581248,1,2,8,6,1,2,2,1,0.5101979679741652,0.3922216349035856,0.0975803971222491,4,2,-2,-0.5,69531.27347009061,37067.06291123964,-32464.210558850973,-0.4669008481890626,2,5,6,9,22,6,15,24,60,3,3,4,1,1,3,2,-1,-0.3333333333333333,0,0,0,0,0,0,,,,,1,3,0,0.4805760762932042,0.1340720171670417,0,0,1,0,72.0,5730.425978748146,10788.628880396338,2579.987981565296,3150.4379971828507,931369.7924190618,988135.4671885512,low_value,0,1,3,0,moderate_activity,no_recent_complaints,medium_digital_engagement
528,F,South_KZ,large_city,medium,self_employed,medium,35,43,mass,0,345670.56704115454,2025-09-01,1650,44,1,3,1,1,0,0,0,1,0,667,315.0,4,6,10,18,76079.57163990126,89089.1076152782,132091.33645931038,253477.7483538905,19019.892909975315,13209.133645931037,28946.04794454294,0.9427303887652252,0,4,7,49,1,4,1,2,0.5653355365450428,0.3857337985692369,0.0489306648857202,6,4,-2,-0.3333333333333333,95170.8616334143,76079.57163990126,-19091.28999351304,-0.200600159185804,5,7,9,13,19,2,19,20,21,3,1,3,1,0,7,5,-2,-0.2857142857142857,1,1,0,0,0,0,3.623747010555151,3.0,82.0,,2,3,0,0.3229511028962295,0.0967199096936772,0,1,1,1,43.0,9925.345645336012,19170.64952164155,2853.7503717340587,7071.5952736019535,572181.4853601408,576089.3070301546,medium_value,0,5,3,0,moderate_activity,no_recent_complaints,medium_digital_engagement
2055,M,Astana,large_city,low,retired,medium,34,35,pensioner,0,177097.85565578466,2025-09-01,1620,36,0,0,0,1,0,0,0,1,1,102,,2,11,13,19,11778.464947392938,85878.99082803763,92381.3803742029,97204.8437021276,5889.232473696469,7106.260028784838,22731.84129626275,0.957945050622376,0,2,13,40,2,3,2,1,0.5625779493577558,0.3895559534599234,0.0478660971823209,4,2,-2,-0.5,28877.52401906484,11778.464947392938,-17099.059071671894,-0.5921234473005081,2,6,13,4,21,6,21,61,5,3,1,6,1,1,7,2,-5,-0.7142857142857143,0,0,0,0,0,0,,,,,0,3,1,0.2469714400473109,0.0918656222210092,1,1,0,1,7.0,5409.99424372456,12654.69450855019,2655.5921316854337,2754.402112039126,284818.4337863996,303490.01886721875,low_value,0,6,2,0,activity_drop,no_recent_complaints,medium_digital_engagement
1367,M,Karaganda,medium_city,low,employee,medium,18,35,mass,0,141715.4644743408,2025-09-01,1140,36,1,0,1,0,0,0,0,1,0,601,,2,10,15,28,23571.740174130045,111692.10223181405,221853.7129521204,381385.25207130506,11785.870087065025,14790.247530141358,37693.2391791806,1.0,0,2,15,1,1,4,2,2,0.5767838312602186,0.0874230643142054,0.3357931044255759,11,2,-9,-0.8181818181818182,142088.99403601713,23571.740174130045,-118517.25386188707,-0.8341057987351574,2,6,12,2,23,2,23,73,5,3,1,8,1,1,8,2,-6,-0.75,0,0,0,0,0,0,,,,,0,1,0,0.3291617945910629,0.1112569364619568,1,0,0,0,74.0,1260.9258500038936,2535.6334248494595,2374.42363833444,-1113.497788330546,162323.60745069452,163938.06024551517,low_value,0,7,6,0,activity_drop,no_recent_complaints,medium_digital_engagement
618,M,Aktobe,small_city,medium,self_employed,high,60,51,mass,0,363639.5312133668,2025-09-01,2400,52,3,0,3,1,0,0,0,1,0,395,,4,9,13,35,83609.75922757552,231711.72215625452,262538.8437137494,632463.8348885083,20902.43980689388,20195.29567028841,60527.9205129,0.9682969238317886,0,4,13,74,1,4,2,2,0.5635444591431849,0.3667713264696922,0.069684214387123,4,4,0,0.0,102605.6158413115,83609.75922757552,-18995.85661373599,-0.1851346679027269,4,8,13,16,39,7,39,20,67,4,3,10,1,1,6,4,-2,-0.3333333333333333,0,0,0,0,0,0,,,,,0,0,0,,,0,0,0,0,,9044.370248313,19319.91533933544,4369.8538309668365,4674.516417346164,1051170.7050755038,1086000.8643148595,low_value,0,4,5,1,moderate_activity,no_recent_complaints,medium_digital_engagement
439,F,Almaty,rural,low,retired,high,59,27,pensioner,0,160295.52080671184,2025-09-01,2370,28,1,1,1,1,0,0,0,1,0,366,880.0,2,3,4,14,18499.484672824045,25269.52376639253,28915.622524418388,114056.11103297467,9249.742336412022,7228.905631104597,11344.843178200104,0.9669370738968236,0,2,4,62,1,1,1,1,0.4515031661257311,0.4347239929629899,0.1137728409112788,12,2,-10,-0.8333333333333334,78483.53637239794,18499.484672824045,-59984.05169957389,-0.7642883395946188,8,13,21,16,41,8,7,48,31,3,3,13,1,2,13,8,-5,-0.3846153846153846,0,0,0,0,0,0,,,,,0,1,0,0.2973706495983839,0.0470402815152059,0,0,1,0,18.0,1774.1204114755324,3669.127116352026,2866.070065637457,-1091.949654161925,182629.1975120351,202484.6930763104,low_value,0,3,8,0,activity_drop,no_recent_complaints,digital_power_user
1969,M,North_KZ,medium_city,medium,employee,medium,63,34,mass,1,210148.38482907845,2025-09-01,2490,35,3,0,3,1,1,0,0,1,1,669,,13,25,37,62,91529.08985866889,186356.28553441644,202905.9535024977,414660.5069557214,7040.699219897607,5483.944689256695,13346.539149221118,0.958025992688072,1,10,37,74,3,17,8,3,0.8195301810967144,0.1178147913816046,0.0626550275216811,14,13,-1,-0.0714285714285714,109849.19405062166,91529.08985866889,-18320.10419195277,-0.1667750441893123,3,3,5,8,20,7,20,52,63,3,3,3,1,0,4,3,-1,-0.25,0,0,0,0,0,0,,,,,1,2,0,0.2719939590413338,0.0644930284528957,0,0,0,0,58.0,6950.3198191139045,13817.474984804856,4357.018177713438,2593.301641400467,490003.5165552878,539756.7535982385,low_value,0,16,2,0,transaction_active,no_recent_complaints,medium_digital_engagement
441,F,North_KZ,large_city,low,employee,medium,55,48,mass,1,187453.64344113803,2025-09-01,2250,49,0,0,0,1,0,0,1,1,1,97,,4,10,15,35,48356.31571936704,128181.95742312192,166845.44668374333,378133.4309129438,12089.07892984176,11123.02977891622,34992.66003997712,0.9419238571283344,0,1,14,57,2,4,3,2,0.6283012938888465,0.3631708373273165,0.0085278687838369,8,4,-4,-0.5,85427.93976847973,48356.31571936704,-37071.624049112696,-0.4339519851418795,3,9,11,7,29,3,29,52,55,1,4,11,0,1,5,3,-2,-0.4,0,0,0,0,0,0,,,,,2,6,1,0.2588159498950874,0.0423269680200633,2,0,1,1,44.0,2925.7937049056573,6519.581116924079,2506.09709704464,419.6966078610171,830252.585607132,794783.3102391888,low_value,0,7,4,0,transaction_active,no_recent_complaints,medium_digital_engagement
1037,M,Almaty,rural,low,employee,high,44,50,mass,1,157778.57155929276,2025-09-01,1920,51,1,0,1,1,0,0,1,1,1,895,,4,8,12,29,40078.14236144201,78362.40969306002,154266.2617933431,398181.5611966996,10019.535590360503,12855.521816111925,41910.55846660487,0.9120880194182104,0,4,12,38,1,6,2,1,0.5561198307700791,0.2031058541462589,0.2407743150836618,9,4,-5,-0.5555555555555556,135945.4426360606,40078.14236144201,-95867.30027461858,-0.7051895114370611,5,12,13,14,36,8,36,23,72,4,1,6,1,2,7,5,-2,-0.2857142857142857,0,0,0,0,0,0,,,,,2,3,0,0.3721523057947616,0.046430574523457,1,1,1,0,79.0,5909.704977993254,11455.123391754752,3110.57081460379,2799.134163389464,167844.43337951877,148662.3294542078,low_value,0,5,7,0,activity_drop,no_recent_complaints,medium_digital_engagement
842,F,East_KZ,large_city,medium,self_employed,low,61,33,mass,0,277719.2684879161,2025-09-01,2430,34,5,3,1,1,1,0,0,0,0,789,618.0,10,16,26,57,132897.38224613073,233000.8999591051,393644.34775912936,896810.5665814271,13289.738224613073,15140.167221504977,25727.18971825836,0.9444865478950594,1,10,4,25,2,11,2,4,0.7615221046333123,0.1525745577587539,0.0859033376079338,10,10,0,0.0,198963.8747154593,132897.38224613073,-66066.49246932857,-0.3320527033553758,4,4,4,5,8,2,8,51,73,1,0,3,0,0,5,4,-1,-0.2,0,0,0,0,0,0,,,,,0,0,0,,,0,0,0,0,,11518.395388513523,23046.73568096881,5094.837565852552,6423.557822660971,538915.796552805,548608.0033800208,medium_value,0,10,2,0,transaction_active,no_recent_complaints,low_digital_engagement
1104,F,Almaty,small_city,premium,self_employed,low,42,53,premium,0,1237296.9084998162,2025-09-01,1860,54,1,0,1,1,0,0,0,0,0,277,,4,4,9,24,130477.44158392832,103153.73857045716,281014.49161746074,708016.0143895905,32619.360395982083,31223.83240194008,123304.6317582181,0.9895969103306426,0,4,9,53,1,2,1,1,0.5814656114454553,0.2578299724022526,0.1607044161522923,6,4,-2,-0.3333333333333333,173722.21059511945,130477.44158392832,-43244.76901119112,-0.248930570610676,0,2,4,5,10,4,10,43,77,2,1,3,0,0,2,0,-2,-1.0,0,0,0,0,0,0,,,,,1,5,2,0.3160839937038484,0.1152018394889664,2,1,0,1,49.0,23006.74532101643,44064.68641407333,2026.7593003712748,20979.98602064516,2708702.9234822327,3003094.4022315955,high_value,0,0,2,0,activity_drop,no_recent_complaints,low_digital_engagement
621,F,Almaty,medium_city,medium,employee,low,38,39,mass,0,269628.13303642254,2025-09-01,1740,40,2,1,2,1,1,0,0,1,0,857,385.0,5,9,11,19,62020.57416950953,94270.01233620638,137874.9254215386,165641.5367465154,12404.114833901906,12534.08412923078,34834.4336549384,1.0,0,5,11,4,1,2,2,1,0.6399211725753647,0.3112364224674819,0.0488424049571534,15,5,-10,-0.6666666666666666,148301.3266755898,62020.57416950953,-86280.75250608029,-0.5817935310506024,1,1,2,1,6,3,6,22,75,0,1,1,0,0,5,1,-4,-0.8,0,0,0,0,0,0,,,,,1,1,0,0.1166374144880352,0.0103426962999555,0,0,0,0,80.0,11440.763685864213,22428.29469615545,3479.678510205363,7961.085175658849,715762.9044702112,811214.899309912,medium_value,0,11,0,0,activity_drop,no_recent_complaints,low_digital_engagement
1431,F,Shymkent,large_city,medium,employee,high,64,22,mass,1,520617.3728402275,2025-09-01,2520,23,1,2,1,1,0,0,0,1,1,214,750.0,2,8,12,33,18767.90712803851,88488.24642203412,138436.70764052763,397604.3075746713,9383.953564019255,11536.392303377304,15205.048440121269,0.8797683294719756,0,2,4,3,2,6,1,1,0.380203253779227,0.578286508537161,0.0415102376836118,5,2,-3,-0.6,56480.77683670344,18767.90712803851,-37712.869708664926,-0.6677115971279917,3,9,14,18,38,2,38,24,52,6,5,12,1,1,12,3,-9,-0.75,0,0,0,0,0,0,,,,,0,1,0,0.1692976312691863,0.0500358146636393,1,0,1,0,80.0,12161.569759389067,21195.79411412289,2885.8224013866843,9275.747358002383,2396471.871798902,2613278.1557569937,medium_value,0,2,7,0,activity_drop,no_recent_complaints,medium_digital_engagement
2145,M,Astana,small_city,high,employee,low,32,31,affluent,1,736415.8555020891,2025-10-01,1590,32,3,1,3,1,1,1,0,1,1,665,135.0,6,15,22,43,170650.1376885447,455537.6304212741,634657.9575149977,1476538.5841575866,28441.689614757448,28848.08897795444,55748.52647435393,1.0,0,2,6,3,2,7,2,1,0.8182297054606181,0.0873848611841989,0.0943854333551828,7,6,-1,-0.1428571428571428,233927.98446095528,170650.1376885447,-63277.84677241059,-0.2705013977623196,1,7,11,3,19,2,19,22,37,2,2,5,1,1,4,1,-3,-0.75,0,0,0,0,0,0,,,,,0,1,0,0.3699632834099367,0.1799952680794678,0,0,0,0,47.0,16150.21128764826,28333.694000759628,3507.9474483238964,12642.263839324363,954118.1482831696,1074117.7721003108,medium_value,0,16,4,0,activity_drop,no_recent_complaints,low_digital_engagement
2296,M,Almaty,rural,medium,entrepreneur,medium,31,19,sme_owner,0,197384.01694432303,2025-10-01,1560,20,4,4,3,1,0,0,0,1,0,18,742.0,3,10,19,39,24952.44016665181,63020.79544247518,153839.05944643472,386990.9056541834,8317.480055550603,8096.792602443933,22014.743161133065,0.9777776022745496,1,3,19,9,3,7,4,2,0.8323073427418505,0.0297341866870026,0.1379584705711468,7,3,-4,-0.5714285714285714,62239.9861192985,24952.44016665181,-37287.545952646695,-0.5990930955732506,1,1,1,4,8,4,8,34,17,1,1,3,0,0,10,1,-9,-0.9,1,1,0,0,0,0,3.610396512867952,3.0,41.0,,1,2,1,0.0,0.0,1,0,0,0,35.0,8927.936815906252,17045.120331858303,3759.9816486384175,5167.9551672678335,442424.23516173376,427179.19702586805,medium_value,0,7,1,0,activity_drop,no_recent_complaints,medium_digital_engagement
1834,M,Shymkent,rural,medium,employee,low,71,30,mass,1,331803.07617840124,2025-10-01,2760,31,0,2,0,1,1,0,0,0,1,426,215.0,7,13,21,42,125619.18110435632,255426.35755092528,286689.1457961737,692926.7354771196,17945.597300622332,13651.86408553208,22838.86735603473,1.0,0,7,21,11,2,11,3,4,0.4419883088126122,0.4663419341919669,0.0916697569954207,8,7,-1,-0.125,117150.33983409611,125619.18110435632,8468.841270260193,0.0722903687881182,1,2,2,2,7,1,3,25,65,1,1,2,0,0,1,1,0,0.0,0,0,0,0,0,0,,,,,1,3,0,0.2705302459138519,0.0366066404175488,1,1,0,1,49.0,8499.648507093068,19364.81288480882,2393.0704796731893,6106.578027419879,387880.0654038602,391595.7190699925,medium_value,0,5,2,0,transaction_active,no_recent_complaints,low_digital_engagement
1356,M,Almaty,medium_city,low,employee,medium,19,40,mass,0,75610.2975314457,2025-10-01,1200,41,1,1,1,1,0,0,1,1,0,313,797.0,3,4,7,24,7320.172630772264,7489.52624776477,14914.65436790924,58042.51443498679,2440.0575435907544,2130.66490970132,4864.382428241815,1.0,0,3,7,63,1,2,1,0,0.5102969261035898,0.2111907693917592,0.278512304504651,4,3,-1,-0.25,7166.75976273469,7320.172630772264,153.4128680375734,0.0214061686335965,3,4,6,7,20,1,20,54,20,3,3,5,0,1,5,3,-2,-0.4,0,2,1,0,0,0,4.469417778002073,4.0,83.0,23.0,1,3,0,0.3692099779637789,0.0776166388947413,1,0,1,2,55.0,1914.8450368495207,3754.8366691400215,3926.9446214682193,-2012.099584618698,232041.4137166157,256125.95551457835,low_value,0,5,3,0,moderate_activity,complaint_risk,medium_digital_engagement
811,M,South_KZ,medium_city,high,employee,medium,68,43,affluent,0,473528.60727199423,2025-10-01,2670,44,1,1,1,1,1,0,0,1,0,829,839.0,4,6,8,22,152732.2088326384,190549.58634859853,226405.8369026281,1026272.658699722,38183.0522081596,28300.729612828512,92098.15687094785,0.959726320036084,0,4,8,55,1,2,1,1,0.6804803180955233,0.0760084940980077,0.2435111878064691,6,4,-2,-0.3333333333333333,178364.82748122228,152732.2088326384,-25632.618648583884,-0.1437089307940065,2,6,10,11,19,6,19,40,59,2,3,6,0,1,5,2,-3,-0.6,0,1,0,0,0,0,4.723887999157864,4.0,77.0,,0,1,0,0.1489440497936411,0.0180010489748049,1,0,0,0,9.0,9176.26933895725,17443.709883512744,3629.312430705001,5546.956908252249,797687.0908327193,835483.4829928802,medium_value,0,2,1,0,activity_drop,no_recent_complaints,medium_digital_engagement
2248,F,Karaganda,large_city,high,entrepreneur,medium,30,55,affluent,0,574188.047502215,2025-10-01,1530,56,3,2,3,1,0,0,0,1,0,870,220.0,5,13,17,28,315837.0464701776,501480.9561361506,1208926.0747069572,1457947.2680249542,63167.40929403552,71113.29851217395,296094.4687410016,0.9528451962223904,0,5,17,72,3,4,2,2,0.5739420119234504,0.2026299268503139,0.2234280612262357,15,5,-10,-0.6666666666666666,774828.6333155746,315837.0464701776,-458991.586845397,-0.5923781944935655,1,4,5,6,17,5,5,10,69,1,2,3,1,1,7,1,-6,-0.8571428571428571,0,0,0,0,0,0,,,,,0,1,0,0.2243298661543808,0.0343340994671119,1,0,1,0,16.0,12996.640447583904,26599.353745543376,4149.408210725385,8847.232236858517,308541.4838593868,306494.9761109044,medium_value,0,20,1,0,activity_drop,no_recent_complaints,medium_digital_engagement
1289,M,Astana,large_city,medium,employee,low,49,49,mass,0,537154.2616269069,2025-10-01,2100,50,0,0,0,1,0,0,0,0,0,378,,5,10,11,26,161801.9950358867,345771.4484496617,234148.2281925261,569620.3416211101,32360.39900717734,21286.20256295692,32942.02779609136,0.9935381217249424,0,5,11,32,2,3,1,1,0.6580681249167503,0.2116084077711364,0.1303234673121133,14,5,-9,-0.6428571428571429,362973.5432321335,161801.9950358867,-201171.5481962468,-0.5542319872817589,1,2,3,6,9,4,8,34,78,1,0,2,0,0,6,1,-5,-0.8333333333333334,0,0,0,0,0,0,,,,,2,3,0,0.2050515071694363,0.0483716902632435,0,0,0,0,26.0,10271.602521291732,19229.10649172155,3046.5952398041413,7225.007281487591,2267915.572970402,2524021.7480171737,medium_value,0,3,1,0,activity_drop,no_recent_complaints,low_digital_engagement
663,M,Almaty,medium_city,low,unemployed,high,49,61,mass,0,156772.7464252187,2025-10-01,2100,62,2,1,1,1,0,0,0,1,0,768,595.0,5,9,10,29,38477.69687674887,133045.62199274043,86810.17566669163,358750.3662722384,7695.539375349775,8681.017566669163,11751.689032148886,1.0,0,5,10,7,2,4,2,1,0.4394159920874455,0.3518538087165382,0.2087301991960163,6,5,-1,-0.1666666666666666,58501.920005444124,38477.69687674887,-20024.22312869525,-0.3422831785150269,3,8,12,16,31,8,31,29,48,3,4,3,1,2,3,3,0,0.0,0,0,0,0,0,0,,,,,2,4,0,0.4416043976729462,0.1015043113514825,1,2,1,0,19.0,4224.149871331822,9599.689875750802,2820.879645745023,1403.2702255867994,195003.1185032189,177876.8585470129,low_value,0,2,7,0,moderate_activity,no_recent_complaints,medium_digital_engagement
508,F,Almaty,large_city,high,employee,medium,33,41,affluent,1,648914.0656545828,2025-10-01,1620,42,4,0,4,1,0,1,0,1,1,882,,8,18,29,54,197589.3490435516,375757.8129665529,586223.2506141262,1331212.1554315698,24698.668630443943,20214.59484876297,24319.94382064139,0.9508071102422924,2,5,29,31,5,8,3,2,0.6361134890530901,0.3086261549368893,0.0552603560100206,8,8,0,0.0,194502.06196056303,197589.3490435516,3087.287082988507,0.0158727730280539,2,5,6,12,21,1,21,31,61,2,3,2,0,1,4,2,-2,-0.5,0,0,0,0,0,0,,,,,1,1,0,0.417254147885484,0.050270832817489,1,0,0,0,21.0,15454.775394434932,29635.557548979643,4909.598803113719,10545.176591321211,550424.6222877576,472752.3244393271,medium_value,0,12,2,0,transaction_active,no_recent_complaints,medium_digital_engagement
319,M,Shymkent,large_city,premium,unemployed,medium,30,50,premium,0,1352087.7038520952,2025-10-01,1530,51,3,0,3,0,0,1,0,1,0,809,,5,15,23,43,220575.38477811383,593769.6559331282,701074.4764418094,1439237.635969726,44115.07695562277,30481.498975730847,126081.38829343273,1.0,0,5,23,30,2,9,5,3,0.7949752969605813,0.0178952139888733,0.1871294890505454,6,5,-1,-0.1666666666666666,206950.69457369173,220575.38477811383,13624.690204422106,0.065835440815931,3,6,12,9,24,3,24,50,33,3,1,3,1,1,5,3,-2,-0.4,0,1,1,0,0,0,4.421006265715361,4.0,79.0,4.0,1,3,1,0.1363192439151899,0.0378029607649865,2,0,1,0,69.0,28833.55986338032,52924.21042141249,3873.437951475421,24960.12191190489,2144007.0379540366,1956834.6733435967,high_value,0,13,4,0,transaction_active,complaint_risk,medium_digital_engagement
2019,F,Atyrau,large_city,medium,self_employed,low,71,44,mass,0,412920.7074952388,2025-10-01,2760,45,0,2,0,0,0,0,0,0,0,244,239.0,3,6,11,21,25460.665084389417,47425.43544431982,92862.2074715206,167179.13890818894,8486.88836146314,8442.018861047327,14085.614419432446,1.0,0,3,11,59,1,3,2,2,0.3646220644704056,0.4363125432122692,0.1990653923173251,5,3,-2,-0.4,42377.71791764414,25460.665084389417,-16917.052833254726,-0.3991968813925027,0,1,2,1,7,4,7,15,58,0,1,1,0,0,4,0,-4,-1.0,0,0,0,0,0,0,,,,,0,0,0,,,0,0,0,0,,5475.098185727107,10744.89528077792,2728.147991105948,2746.9501946211594,799066.3521075223,840242.7769547568,low_value,0,5,1,1,activity_drop,no_recent_complaints,low_digital_engagement
219,F,Almaty,large_city,high,employee,medium,79,19,affluent,0,1050920.147270744,2025-10-01,3000,20,3,1,3,1,0,1,1,1,0,478,835.0,4,14,21,35,161933.27951949876,681878.0255688642,990144.4434511722,1204902.0789800314,40483.31987987469,47149.73540243677,93389.74399013603,0.934689925896856,2,4,21,16,2,7,2,1,0.9440872652574384,0.0268517311381474,0.0290610036044142,7,4,-3,-0.4285714285714285,264107.926790854,161933.27951949876,-102174.6472713552,-0.3868670225572855,3,5,8,6,23,4,23,78,20,1,2,4,1,1,4,3,-1,-0.25,0,0,0,0,0,0,,,,,0,3,0,0.3999743410313902,0.190238138608409,1,2,1,0,81.0,27761.99048454035,49538.79392492919,3144.209674965683,24617.780809574662,2118933.835503689,2058386.898492257,high_value,0,11,3,0,transaction_active,no_recent_complaints,medium_digital_engagement
2096,M,North_KZ,large_city,medium,employee,medium,39,74,mass,0,298338.14520662744,2025-10-01,1800,75,2,2,1,1,0,0,1,1,0,445,441.0,3,6,10,18,42758.37924311397,87909.96917321491,154785.30117476717,276533.7684302414,14252.793081037991,15478.530117476716,64712.0790956795,0.9807459895596644,1,3,10,33,1,5,2,1,0.65001202234714,0.3180492310415448,0.031938746611315,8,3,-5,-0.625,99994.1774084764,42758.37924311397,-57235.79816536243,-0.5723913096615024,1,1,3,6,11,6,10,74,47,2,1,4,0,0,11,1,-10,-0.9090909090909092,0,0,0,0,0,0,,,,,1,2,0,0.2567564068258655,0.0646797879450262,0,1,1,0,4.0,9295.62820421471,20145.079439552235,3307.947643187285,5987.680561027426,538978.5234991052,464376.747720888,medium_value,0,3,0,0,activity_drop,no_recent_complaints,medium_digital_engagement
49,F,Astana,large_city,low,unemployed,low,75,37,mass,0,120524.18382246804,2025-10-01,2880,38,1,0,1,1,0,0,0,0,1,184,,1,4,9,15,5823.350177897541,24637.4816317894,73885.12421495281,65540.37173093024,5823.350177897541,8209.458246105867,24166.59087919052,1.0,0,1,9,36,1,3,1,1,0.3519887617161951,0.6404599724408657,0.0075512658429391,3,1,-2,-0.6666666666666666,17092.825041542637,5823.350177897541,-11269.474863645097,-0.6593102565699708,2,4,5,5,11,2,11,7,57,2,1,3,0,1,3,2,-1,-0.3333333333333333,1,3,2,0,0,1,1.9907222454342373,1.0,80.0,6.0,2,3,2,0.4124467959148866,0.0835212482981671,1,0,2,0,69.0,3109.5733065938884,6278.001586255931,2505.961047902358,603.6122586915303,109900.846177541,117441.40596079212,low_value,0,2,2,0,activity_drop,complaint_risk,low_digital_engagement
669,M,Almaty,medium_city,low,employee,medium,19,54,mass,1,168830.48312857313,2025-10-01,1200,55,7,0,3,0,0,0,1,1,1,561,,11,22,32,63,92222.69035494744,226089.505202982,304440.87358883885,459176.4859340226,8383.880941358859,9513.777299651214,31180.97918827193,0.9616711602200289,0,7,32,11,5,8,4,3,0.7610790692932796,0.1745565953002164,0.064364335406504,17,11,-6,-0.3529411764705882,173985.26801941858,92222.69035494744,-81762.57766447114,-0.4699396598069762,2,2,4,10,17,2,17,59,50,1,1,1,0,1,6,2,-4,-0.6666666666666666,0,1,0,0,0,0,4.070781078801388,3.0,7.0,,0,1,0,0.3131120293815116,0.0320753698149859,1,0,0,0,18.0,14163.90051337031,27229.05310346577,5921.854691758801,8242.04582161151,168689.71316729818,177047.93696262006,medium_value,0,17,2,0,activity_drop,no_recent_complaints,medium_digital_engagement
2138,F,Aktobe,large_city,high,entrepreneur,medium,36,42,affluent,0,780263.1747363383,2025-10-01,1710,43,4,0,3,1,0,0,0,1,0,771,,7,12,16,43,76617.91356791407,157871.06497528544,216984.1984875187,538238.3296680225,10945.416223987724,13561.51240546992,21460.256756212228,1.0,0,7,16,73,3,5,2,3,0.6432345145363252,0.155607229537564,0.2011582559261107,7,7,0,0.0,77166.97555768411,76617.91356791407,-549.061989770038,-0.0071152456838171,4,6,8,7,24,1,24,72,60,2,3,6,0,2,6,4,-2,-0.3333333333333333,0,0,0,0,0,0,,,,,1,1,0,0.5459430536852303,0.039282306013512,0,0,1,0,18.0,21507.52885828598,44031.84289801711,4557.556586034254,16949.972272251725,534249.0170568153,607917.6836789148,high_value,0,3,3,0,transaction_active,no_recent_complaints,medium_digital_engagement
2311,F,Shymkent,large_city,medium,retired,high,22,35,pensioner,0,389420.298814792,2025-10-01,1290,36,3,1,1,1,0,0,1,1,0,84,243.0,5,8,14,29,66754.56459661733,101245.70359155798,252071.0855265073,478483.86683723226,13350.912919323466,18005.077537607667,45638.64917085982,0.956564976062867,2,5,14,22,2,5,1,2,0.8905872621172047,0.0299276837666737,0.0794850541161214,10,5,-5,-0.5,102470.37700760484,66754.56459661733,-35715.812410987506,-0.3485476823056566,1,5,10,11,31,1,13,13,45,2,2,6,1,2,5,1,-4,-0.8,0,1,0,1,0,0,3.3548710996313305,3.0,69.0,,0,1,0,0.1910625363408614,0.0488727163994226,0,1,0,0,15.0,12453.530981283402,26705.59547381587,3813.316098916465,8640.214882366938,698149.7838317744,717460.6958722246,medium_value,0,5,1,0,activity_drop,no_recent_complaints,medium_digital_engagement
1937,M,East_KZ,rural,low,retired,low,32,30,pensioner,0,138142.87299492772,2025-10-01,1590,31,1,0,1,1,0,0,0,0,0,212,,5,11,13,25,15670.13742637081,32112.691492388924,36327.60142876812,85777.20585490676,3134.027485274162,2794.430879136009,4639.4511253316205,0.957593633394524,1,5,13,12,2,3,1,2,0.622593978567924,0.3564816800520107,0.0209243413800653,7,5,-2,-0.2857142857142857,20215.253353868367,15670.13742637081,-4545.115927497558,-0.224835961634278,1,1,1,2,6,6,6,15,15,1,0,1,0,0,3,1,-2,-0.6666666666666666,0,0,0,0,0,0,,,,,2,4,1,0.1702330745962046,0.0601081234422793,2,0,1,0,68.0,4725.13817815465,10492.436568599434,2742.252939174268,1982.8852389803824,210756.2180948461,224714.59034713,low_value,0,8,0,0,activity_drop,no_recent_complaints,low_digital_engagement
867,F,Aktobe,small_city,low,employee,medium,65,56,mass,1,166994.81124456407,2025-10-01,2580,57,1,1,1,1,0,0,0,1,1,61,242.0,6,13,18,32,25623.95565460685,56423.66538635743,77486.20529738496,138404.13312820898,4270.659275767809,4304.789183188053,5481.071181924155,0.9456294526091452,2,6,18,39,2,8,4,3,0.6893109205741543,0.2534118867760542,0.0572771926497915,7,6,-1,-0.1428571428571428,31080.542684179403,25623.95565460685,-5456.587029572551,-0.175562797761252,7,14,15,12,30,5,30,69,53,5,3,6,1,0,10,7,-3,-0.3,0,0,0,0,0,0,,,,,4,5,3,0.4974069198212946,0.0997186719819476,3,1,1,0,16.0,5997.306876054277,12888.953835881744,2988.061826475357,3009.24504957892,271064.1435218546,295302.6803382783,low_value,0,13,2,0,digital_active,no_recent_complaints,medium_digital_engagement
2257,F,Astana,medium_city,medium,entrepreneur,medium,65,39,sme_owner,0,353691.0152182327,2025-10-01,2580,40,2,2,2,1,0,0,0,1,0,126,158.0,6,10,15,26,118507.76907670616,166397.33301005475,312046.83972567733,513341.5301720525,19751.294846117697,20803.12264837849,74457.40486518848,0.9461309604369148,0,6,15,47,2,6,3,2,0.6428983594953395,0.231193781338718,0.1259078591659426,7,6,-1,-0.1428571428571428,132874.9016162589,118507.76907670616,-14367.132539552724,-0.1081252543918702,3,3,6,8,19,5,8,69,21,1,2,6,1,1,4,3,-1,-0.25,0,0,0,0,0,0,,,,,1,1,1,0.3974853836299425,0.194340144038333,1,0,0,0,39.0,10693.220236132882,24772.39554231825,2200.2626330594003,8492.957603073482,1330530.4851833538,1469239.253865903,medium_value,0,9,2,0,transaction_active,no_recent_complaints,medium_digital_engagement
169,M,Karaganda,large_city,medium,retired,medium,59,48,pensioner,0,411783.1472947229,2025-10-01,2400,49,1,0,1,1,1,0,0,1,0,79,,4,9,12,22,55215.82081314297,109226.06121892337,141351.0199988032,285062.854470599,13803.955203285745,11779.251666566934,42795.78291812735,0.935515535300487,1,4,12,61,2,2,1,2,0.4233186591582459,0.2906065428704321,0.2860747979713218,10,4,-6,-0.6,109572.248116062,55215.82081314297,-54356.42730291904,-0.496078416182017,2,3,7,6,25,1,25,3,48,3,4,3,1,1,5,2,-3,-0.6,0,0,0,0,0,0,,,,,0,4,0,0.0775067748243611,0.0183135008036817,2,1,1,0,52.0,8380.808779567511,16725.365508869654,3831.1679137171927,4549.640865850319,457525.53424044006,471322.2125315977,low_value,0,4,2,0,activity_drop,no_recent_complaints,medium_digital_engagement
1259,F,South_KZ,medium_city,medium,employee,low,50,29,mass,1,268011.4894821782,2025-10-01,2130,30,4,1,3,1,0,0,0,0,1,859,704.0,9,20,25,56,142063.264816877,220346.10895535463,292178.2738173849,527782.1635667178,15784.80720187522,11687.130952695396,21512.40753588854,0.9757160533229972,1,9,25,27,4,7,6,2,0.5233597723576426,0.3634219478211285,0.1132182798212287,11,9,-2,-0.1818181818181818,117596.7008823332,142063.264816877,24466.5639345438,0.2080548497616862,3,5,6,5,14,6,14,28,39,2,1,4,0,1,7,3,-4,-0.5714285714285714,0,0,0,0,0,0,,,,,1,2,0,0.1755016620493791,0.0648990860595848,0,2,1,0,30.0,10767.56650244806,19202.80347275223,4275.69217907742,6491.874323370638,338216.9733344544,324079.7112044206,medium_value,0,16,2,0,activity_drop,no_recent_complaints,low_digital_engagement
510,M,Atyrau,medium_city,medium,entrepreneur,medium,28,42,sme_owner,0,349285.4338628823,2025-10-01,1470,43,1,0,1,1,0,0,0,1,0,368,,2,6,7,17,46851.34123136951,125625.40113964835,169900.8903453239,420098.5375200054,23425.67061568476,24271.5557636177,100047.54130993193,1.0,0,2,7,4,1,3,1,1,0.7334898369241205,0.0244449787587848,0.2420651843170946,4,2,-2,-0.5,107832.73989920472,46851.34123136951,-60981.3986678352,-0.5655184012280203,1,5,11,4,23,5,23,12,22,4,2,3,1,1,2,1,-1,-0.5,0,0,0,0,0,0,,,,,0,1,0,0.2177544424426091,0.0774721335336705,1,1,0,1,3.0,8598.435211720911,15412.857471258189,3398.700022172175,5199.735189548735,457918.09752484056,404122.5797585621,medium_value,0,3,2,0,moderate_activity,no_recent_complaints,medium_digital_engagement
368,F,Karaganda,small_city,low,employee,medium,57,39,mass,1,119100.44738999072,2025-10-01,2340,40,5,0,2,1,0,0,1,1,1,437,,9,15,28,56,67055.72568092152,101857.85726013791,163254.65682431616,313200.7987745237,7450.6361867690575,5830.523458011291,24352.083758849,0.9302542826416,1,9,26,11,3,14,5,4,0.7948261667246447,0.17383580289257,0.0313380303827852,10,9,-1,-0.1,69755.16662882292,67055.72568092152,-2699.4409479014,-0.0386987957790353,4,7,10,10,21,7,13,12,78,2,3,5,1,1,8,4,-4,-0.5,0,1,0,0,0,0,4.975616636864984,4.0,8.0,,1,2,0,0.2329316838427984,0.0977074124659753,2,2,0,0,34.0,9379.14904863519,16514.290718113836,4904.377107015356,4474.771941619834,469316.4943853041,461391.3099878923,low_value,0,8,4,0,transaction_active,no_recent_complaints,medium_digital_engagement
1628,M,Shymkent,medium_city,medium,unemployed,medium,82,36,mass,0,330273.15195860475,2025-10-01,3090,37,1,0,1,1,0,0,0,1,0,764,,8,12,16,32,227157.33817894265,492721.90487194055,496646.1030381788,999012.636706962,28394.66727236783,31040.381439886176,57255.242797005645,0.9437287201624408,0,7,16,25,2,7,3,2,0.5231812612924412,0.2719478040613741,0.2048709346461847,10,8,-2,-0.2,300935.03117832675,227157.33817894265,-73777.6929993841,-0.2451615310803256,1,3,4,2,20,7,20,62,28,3,1,6,0,1,1,1,0,0.0,0,0,0,0,0,0,,,,,0,4,1,0.1692241001837896,0.0639764510700247,3,2,2,0,51.0,9786.838745686488,17327.296085766207,2818.446978740062,6968.391766946425,447405.1501071573,504990.22624165984,medium_value,0,6,1,0,transaction_active,no_recent_complaints,medium_digital_engagement
1421,F,Almaty,large_city,medium,entrepreneur,high,57,26,sme_owner,0,360592.068946488,2025-10-01,2340,27,2,1,2,1,0,0,1,1,1,467,411.0,2,10,16,34,31580.640380015968,170459.29275046792,240618.0690236636,516053.131778623,15790.320190007984,15038.629313978974,23378.45058567986,0.982688876061992,0,2,16,26,2,5,1,2,0.6944911470266857,0.1365833912653613,0.1689254617079531,4,2,-2,-0.5,66371.85488154445,31580.640380015968,-34791.214501528484,-0.5241862618367568,8,14,19,17,59,4,21,50,40,7,8,25,1,3,10,8,-2,-0.2,0,0,0,0,0,0,,,,,1,1,0,0.1333016700015682,0.0204041248379718,0,0,1,0,26.0,9106.193863471814,17483.024147221367,3406.1286282041124,5700.065235267701,563420.6320429586,632478.8906458371,medium_value,0,8,8,0,digital_active,no_recent_complaints,digital_power_user
1881,F,Shymkent,large_city,medium,self_employed,medium,65,56,mass,0,301334.37401896063,2025-10-01,2580,57,4,0,3,1,0,0,1,1,1,65,,7,18,27,54,67766.79937275752,209697.4224323053,226387.26724319565,449553.7526059213,9680.97133896536,8384.713601599839,35681.24343559226,0.9474855663248284,0,7,1,1,4,9,4,4,0.6158145619476569,0.342092368656093,0.0420930693962498,9,7,-2,-0.2222222222222222,80886.43275146144,67766.79937275752,-13119.633378703918,-0.162198194832209,3,5,9,11,20,4,20,79,72,3,3,2,1,1,4,3,-1,-0.25,0,0,0,0,0,0,,,,,0,1,0,0.2758580732618835,0.1046176357000378,0,0,0,0,43.0,13304.216665595615,26901.000007854644,5721.534826590549,7582.681839005067,433845.6406281032,488157.5974578233,medium_value,0,11,2,0,transaction_active,no_recent_complaints,medium_digital_engagement
1991,M,Shymkent,large_city,medium,retired,high,79,46,pensioner,0,308335.34065219254,2025-10-01,3000,47,1,0,1,1,1,0,0,1,0,869,,4,5,7,12,39071.04327426693,44908.48857491768,65924.50606487597,104509.6795944975,9767.760818566732,9417.786580696567,22426.846307946187,0.9527370620195804,0,4,7,39,1,3,1,1,0.7298550744495255,0.2549192171919955,0.0152257083584789,8,4,-4,-0.5,77821.22376764829,39071.04327426693,-38750.18049338136,-0.4979384622513546,4,8,12,12,34,6,5,75,3,1,5,9,0,1,11,4,-7,-0.6363636363636364,1,1,0,0,0,0,4.588147200070169,3.0,13.0,,0,0,0,,,0,0,0,0,,5411.907700473104,11980.066325897393,3322.837613519266,2089.070086953838,302415.9339138479,341861.15183856443,low_value,0,4,2,0,activity_drop,no_recent_complaints,medium_digital_engagement
1058,M,South_KZ,medium_city,medium,employee,high,51,20,mass,1,237840.17711516708,2025-10-01,2160,21,1,0,1,1,1,0,0,1,1,128,,5,11,19,29,30781.194924945776,62040.63959952077,110862.42228318308,170948.92336849353,6156.238984989155,5834.864330693847,16845.544280832197,0.9743380761634296,0,5,19,35,2,7,2,2,0.5664202590027202,0.414924384933757,0.0186553560635226,8,5,-3,-0.375,40897.66649215065,30781.194924945776,-10116.471567204875,-0.2473606059931682,2,4,12,8,37,5,37,34,31,2,4,3,1,1,3,2,-1,-0.3333333333333333,0,0,0,0,0,0,,,,,0,1,0,0.2311465630037886,0.0658708294679374,1,0,0,0,9.0,4796.050742638787,8898.22193290452,3764.6142048603706,1031.436537778416,403859.5566887632,392358.03696093085,low_value,0,1,2,0,transaction_active,no_recent_complaints,medium_digital_engagement
839,M,Astana,medium_city,medium,employee,high,26,39,mass,1,379911.54762423504,2025-10-01,1410,40,3,0,2,1,0,0,0,1,1,236,,7,16,25,52,158896.40629814434,276757.8941531116,455022.90532608784,1108904.4241602756,22699.48661402062,18200.916213043514,26817.382512485983,0.9176214917495716,1,7,25,21,5,7,4,4,0.5675138346077819,0.4279657582837034,0.0045204071085147,14,7,-7,-0.5,227702.06876789025,158896.40629814434,-68805.66246974588,-0.3021740770387265,2,10,16,12,38,8,13,22,2,4,3,11,1,2,2,2,0,0.0,0,0,0,0,0,0,,,,,0,1,0,0.0856432750999084,0.0071162665143116,0,1,0,0,81.0,13684.095946245276,26238.24428341773,2747.306177992132,10936.789768253144,388282.4568017412,334758.3683746808,medium_value,0,10,9,0,digital_active,no_recent_complaints,digital_power_user
1848,F,South_KZ,large_city,high,employee,high,58,46,affluent,1,693622.1015536094,2025-10-01,2370,47,4,0,1,1,0,0,0,1,1,146,,10,22,29,57,244499.16962397465,484255.5619422517,665644.6290830635,1482288.5594510268,24449.916962397463,22953.263071829773,99813.72239692116,0.99556373941213,0,10,7,5,5,12,4,5,0.5691897425004356,0.3526328438957891,0.078177413603775,12,10,-2,-0.1666666666666666,236784.12818394267,244499.16962397465,7715.041440031957,0.0325825953758126,6,10,18,17,48,8,2,37,34,4,5,12,1,2,10,6,-4,-0.4,0,0,0,0,0,0,,,,,2,4,1,0.4700590609275077,0.1583570264799791,2,3,2,0,55.0,20388.248428973035,44512.90652992662,4793.626017740576,15594.62241123246,1326559.7910724648,1236655.1153942356,high_value,0,9,7,0,digital_active,no_recent_complaints,digital_power_user
600,F,Almaty,medium_city,high,retired,medium,82,24,affluent,0,806475.9524271833,2025-10-01,3090,25,5,0,5,1,0,0,0,1,0,882,,10,18,29,42,236441.86671542667,472602.98479101015,654402.7798157991,1074378.7502067315,23644.186671542662,22565.61309709652,96986.33233512634,0.978283929289448,1,10,21,18,5,10,6,3,0.8472699443919158,0.097104251747966,0.055625803860118,15,10,-5,-0.3333333333333333,343827.0587918166,236441.86671542667,-107385.19207638993,-0.3123232722105517,2,5,11,6,29,7,29,41,68,3,4,6,1,0,2,2,0,0.0,0,0,0,0,0,0,,,,,1,1,0,0.1978215732495578,0.093051945253981,0,0,0,0,20.0,21866.34855936914,38363.64411912975,6164.501868242734,15701.846691126406,2175761.881442018,2243392.333122537,high_value,0,12,8,0,transaction_active,no_recent_complaints,medium_digital_engagement
1921,F,Astana,small_city,low,entrepreneur,high,26,37,sme_owner,0,120351.47734187637,2025-10-01,1410,38,6,0,4,1,0,0,0,1,0,514,,4,13,19,37,26532.12785919422,107010.74773960454,168894.6941304263,301789.3097084001,6633.031964798555,8889.194427917173,38782.8460413193,0.9645037134740848,0,4,19,28,2,7,3,2,0.5656257404994338,0.2529726163172141,0.181401643183352,6,4,-2,-0.3333333333333333,43527.95549007956,26532.12785919422,-16995.827630885335,-0.3904577515651717,5,8,10,10,28,2,28,27,13,3,3,3,1,0,15,5,-10,-0.6666666666666666,0,0,0,0,0,0,,,,,0,0,0,,,0,0,0,0,,12195.012897985072,21997.343900398475,4942.586972056593,7252.425925928479,343421.0575895249,301419.6480364077,medium_value,0,8,2,0,activity_drop,no_recent_complaints,medium_digital_engagement
1312,F,Almaty,small_city,premium,self_employed,high,58,27,premium,0,1653209.184610446,2025-10-01,2370,28,5,0,5,1,1,0,0,1,0,773,,3,7,14,37,321331.90626730275,532132.882766943,914240.5149199312,3312836.3804317573,107110.63542243424,65302.89392285224,272204.45271724067,0.9916837323492036,0,3,5,5,2,2,2,2,0.5597566759404184,0.4347909248011075,0.0054523992584737,4,3,-1,-0.25,312143.44468783616,321331.90626730275,9188.461579466588,0.0294366636103976,1,4,10,11,34,3,34,4,70,5,5,10,1,1,3,1,-2,-0.6666666666666666,0,0,0,0,0,0,,,,,1,2,1,0.3960963927523246,0.1522437456987094,0,1,0,0,46.0,36986.277304308205,83549.31256096257,4059.624718320518,32926.652585987686,3896187.145068885,3410437.029095654,high_value,0,2,3,0,activity_drop,no_recent_complaints,medium_digital_engagement
1337,M,Aktobe,medium_city,medium,employee,high,37,60,mass,0,291143.28505737154,2025-10-01,1740,61,5,0,2,1,1,0,0,1,1,372,,6,13,23,39,54758.55450527949,115069.56351310348,206934.8836370373,267305.30281092,9126.425750879916,8997.168853784231,14932.238811974008,0.9198247195199462,1,3,23,20,2,5,3,4,0.4946967121946405,0.4785229698087104,0.0267803179966489,8,6,-2,-0.25,87818.38496829593,54758.55450527949,-33059.83046301644,-0.3764568259249092,3,8,14,15,42,6,36,25,10,3,3,16,2,2,4,3,-1,-0.25,0,0,0,0,0,0,,,,,1,3,0,0.3202152692929217,0.077585614816121,3,1,0,0,63.0,13692.04261706867,25386.00104278364,4578.568705428541,9113.473911640129,658337.3895130956,617782.2921545642,medium_value,0,9,7,0,transaction_active,no_recent_complaints,medium_digital_engagement
1134,F,Astana,large_city,medium,unemployed,low,65,49,mass,0,299139.3144326869,2025-10-01,2580,50,1,1,1,1,0,0,0,0,0,493,494.0,1,2,7,8,18515.595063029745,37678.16506612221,97772.90668646796,121508.10716327184,18515.595063029745,13967.55809806685,17825.176142092667,0.9451388765844586,0,1,3,29,1,3,1,1,0.6359518837740303,0.2103524214816655,0.1536956947443041,10,1,-9,-0.9,162861.9346348978,18515.595063029745,-144346.33957186807,-0.8863110947040032,0,0,0,0,1,1,1,258,71,0,0,0,0,0,3,0,-3,-1.0,1,1,0,0,0,0,3.165486653989107,2.0,51.0,,1,1,0,0.3782841123858984,0.0941044856686311,0,0,0,0,66.0,8589.728028337946,19782.18769791099,3079.984896038477,5509.743132299469,520285.0662215304,512651.649004221,medium_value,1,0,0,0,activity_drop,no_recent_complaints,low_digital_engagement
820,M,Astana,large_city,medium,employee,low,27,59,mass,0,333390.6184288646,2025-10-01,1440,60,6,1,2,1,0,0,0,0,1,819,672.0,7,13,26,53,231354.9035724252,393426.8816444346,859178.6945424763,1649120.8163321996,33050.70051034645,33045.33440547986,121576.8060033128,0.9870329462655772,1,7,26,39,2,9,5,2,0.6747064788092095,0.1942978130350547,0.1309957081557357,12,7,-5,-0.4166666666666667,357230.0280729693,231354.9035724252,-125875.12450054416,-0.352364344004229,2,3,6,4,16,4,3,42,9,1,2,6,0,1,5,2,-3,-0.6,0,0,0,0,0,0,,,,,0,0,0,,,0,0,0,0,,11570.079832394307,24529.38788386387,6449.592995514906,5120.486836879401,646453.9815577697,628227.4452670064,medium_value,0,9,3,1,activity_drop,no_recent_complaints,low_digital_engagement
2174,M,Astana,medium_city,medium,self_employed,medium,38,25,mass,0,381295.3295497526,2025-10-01,1770,26,2,1,2,0,1,0,0,1,0,367,399.0,4,7,13,29,71715.28022978803,118046.25304009458,235018.67191455103,652647.8206183614,17928.820057447007,18078.359378042387,26206.00661600363,0.9665183461720802,0,4,12,43,2,5,2,2,0.8093182614986635,0.0219531321308836,0.168728606370453,5,4,-1,-0.2,89759.52867232675,71715.28022978803,-18044.248442538723,-0.2010287788877599,2,4,6,9,18,5,18,29,70,2,3,7,1,1,5,2,-3,-0.6,0,0,0,0,0,0,,,,,2,3,1,0.6726008428834422,0.2236611326343338,1,2,0,0,31.0,10890.948791957877,23869.255828242007,3775.299413267168,7115.6493786907085,1609162.102475845,1730218.7130423842,medium_value,0,4,2,0,activity_drop,no_recent_complaints,medium_digital_engagement
528,F,South_KZ,large_city,medium,self_employed,medium,35,43,mass,0,345670.56704115454,2025-10-01,1680,44,0,1,0,1,0,0,0,1,0,677,776.0,1,4,6,16,12519.154973309269,58563.17320183846,57181.711581586285,163576.0453199771,12519.154973309269,9530.285263597714,38609.06368776741,0.8998302839420397,0,1,6,10,1,1,1,1,0.4448824020720042,0.5158939594774218,0.039223638450574,2,1,-1,-0.5,21847.788999379205,12519.154973309269,-9328.634026069938,-0.4269829787506189,7,10,14,10,34,4,34,36,56,4,2,6,1,1,12,7,-5,-0.4166666666666667,0,0,0,0,0,0,,,,,0,2,1,0.1195735763457328,0.0161193156481516,0,1,2,0,20.0,8647.141266734801,16780.819817563464,2904.188878701424,5742.952388033378,187638.239825053,174266.7439955719,medium_value,0,6,5,0,moderate_activity,no_recent_complaints,medium_digital_engagement
2055,M,Astana,large_city,low,retired,medium,34,35,pensioner,0,177097.85565578466,2025-10-01,1650,36,1,0,1,1,0,0,0,1,0,469,,2,7,8,14,18724.969165532133,71394.09288552476,79977.23887945048,199572.9157001928,9362.484582766068,9997.15485993131,38376.89710505808,0.9788944018883284,0,2,8,5,1,3,1,1,0.5228076514188856,0.2804412676657513,0.1967510809153629,8,2,-6,-0.75,83012.26617184642,18724.969165532133,-64287.297006314286,-0.7744312975775295,1,2,3,4,12,1,12,31,63,1,2,4,0,0,7,1,-6,-0.8571428571428571,1,1,0,0,0,0,3.234834008746591,2.0,5.0,,1,1,0,0.2164182405557235,0.0115189523346909,0,1,0,0,32.0,2834.7456508061123,5648.454443898706,2581.124444944065,253.6212058620472,106463.51693345298,120987.8736717102,low_value,0,4,1,1,activity_drop,no_recent_complaints,medium_digital_engagement
1367,M,Karaganda,medium_city,low,employee,medium,18,35,mass,0,141715.4644743408,2025-10-01,1170,36,1,1,1,0,0,0,0,1,0,820,214.0,3,4,9,22,14462.333696618396,19181.965488081143,40961.61391004337,93585.3486648261,4820.777898872799,4551.290434449264,20241.48419570085,0.9643053396471002,0,3,9,64,1,2,1,1,0.7210920762180814,0.1665373331170937,0.1123705906648248,6,3,-3,-0.5,27663.700158186355,14462.333696618396,-13201.36646156796,-0.4772089917863484,2,7,11,10,36,1,36,56,22,5,1,9,2,2,4,2,-2,-0.5,0,0,0,0,0,0,,,,,0,0,0,,,0,0,0,0,,5500.824045960607,12026.923856311503,2304.610068806318,3196.213977154289,93280.57267750253,103130.9544680991,low_value,0,3,8,1,moderate_activity,no_recent_complaints,medium_digital_engagement
618,M,Aktobe,small_city,medium,self_employed,high,60,51,mass,0,363639.5312133668,2025-10-01,2430,52,2,1,2,1,1,0,0,1,1,559,315.0,3,5,12,25,20222.81254060039,36645.80440313081,76891.91277892246,223216.7319261644,6740.937513533463,6407.659398243538,16562.978214409675,1.0,0,3,12,23,1,5,1,1,0.6667332996572972,0.2074190730838458,0.1258476272588569,6,3,-3,-0.5,39856.97873592549,20222.81254060039,-19634.166195325102,-0.4926155172325605,5,12,16,13,37,8,37,66,78,4,4,7,1,2,8,5,-3,-0.375,0,0,0,0,0,0,,,,,1,3,1,0.3311045877202442,0.0449383260649663,2,1,2,0,62.0,12791.640941379736,28048.100930079312,3331.245873741664,9460.395067638074,423515.3125841922,407290.8504770002,medium_value,0,4,5,0,digital_active,no_recent_complaints,digital_power_user
439,F,Almaty,rural,low,retired,high,59,27,pensioner,0,160295.52080671184,2025-10-01,2400,28,0,1,0,1,0,0,0,1,0,173,555.0,2,6,11,21,15097.783315166018,51019.090155411344,87376.78608057405,253498.1856260856,7548.891657583009,7943.344189143096,22511.3362957418,0.9686269557194672,0,2,11,52,2,2,1,1,0.6510420987400878,0.2964903420559889,0.0524675592039234,3,2,-1,-0.3333333333333333,28132.411593770023,15097.783315166018,-13034.628278604005,-0.4633313512834622,2,8,12,9,31,8,31,14,61,1,3,10,1,0,2,2,0,0.0,0,0,0,0,0,0,,,,,0,1,0,0.0771262797778471,0.0276753260892718,0,0,0,0,6.0,3222.3974226625523,6301.688568056253,3217.3101636366355,5.087259025916865,228401.575877092,205612.21064386363,low_value,0,0,6,0,moderate_activity,no_recent_complaints,medium_digital_engagement
1969,M,North_KZ,medium_city,medium,employee,medium,63,34,mass,1,210148.38482907845,2025-10-01,2520,35,2,1,2,0,0,0,0,1,1,505,850.0,9,13,25,45,53549.54475914619,55485.65021630256,124563.56875646386,199590.8013211316,5949.94941768291,4982.542750258554,6142.489448387937,0.9731966913483112,0,9,25,8,3,5,2,3,0.5017509419317993,0.1640641598308868,0.3341848982373139,12,9,-3,-0.25,53215.74341696936,53549.54475914619,333.8013421768337,0.0062726050740539,4,5,9,16,33,8,33,47,26,1,3,5,1,1,7,4,-3,-0.4285714285714285,0,0,0,0,0,0,,,,,2,3,0,0.5227668559487654,0.2283231390452774,3,0,1,1,87.0,6734.705960786766,14499.937537318116,3684.860423707168,3049.845537079598,604460.6227599003,516297.0022695063,low_value,0,12,4,0,transaction_active,no_recent_complaints,medium_digital_engagement
441,F,North_KZ,large_city,low,employee,medium,55,48,mass,1,187453.64344113803,2025-10-01,2280,49,0,1,0,0,0,0,1,1,1,18,412.0,3,12,18,27,24390.570682886955,108620.21049995664,128133.5754793273,236778.0902305756,8130.190227628985,7118.5319710737385,27171.463499845268,0.8974738160766997,0,3,18,56,2,5,2,3,0.740806969033769,0.1203169451805219,0.138876085785709,3,3,0,0.0,23959.18875864096,24390.570682886955,431.38192424599765,0.0180048635449068,6,8,10,12,31,4,31,73,50,5,4,8,1,2,7,6,-1,-0.1428571428571428,0,0,0,0,0,0,,,,,0,0,0,,,0,0,0,0,,2837.6862470371825,5512.854063683188,2214.705784562466,622.9804624747167,172844.20180352018,155283.54208528282,low_value,0,6,5,0,transaction_active,no_recent_complaints,medium_digital_engagement
1037,M,Almaty,rural,low,employee,high,44,50,mass,1,157778.57155929276,2025-10-01,1950,51,3,1,2,1,0,0,1,1,1,897,228.0,7,11,17,30,24016.946083594787,46452.97294902127,60840.31174156051,94440.49665724112,3430.992297656398,3578.8418671506183,11662.447337643694,0.951675645185972,1,7,17,6,1,6,2,1,0.9295446209189796,0.0380159647994702,0.0324394142815501,15,7,-8,-0.5333333333333333,41927.02934749272,24016.946083594787,-17910.083263897937,-0.4271727222899224,6,7,12,12,30,6,16,26,6,2,3,12,1,1,11,6,-5,-0.4545454545454545,0,0,0,0,0,0,,,,,0,2,0,0.1339610145111521,0.0363480925391792,1,0,0,0,87.0,8099.183371586919,17156.985619249834,3818.84647975224,4280.336891834679,334990.65153357043,343916.4946143575,low_value,0,7,2,0,activity_drop,no_recent_complaints,medium_digital_engagement
842,F,East_KZ,large_city,medium,self_employed,low,61,33,mass,0,277719.2684879161,2025-10-01,2460,34,2,0,1,1,0,0,1,0,1,194,,11,15,26,41,163670.97413862124,233996.50202766087,378325.73434457823,581622.9818238963,14879.179467147384,14550.98978248378,25366.97717939361,0.9646301637529148,0,9,26,28,3,5,6,4,0.6679474583086237,0.2320553920580961,0.0999971496332802,13,11,-2,-0.1538461538461538,193223.8758337599,163670.97413862124,-29552.90169513866,-0.1529464284246346,2,2,3,5,5,1,5,60,13,0,1,1,0,0,4,2,-2,-0.5,0,2,1,0,0,0,1.82541727174881,1.0,13.0,45.0,0,1,0,0.1638658281219387,0.0673278172580037,1,1,0,0,52.0,7687.221463408658,13832.496651893352,2869.024975440216,4818.196487968442,560773.2971959767,615453.1434000297,low_value,0,6,2,0,transaction_active,complaint_risk,low_digital_engagement
1104,F,Almaty,small_city,premium,self_employed,low,42,53,premium,0,1237296.9084998162,2025-10-01,1890,54,7,0,2,1,0,0,0,0,0,102,,5,11,23,62,196655.8702086704,409711.2154961046,788496.1361513223,1793031.023190225,39331.17404173408,34282.440702231404,77881.09820161728,1.0,0,5,23,48,4,7,2,3,0.8696096928175512,0.1292334833738711,0.0011568238085777,6,5,-1,-0.1666666666666666,213025.8383250848,196655.8702086704,-16369.968116414411,-0.0768449885944505,1,1,2,4,12,2,12,71,26,1,2,4,0,0,2,1,-1,-0.5,0,0,0,0,0,0,,,,,1,3,0,0.3287243407982737,0.1410605445367683,1,0,0,1,52.0,31916.37334934652,72626.80683291791,5785.577872558591,26130.795476787927,3057600.558333383,2821545.666599669,high_value,0,9,0,1,transaction_active,no_recent_complaints,low_digital_engagement
621,F,Almaty,medium_city,medium,employee,low,38,39,mass,0,269628.13303642254,2025-10-01,1770,40,2,0,2,1,1,0,0,0,0,565,,5,7,10,20,73768.12622837492,70256.80330899855,153904.4725603312,221130.7479144307,14753.625245674984,15390.44725603312,48287.0174966229,0.9230488534301156,2,5,10,63,1,2,1,1,0.4499602920438221,0.3184997862622774,0.2315399216939005,7,5,-2,-0.2857142857142857,95971.92831489412,73768.12622837492,-22203.80208651921,-0.2313572570269315,0,2,2,6,10,8,10,66,32,0,1,3,0,1,2,0,-2,-1.0,0,0,0,0,0,0,,,,,1,1,0,0.3511822042975827,0.138457946098351,0,0,0,0,88.0,10213.835854851795,21082.643830370456,3111.7368439428656,7102.099010908932,470340.78710015886,424845.0161144971,medium_value,0,7,0,0,activity_drop,no_recent_complaints,low_digital_engagement
1431,F,Shymkent,large_city,medium,employee,high,64,22,mass,1,520617.3728402275,2025-10-01,2550,23,2,1,2,1,1,0,0,1,1,816,697.0,8,14,20,43,211334.59603676223,427843.4205299584,572865.6804815682,884129.90890754,26416.824504595283,28643.28402407841,70079.57027040885,0.9622202426608022,3,1,20,1,3,8,3,2,0.6176013481981837,0.2002987928914139,0.1820998589104023,10,8,-2,-0.2,238245.9339526824,211334.59603676223,-26911.33791592016,-0.1129561267612859,7,16,19,12,40,7,40,32,43,1,7,3,2,2,7,7,0,0.0,0,0,0,0,0,0,,,,,1,2,0,0.2792037019436441,0.1038719971333713,1,1,2,0,12.0,13038.565272728729,26687.89388272148,3433.1253425380896,9605.439930190638,186540.3568611298,195721.3126184233,medium_value,0,9,10,0,digital_active,no_recent_complaints,digital_power_user
